paper_folder,table,column,n_distinct,n_matched,match_rate,looks_like_row_index,registered,column_rejected,tier,species_code_overlap_rate
Kochiyama_etal_2018,Kochiyama_etal_2018_FossilSpecimensText.csv,Specimen,8,8,1,FALSE,FALSE,FALSE,A_register_now,0
deSousa_etal_2009,deSousa_etal_2009_Table1.csv,code,9,9,1,FALSE,FALSE,FALSE,A_register_now,0
deSousa_etal_2009,deSousa_etal_2009_Table1.csv,archive_number,9,9,1,FALSE,FALSE,FALSE,A_register_now,0
Barger_etal_2007,Barger_etal_2007_Table1.csv,specimen,12,12,1,FALSE,TRUE,FALSE,A_register_now,0
Smaers_etal_2010,Smaers_etal_2010_Table1_Stephan_specimen_data_via_Frahm.csv,catalogue_number,16,16,1,FALSE,TRUE,FALSE,A_register_now,0.125
Smaers_etal_2011,Smaers_etal_2011_SupplementaryTable2.csv,catalogue_number,26,25,0.9615384615384616,FALSE,TRUE,FALSE,A_register_now,0.076923077
Smaers_etal_2011,Smaers_etal_2011_SupplementaryTable1.csv,catalogue_number,26,25,0.9615384615384616,FALSE,TRUE,FALSE,A_register_now,0.076923077
Smaers_etal_2010,Smaers_etal_2010_Table1.csv,catalogue_number,18,17,0.9444444444444444,FALSE,TRUE,FALSE,A_register_now,0.1111111111111111
Matano_etal_1985_b,Matano_etal_1985_b_Table1.csv,code,48,43,0.8958333333333334,FALSE,FALSE,FALSE,A_register_now,0
MacLeod__2000,MacLeod__2000_APPENDIXI.csv,primary_identifier,44,38,0.8636363636363636,FALSE,FALSE,FALSE,A_register_now,0
deSousa_etal_2010,deSousa_etal_2010_Table1.csv,code,29,24,0.8275862068965517,FALSE,TRUE,FALSE,A_register_now,0
Matano_etal_1985_a,Matano_etal_1985_a_Table1.csv,code,56,43,0.7678571428571429,FALSE,FALSE,FALSE,A_register_now,0.017857142857142856
Stephan_etal_1984,Stephan_etal_1984_Table1.csv,code,53,36,0.6792452830188679,FALSE,FALSE,FALSE,B_review_then_register,0
MacLeod__2000,MacLeod__2000_APPENDIXI.csv,identifier_raw,47,29,0.6170212765957447,FALSE,FALSE,FALSE,B_review_then_register,0
MacLeod__2000,MacLeod__2000_APPENDIXI.csv,alternate_identifiers,47,29,0.6170212765957447,FALSE,FALSE,FALSE,B_review_then_register,0
Collins_etal_2010,Collins_etal_2010_DatasetS1.csv,specimen,5,3,0.6,FALSE,TRUE,FALSE,B_review_then_register,0
Baron_etal_1983,Baron_etal_1983_Table1.csv,code_Baron1983,76,41,0.5394736842105263,FALSE,FALSE,FALSE,B_review_then_register,0
Young_etal_2013_b,Young_etal_2013_b_Table1.csv,case,4,2,0.5,FALSE,TRUE,FALSE,B_review_then_register,0
Bauernfeind_etal_2013,Bauernfeind_etal_2013_Table1.csv,Individual,43,21,0.4883720930232558,FALSE,FALSE,FALSE,B_review_then_register,0
Ebinger__1974,Ebinger__1974_Tables3-4.csv,individual,10,4,0.4,FALSE,FALSE,FALSE,C_rejected_series_code_collision,0
Turner_etal_2016,Turner_etal_2016_Table1.csv,case_number,5,2,0.4,FALSE,TRUE,FALSE,B_review_then_register,0
Turner_etal_2016,Turner_etal_2016_Table1.csv,case,6,2,0.3333333333333333,FALSE,TRUE,FALSE,C_rejected_low_match_rate,0
Bauernfeind_etal_2013,Bauernfeind_etal_2013_Table2.csv,Individual,15,4,0.26666666666666666,FALSE,FALSE,FALSE,C_rejected_low_match_rate,0
Seymour_etal_2017,Seymour_etal_2017_TableS1.csv,Specimen,30,1,0.033333333,FALSE,FALSE,FALSE,C_rejected_low_match_rate,0
Schleifenbaum__1973,Schleifenbaum__1973_Tables1-2.csv,individual_printed,33,1,0.030303030303030304,FALSE,FALSE,FALSE,C_rejected_low_match_rate,0.2727272727272727
DeCasien_Higham_2019,DeCasien_Higham_2019_references_braindata.csv,ref_number,18,4,0.2222222222222222,FALSE,FALSE,TRUE,C_rejected_non_identifier_column,0.2222222222222222
Iwaniuk_etal_1999,Iwaniuk_etal_1999_References.csv,ref_number,69,12,0.17391304347826086,TRUE,FALSE,TRUE,C_rejected_non_identifier_column,0.36231884057971014
Baker_etal_2025,Baker_etal_2025_references.csv,ref_number,43,7,0.16279069767441862,TRUE,FALSE,TRUE,C_rejected_non_identifier_column,0.4418604651162791
Capellini_etal_2008,Capellini_etal_2008_sleep-dataFemale.csv,search_id,40,6,0.15,FALSE,FALSE,TRUE,C_rejected_non_identifier_column,0.225
Capellini_etal_2008,sleep-data_Female.csv,search_id,40,6,0.15,FALSE,FALSE,TRUE,C_rejected_non_identifier_column,0.225
Capellini_etal_2008,sleep-data_Male.csv,search_id,89,12,0.1348314606741573,FALSE,FALSE,TRUE,C_rejected_non_identifier_column,0.30337078651685395
Capellini_etal_2008,Capellini_etal_2008_sleep-dataMale.csv,search_id,89,12,0.1348314606741573,FALSE,FALSE,TRUE,C_rejected_non_identifier_column,0.30337078651685395
Capellini_etal_2008,Capellini_etal_2008_sleep-dataMixed.csv,search_id,54,7,0.12962962962962962,FALSE,FALSE,TRUE,C_rejected_non_identifier_column,0.25925925925925924
Capellini_etal_2008,sleep-data_Mixed.csv,search_id,54,7,0.12962962962962962,FALSE,FALSE,TRUE,C_rejected_non_identifier_column,0.25925925925925924
Kochiyama_etal_2018,Kochiyama_etal_2018_FossilSpecimensText_dateReferences.csv,Ref_number,12,1,0.083333333,FALSE,FALSE,TRUE,C_rejected_non_identifier_column,0.25
Powell_etal_2017,Powell_etal_2017_Dataset1.csv,%animal prey,118,8,0.06779661,FALSE,FALSE,TRUE,C_rejected_non_identifier_column,0.1440677966101695
Genoud_etal_2018,Genoud_etal_2018_TableS2.csv,No,1739,109,0.062679701,TRUE,FALSE,TRUE,C_rejected_non_identifier_column,0.043703278
Jacobs_etal_2018,Jacobs_etal_2018_Table5.csv,dendritic_spine_number_M1,52,3,0.057692307692307696,FALSE,FALSE,TRUE,C_rejected_non_identifier_column,0
Wilman_etal_2014,Wilman_etal_2014_MamFuncDat.csv,MSW3_ID,5400,159,0.029444444444444443,FALSE,FALSE,TRUE,C_rejected_non_identifier_column,0.013888888888888888
BarbeitoAndrés_etal_2019,BarbeitoAndrés_etal_2019_tidy.tsv,specimen,23,6,0.2608695652173913,TRUE,FALSE,FALSE,C_rejected_row_index_like,
BarbeitoAndrés_etal_2019,BarbeitoAndrés_etal_2019_volumes.tsv,specimen,23,6,0.2608695652173913,TRUE,FALSE,FALSE,C_rejected_row_index_like,
Collins_etal_2010,Collins_etal_2010_DatasetS1.csv,piece_id,155,29,0.1870967741935484,TRUE,TRUE,FALSE,C_rejected_row_index_like,0.3032258064516129
Barger_etal_2014,Barger_etal_2014_Table1.csv,case_index,20,6,0.3,TRUE,FALSE,TRUE,C_rejected_species_code_column,0.7
BarbeitoAndrés_etal_2019,BarbeitoAndrés_etal_2019_tidy.csv,specimen,23,6,0.2608695652173913,TRUE,FALSE,FALSE,C_rejected_species_code_column,0.7391304347826086
BarbeitoAndrés_etal_2019,BarbeitoAndrés_etal_2019_volumes.csv,specimen,23,6,0.2608695652173913,TRUE,FALSE,FALSE,C_rejected_species_code_column,0.7391304347826086
Schleifenbaum__1973,Schleifenbaum__1973_Tables1-2.csv,individual,33,6,0.18181818181818182,TRUE,FALSE,FALSE,C_rejected_species_code_column,0.5757575757575758