ref_key,cited_in_column,citation,note
Anderson (2004),References,"Anderson, M. D. (2004). Aardwolf adaptations: a review. Transactions of the Royal Society of South Africa 59, 99–104.",
Arlettaz et al. (2000),References,"Arlettaz, R., Ruchet, C., Aeschimann, J., Brun, E., Genoud, M. & Vogel, P. (2000). Physiological traits affecting the distribution and wintering strategy of the bat Tadarida teniotis. Ecology 81, 1004–1014.",
"Armitage, Woods & Salsbury (2000)",References,"Armitage, K. B., Woods, B. C. & Salsbury, C. M. (2000). Energetics of hibernation in woodchucks (Marmota monax). In Life in the Cold. 11th International Hibernation Symposium (eds G. Heldmaier and M. Klingenspor), pp. 73–80. Springer, Berlin, Heidelberg, New York.",
Arnold (1976),References,"Arnold, J. M. (1976). Growth and bioenergetics of the Chuditch, Dasyurus geoffroii. PhD Thesis: University of Western Australia.",
Arnold (1993),References,"Arnold, W. (1993). Energetics of social hibernation. In Life in the Cold: Ecological, Physiological, and Molecular Mechanisms (eds C. Carey, G. L. Florant, B. A. Wunder and B. Horwitz), pp. 65–80. Westview Press, Boulder.",
Arnold et al. (2011),References,"Arnold, W., Ruf, T., Frey-Roos, F. & Bruns, U. (2011). Diet-independent remodeling of cellular membranes precedes seasonally changing body temperature in a hibernator. PLoS ONE 6, e18641.",
Audet & Thomas (1997),References,"Audet, D. & Thomas, D. W. (1997). Facultative hypothermia as a thermoregulatory strategy in the phyllostomid bats, Carollia perspicillata and Sturnira lilium. Journal of Comparative Physiology B: Biochemical Systemic and Environmental Physiology 167, 146–152.",
Augee & Ealey (1968),References,"Augee, M. L. & Ealey, E. H. M. (1968). Torpor in the Echidna, Tachyglossus aculeatus. Journal of Mammalogy 49, 446–454.",
Bakko & Nahornia (1986),References,"Bakko, E. B. & Nahornia, J. (1986). Torpor patterns in captive white-tailed prairie dogs (Cynomys leucurus). Journal of Mammalogy 67, 576–578.",
Barnes & Ritter (1993),References,"Barnes, B. M. & Ritter, D. (1993). Patterns of body temperature change in hibernating arctic ground squirrels. In Life in the Cold: Ecological, Physiological, and Molecular Mechanisms (eds C. Carey, G. L. Florant, B. A. Wunder and B. Horwitz), pp. 119–130. Westview Press, Boulder.",
Barnes (1989),References,"Barnes, B. M. (1989). Freeze avoidance in a mammal: body temperatures below 0°C in an arctic hibernator. Science 244, 1593–1595.",
"Bartels, Law & Geiser (1998)",References,"Bartels, W., Law, B. S. & Geiser, F. (1998). Daily torpor and energetics in a tropical mammal, the northern blossom-bat Macroglossus minimus (Megachiroptera). Journal of Comparative Physiology B 168, 233–239.",
Bartholomew & Cade (1957),References,"Bartholomew, G. A. & Cade, T. J. (1957). Temperature regulation, hibernation, and aestivation in the Little Pocket Mouse, Perognathus longimembris. Journal of Mammalogy 38, 60–72.",
Bartholomew & MacMillen (1961),References,"Bartholomew, G. A. & MacMillen, R. E. (1961). Oxygen consumption, estivation, and hibernation in the Kangaroo Mouse, Microdipodops pallidus. Physiological Zoology 34, 177–183.",
"Bartholomew, Dawson & Lasiewski (1970)",References,"Bartholomew, G. A., Dawson, W. R. & Lasiewski, R. C. (1970). Thermoregulation and heterothermy in some of the smaller flying foxes (Megachiroptera) of New Guinea. Zeitschrift für vergleichende Physiologie 70, 196–209.",
"Bartholomew, Howell & Cade (1957)",References,"Bartholomew, G. A., Howell, T. R. & Cade, T. J. (1957). Torpidity in the white-throated swift, Anna hummingbird, and poor-will. The Condor 59, 145–155.",
"Bartholomew, Vleck & Bucher (1983)",References,"Bartholomew, G. A., Vleck, C. M. & Bucher, T. L. (1983). Energy metabolism and nocturnal hypothermia in two tropical passerine frugivores, Manacus vitellinus and Pipra mentalis. Physiological Zoology 56, 370–379.",
Baxter (1996),References,"Baxter, R. M. (1996). Evidence for spontaneous torpor in Crocidura flavescens. Acta Theriologica 41, 327–330.",
Bech et al. (1997),References,"Bech, C., Abe, A. S., Steffensen, J. F., Berger, M. & Bicudo, J. E. P. W. (1997). Torpor in three species of brazilian hummingbirds under semi-natural conditions. The Condor 99, 780–788.",
Bech et al. (2006),References,"Bech, C., Steffensen, J. F., Berger, M., Abe, A. S. & Bicudo, J. E. P. W. (2006). Metabolic aspects of torpor in hummingbirds. Acta Zoologica Sinica 52 (Suppl.), 397–400.",
Bickler (1984),References,"Bickler, P. E. (1984). CO2 balance of a heterothermic rodent: comparison of sleep, torpor, and awake states. American Journal of Physiology - Regulatory, Integrative and Comparative Physiology 246, R49–R55.",
Bieber & Ruf (2009),References,"Bieber, C. & Ruf, T. (2009). Summer dormancy in edible dormice (Glis glis) without energetic constraints. Naturwissenschaften 96, 165–171.",
Blanco & Rahalinarivo (2010),References,"Blanco, M. B. & Rahalinarivo, V. (2010). First direct evidence of hibernation in an eastern dwarf lemur species (Cheirogaleus crossleyi) from the high-altitude forest of Tsinjoarivo, central-eastern Madagascar. Naturwissenschaften 97, 945–950.",
Bozinovic & Marquet (1991),References,"Bozinovic, F. & Marquet, P. A. (1991). Energetics and torpor in the Atacama desert-dwelling rodent Phyllotis darwini rupestris. Journal of Mammalogy 72, 734–738.",
Bozinovic & Rosenmann (1988),References,"Bozinovic, F. & Rosenmann, M. (1988). Daily torpor in Calomys musculinus, a south-american rodent. Journal of Mammalogy 69, 150–152.",
"Bozinovic, Ruiz & Rosenmann (2004)",References,"Bozinovic, F., Ruiz, G. & Rosenmann, M. (2004). Energetics and torpor of a South American ""living fossil"", the microbiotheriid Dromiciops gliroides. Journal of Comparative Physiology B: Biochemical, Systemic, and Environmental Physiology 174, 293–297.",
Brack & Twente (1985),References,"Brack, V. & Twente, J. W. (1985). The duration of the period of hibernation of 3 species of vespertilionid bats. 1. Field studies. Canadian Journal of Zoology 63, 2952–2954.",
Brigham (1992),References,"Brigham, R. M. (1992). Daily torpor in a free-ranging goatsucker, the common poorwill (Phalaenoptilus nuttallii). Physiological Zoology 65, 457–472.",
Brigham et al. (2000),References,"Brigham, R. M., Körtner, G., Maddocks, T. A. & Geiser, F. (2000). Seasonal use of torpor by free-ranging Australian owlet-nightjars (Aegotheles cristatus). Physiological and Biochemical Zoology 73, 613–620.",
Brown & Bartholomew (1969),References,"Brown, J. H. & Bartholomew, G. A. (1969). Periodicity and energetics of torpor in the Kangaroo Mouse, Microdipodops pallidus. Ecology 50, 705–709.",
Brown & Bernard (1994),References,"Brown, C. R. & Bernard, R. T. F. (1994). Thermal preference of Schreiber's long-fingered (Miniopterus schreibersii) and Cape horseshoe (Rhinolophus capensis) bats. Comparative Biochemistry and Physiology Part A: Physiology 107, 439–449.",
Bucher & Chappell (1992),References,"Bucher, T. L. & Chappell, M. A. (1992). Ventilatory and metabolic dynamics during entry into and arousal from torpor in Selasphorus hummingbirds. Physiological Zoology 65, 978–993.",
Buck & Barnes (2000),References,"Buck, C. L. & Barnes, B. M. (2000). Effects of ambient temperature on metabolic rate, respiratory quotient, and torpor in an arctic hibernator. American Journal of Physiology - Regulatory, Integrative and Comparative Physiology 279, R255–R262.",
Buffenstein (1985),References,"Buffenstein, R. (1985). The effect of starvation, food restriction, and water deprivation on thermoregulation and average daily metabolic rates in Gerbillus pusillus. Physiological Zoology 58, 320–328.",
C. Bieber & T. Ruf (unpublished data),References,"Bieber, C. & Ruf, T. (unpublished data). Cited in Ruf & Geiser (2015).",not a published work; cited as such in the printed table
C. Siutz (personal communication),References,"Siutz, C. (personal communication). Cited in Ruf & Geiser (2015).",not a published work; cited as such in the printed table
Calder & Booser (1973),References,"Calder, W. A. & Booser, J. (1973). Hypothermia of broad-tailed hummingbirds during incubation in nature with ecological correlations. Science 180, 751–753.",
Carpenter (1974),References,"Carpenter, F. L. (1974). Torpor in an Andean hummingbird: its ecological significance. Science 183, 545–547.",
Caviedes-Vidal et al. (1990),References,"Caviedes-Vidal, E., Codella, E. C., Roig, V. & Doña, R. (1990). Facultative torpor in the south american rodent Calomys venustus (Rodentia: Cricetidae). Journal of Mammalogy 71, 72–75.",
Coburn & Geiser (1998),References,"Coburn, D. K. & Geiser, F. (1998). Seasonal changes in energetics and torpor patterns in the subtropical blossom-bat Syconycteris australis (Megachiroptera). Oecologia 113, 467–473.",
"Collins, Wooller & Richardson (1987)",References,"Collins, B. G., Wooller, R. D. & Richardson, K. C. (1987). Torpor by the honey possum, Tarsipes rostratus (Marsupialia: Tarsipedidae), in response to food intake and low environmental temperature. Australian Mammalogy 11, 51–57.",
Cooper & Withers (2004),References,"Cooper, C. E. & Withers, P. C. (2004). Patterns of body temperature variation and torpor in the numbat, Myrmecobius fasciatus (Marsupialia: Myrmecobiidae). Journal of Thermal Biology 29, 277–284.",
Cooper & Withers (2010),References,"Cooper, C. E. & Withers, P. C. (2010). Comparative physiology of Australian quolls (Dasyurus; Marsupialia). Journal of Comparative Physiology B: Biochemical Systemic and Environmental Physiology 180, 857–868.",
Cooper et al. (2008),References,"Cooper, C. E., Körtner, G., Brigham, M. & Geiser, F. (2008). Body temperature and activity patterns of free-ranging laughing Kookaburras: the largest kingfisher is heterothermic. The Condor 110, 110–115.",
"Cooper, Withers & Cruz-Neto (2009)",References,"Cooper, C. E., Withers, P. C. & Cruz-Neto, A. P. (2009). Metabolic, ventilatory, and hygric physiology of the gracile mouse opossum (Gracilinanus agilis). Physiological and Biochemical Zoology 82, 153–162.",
Cory Toussaint & McKechnie (2012),References,"Cory Toussaint, D. & McKechnie, A. E. (2012). Interspecific variation in thermoregulation among three sympatric bats inhabiting a hot, semi-arid environment. Journal of Comparative Physiology B: Biochemical, Systemic, and Environmental Physiology 182, 1129–1140.",
"Cory Toussaint, McKechnie & van der Merwe (2010)",References,"Cory Toussaint, D., McKechnie, A. E. & van der Merwe, M. (2010). Heterothermy in free-ranging male Egyptian Free-tailed bats (Tadarida aegyptiaca) in a subtropical climate. Mammalian Biology 75, 466–470.",
Cranford (1983),References,"Cranford, J. A. (1983). Body temperature, heart rate and oxygen consumption of normothermic and heterothermic Western jumping mice (Zapus princeps). Comparative Biochemistry and Physiology 74, 595–599.",
Cranford (1986),References,"Cranford, J. A. (1986). Field and laboratory annual cycles of activity and hibernation in the Uinta Basin ground squirrel (Spermophilus armatus). In Living in the Cold: Physiological and Biochemical Adaptations (eds H. C. Heller, X. J. Musacchia and L. C. H. Wang), pp. 411–418. Elsevier, New York.",
Cryan & Wolf (2003),References,"Cryan, P. M. & Wolf, B. O. (2003). Sex differences in the thermoregulation and evaporative water loss of a heterothermic bat, Lasiurus cinereus, during its spring migration. The Journal of Experimental Biology 206, 3381–3390.",
"Dausmann et al. (2004, 2005, 2009)",References,"Dausmann, K. H., Glos, J., Ganzhorn, J. U. & Heldmaier, G. (2004). Hibernation in a tropical primate. Nature 429, 825–826. | Dausmann, K. H., Glos, J., Ganzhorn, J. U. & Heldmaier, G. (2005). Hibernation in the tropics: lessons from a primate. Journal of Comparative Physiology B 175, 147–155. | Dausmann, K. H., Glos, J. & Heldmaier, G. (2009). Energetics of tropical hibernation. Journal of Comparative Physiology B: Biochemical Systemic and Environmental Physiology 179, 345–357.",ref_key covers more than one work; entries separated by ' | '
Dausmann et al. (2012),References,"Dausmann, K. H., Nowack, J., Kobbe, S. & Mzilikazi, N. (2012). Afrotropical heterothermy: a continuum of possibilities. In Living in a Seasonal World. Thermoregulatory and Metabolic Adaptations (eds T. Ruf, C. Bieber, W. Arnold and E. Millesi), pp. 13–27. Springer, Berlin, Heidelberg, New York.",
"Dausmann, Ganzhorn & Heldmaier (2000)",References,"Dausmann, K. H., Ganzhorn, J. U. & Heldmaier, G. (2000). Body temperature and metabolic rate of a hibernating primate in Madagascar: preliminary results from a field study. In Life in the Cold IV (eds G. Heldmaier and M. Klingenspor), pp. 41–47. Springer, Berlin, Heidelberg, New York.",
Dawson & Fisher (1969),References,"Dawson, W. R. & Fisher, C. D. (1969). Responses to temperature by the Spotted Nightjar (Eurostopodus guttatus). The Condor 71, 49–53.",
Dawson & Wolfers (1978),References,"Dawson, T. J. & Wolfers, J. M. (1978). Metabolism, thermoregulation and torpor in shrew sized marsupials of the genus planigale. Comparative Biochemistry and Physiology Part A: Physiology 59, 305–309.",
Deavers & Hudson (1981),References,"Deavers, D. R. & Hudson, J. W. (1981). Temperature regulation in two rodents (Clethrionomys gapperi and Peromyscus leucopus) and a shrew (Blarina brevicauda) inhabiting the same environment. Physiological Zoology 54, 94–108.",
Doucette et al. (2012),References,"Doucette, L. I., Brigham, R. M., Pavey, C. R. & Geiser, F. (2012). Prey availability affects daily torpor by free-ranging Australian owlet-nightjars (Aegotheles cristatus). Oecologia 169, 361–372.",
Downs & Brown (2002),References,"Downs, C. T. & Brown, M. (2002). Nocturnal heterothermy and torpor in the malachite sunbird (Nectarinia famosa). The Auk 119, 251–260.",
"Dryden, Gębczyński & Douglas (1974)",References,"Dryden, G. L., Gębczyński, M. & Douglas, E. L. (1974). Oxygen consumption by nursling and adult musk shrews. Acta Theriologica 19, 453–461.",
Dunbar & Tomasi (2006),References,"Dunbar, M. B. & Tomasi, T. E. (2006). Arousal patterns, metabolic rate, and an energy budget of eastern red bats (Lasiurus borealis) in winter. Journal of Mammalogy 87, 1096–1102.",
"Ehrhardt, Heldmaier & Exner (2005)",References,"Ehrhardt, N., Heldmaier, G. & Exner, C. (2005). Adaptive mechanisms during food restriction in Acomys russatus: the use of torpor for desert survival. Journal of Comparative Physiology B 175, 193–200.",
Eisentraut (1933),References,"Eisentraut, M. (1933). Winterstarre, Winterschlaf und Winterruhe. Eine kurze biologischphysiologische Studie. Mitteilungen aus dem Zoologischen Museum in Berlin 19, 48–63.",
Eisentraut (1956),References,"Eisentraut, M. (1956). Der Winterschlaf mit seinen ökologischen und physiologischen Begleiterscheinungen. VEB G. Fischer, Jena.",
El Ouezzani et al. (2011),References,"El Ouezzani, S., Janati, I. A., Magoul, R., Pevet, P. & Saboureau, M. (2011). Overwinter body temperature patterns in captive jerboas (Jaculus orientalis): influence of sex and group. Journal of Comparative Physiology B: Biochemical Systemic and Environmental Physiology 181, 299–309.",
Ellison (1995),References,"Ellison, G. T. H. (1995). Thermoregulatory responses of cold-acclimated fat mice (Steatomys pratensis). Journal of Mammalogy 76, 240–247.",
F. Lachiver cited in Kayser (1961),References,"Kayser, C. (1961). The Physiology of Natural Hibernation. Pergamon Press, Oxford.",printed as 'F. Lachiver cited in Kayser (1961)'; the traceable work is Kayser (1961)
Fleming (1980),References,"Fleming, M. R. (1980). Thermoregulation and torpor in the sugar glider, Petaurus breviceps (Marsupialia, Petauridae). Australian Journal of Zoology 28, 521–534.",
Fleming (1985),References,"Fleming, M. R. (1985). The thermal physiology of the feathertail glider, Acrobates pygmaeus (Marsupialia, Burramyidae). Australian Journal of Zoology 33, 667–681.",
Florant & Heller (1977),References,"Florant, G. L. & Heller, H. C. (1977). CNS regulation of body temperature in euthermic and hibernating marmots (Marmota flaviventris). American Journal of Physiology - Regulatory, Integrative and Comparative Physiology 232, R203–R208.",
"Florant, Hill & Ogilvie (2000)",References,"Florant, G. L., Hill, V. & Ogilvie, M. D. (2000). Circadian rhythms of body temperature in laboratory and field marmots (Marmota flaviventris). In Life in the Cold IV (eds G. Heldmaier and M. Klingenspor), pp. 223–231. Springer, Berlin, Heidelberg, New York.",
Fowler & Racey (1988),References,"Fowler, P. A. & Racey, P. A. (1988). Overwintering strategies of the badger, Meles meles, at 57°N. Journal of Zoology (London) 214, 635–651.",
Franco et al. (2012),References,"Franco, M., Contreras, C., Cortes, P., Chappell, M. A., Soto-Gamboa, M. & Nespolo, R. F. (2012). Aerobic power, huddling and the efficiency of torpor in the South American marsupial, Dromiciops gliroides. Biology Open 1, 1178–1184.",
French (1977),References,"French, A. R. (1977). Periodicity of recurrent hypothermia during hibernation in the pocket mouse, Perognathus longimembris. Journal of Comparative Physiology 115, 87–100.",
French (1985),References,"French, A. R. (1985). Allometries of the durations of torpid and euthermic intervals during mammalian hibernation: a test of the theory of metabolic control of the timing of changes in body temperature. Journal of Comparative Physiology B: Biochemical, Systemic, and Environmental Physiology 156, 13–19.",
"Frey (1979, 1980)",References,"Frey, H. (1979). La température corporelle de Suncus etruscus (Soricidae, Insectivora) au cours de l'activité, du repos normothermique et de la torpeur. Revue Suisse de Zoologie 86, 653–662. | Frey, H. (1980). Le métabolisme énergétique de Suncus etruscus (Soricidae, Insectivora) en torpeur. Revue Suisse de Zoologie 87, 739–748.",ref_key covers more than one work; entries separated by ' | '
Geiser & Baudinette (1987),References,"Geiser, F. & Baudinette, R. V. (1987). Seasonality of torpor and thermoregulation in three dasyurid marsupials. Journal of Comparative Physiology B 157, 335–344.",
Geiser & Baudinette (1988),References,"Geiser, F. & Baudinette, R. V. (1988). Daily torpor and thermoregulation in the small dasyurid marsupials Planigale gilesi and Ningaui yvonneae. Australian Journal of Zoology 36, 473–481.",
Geiser & Brigham (2000),References,"Geiser, F. & Brigham, R. M. (2000). Torpor, thermal biology, and energetics in Australian long-eared bats (Nyctophilus). Journal of Comparative Physiology B: Biochemical Systemic and Environmental Physiology 170, 153–162.",
Geiser & Broome (1991),References,"Geiser, F. & Broome, L. S. (1991). Hibernation in the mountain pygmy possum Burramys parvus (Marsupialia). Journal of Zoology (London) 223, 593–602.",
Geiser & Ferguson (2001),References,"Geiser, F. & Ferguson, C. (2001). Intraspecific differences in behaviour and physiology: effects of captive breeding on patterns of torpor in feathertail gliders. Journal of Comparative Physiology B: Biochemical Systemic and Environmental Physiology 171, 569–576.",
Geiser & Masters (1994),References,"Geiser, F. & Masters, P. (1994). Torpor in relation to reproduction in the mulgara, Dasycercus cristicauda (Dasyuridae, Marsupialia). Journal of Thermal Biology 19, 33–40.",
Geiser & Mzilikazi (2011),References,"Geiser, F. & Mzilikazi, N. (2011). Does torpor of elephant shrews differ from that of other heterothermic mammals? Journal of Mammalogy 92, 452–459.",
Geiser & Pavey (2007),References,"Geiser, F. & Pavey, C. R. (2007). Basking and torpor in a rock-dwelling desert marsupial: survival strategies in a resource-poor environment. Journal of Comparative Physiology B: Biochemical Systemic and Environmental Physiology 177, 885–892.",
Geiser (1986),References,"Geiser, F. (1986). Thermoregulation and torpor in the Kultarr, Antechinomys laniger (Marsupialia: Dasyuridae). Journal of Comparative Physiology B 156, 751–757.",
Geiser (1987),References,"Geiser, F. (1987). Hibernation and daily torpor in two pygmy possums (Cercartetus spp., Marsupialia). Physiological Zoology 60, 93–102.",
Geiser (1988),References,"Geiser, F. (1988). Daily torpor and thermoregulation in Antechinus (Marsupialia): influence of body mass, season, development, reproduction, and sex. Oecologia 77, 395–399.",
Geiser (1991),References,"Geiser, F. (1991). The effect of unsaturated and saturated dietary lipids on the pattern of daily torpor and the fatty-acid composition of tissues and membranes of the deer mouse Peromyscus maniculatus. Journal of Comparative Physiology B: Biochemical Systemic and Environmental Physiology 161, 590–597.",
Geiser (1993),References,"Geiser, F. (1993). Hibernation in the eastern pygmy possum, Cercartetus nanus (Marsupialia, Burramyidae). Australian Journal of Zoology 41, 67–75.",
Geiser et al. (1984),References,"Geiser, F., Augee, M. L., McCarron, H. C. K. & Raison, J. K. (1984). Correlates of torpor in the insectivorous dasyurid marsupial Sminthopsis murina. Australian Mammalogy 7, 185–191.",
Geiser et al. (1990),References,"Geiser, F., Hiebert, S. & Kenagy, G. J. (1990). Torpor bout duration during the hibernation season of two sciurid rodents: interrelations with temperature and metabolism. Physiological Zoology 63, 489–503.",
"Geiser, Hiebert & Kenagy (1990)",References,"Geiser, F., Hiebert, S. & Kenagy, G. J. (1990). Torpor bout duration during the hibernation season of two sciurid rodents: interrelations with temperature and metabolism. Physiological Zoology 63, 489–503.",
Goldman (1989),References,"Goldman, B. G. (1989). Effect of photoperiod on the hibernation cycle of the Turkish hamster. In Living in the Cold: 2nd International Symposium (eds A. Malan and B. Canguilhem), pp. 5–15. Colloque INSERM/John Libbey Eurotext, Montrouge.",
Grant & Temple-Smith (1987),References,"Grant, T. R. & Temple-Smith, P. D. (1987). Observations on torpor in the small marsupial Dromiciops australis (Marsupialia: Microbiotheriidae) from southern Chile. In Possums and Opossums: Studies in Evolution (ed. M. Archer), pp. 273–277. Surrey Beatty and The Royal Zoological Society of NSW, Sydney.",
Grigg et al. (1989),References,"Grigg, G. C., Beard, L. A. & Augee, M. L. (1989). Hibernation in a monotreme, the echidna (Tachyglossus aculeatus). Comparative Biochemistry and Physiology Part A: Physiology 92, 609–612.",
Hainsworth & Wolf (1970),References,"Hainsworth, F. R. & Wolf, L. L. (1970). Regulation of oxygen consumption and body temperature during torpor in a hummingbird, Eulampis jugularis. Science 168, 368–369.",
Hall (1982),References,"Hall, L. S. (1982). The effect of cave microclimate on winter roosting behavior in the bat, Miniopterus schreibersii blepotis. Australian Journal of Ecology 7, 129–136.",
Hallam & Mzilikazi (2011),References,"Hallam, S. L. & Mzilikazi, N. (2011). Heterothermy in the southern African hedgehog, Atelerix frontalis. Journal of Comparative Physiology B: Biochemical, Systemic, and Environmental Physiology 181, 437–445.",
Hammel et al. (1968),References,"Hammel, H. T., Dawson, T. J., Abrams, R. M. & Andersen, H. J. (1968). Total calorimetric measurements on Citellus lateralis in hibernation. Physiological Zoology 41, 341–357.",
Harlow & Menkens (1986),References,"Harlow, H. J. & Menkens, G. E. (1986). A comparison of hibernation in the black-tailed prairie dog, white-tailed prairie dog, and Wyoming ground squirrel. Canadian Journal of Zoology 64, 793–796.",
Harlow (1981),References,"Harlow, H. J. (1981). Torpor and other physiological adaptations of the badger (Taxidea taxus) to cold environment. Physiological Zoology 54, 267–275.",
Harmata (1987),References,"Harmata, W. (1987). The frequency of winter sleep interruptions in two species of bats hibernating in limestone tunnels. Acta Theriologica 32, 331–332.",
Healy et al. (2012),References,"Healy, J. E., Burdett, K. A., Buck, C. L. & Florant, G. L. (2012). Sex differences in torpor patterns during natural hibernation in golden-mantled ground squirrels (Callospermophilus lateralis). Journal of Mammalogy 93, 751–758.",
Herreid & Schmidt-Nielsen (1966),References,"Herreid, C. F. II & Schmidt-Nielsen, K. (1966). Oxygen consumption temperature and water loss in bats from different environments. American Journal of Physiology 211, 1108–1112.",
Herreid (1963),References,"Herreid, C. F. II (1963). Metabolism of the Mexican free-tailed bat. Journal of Cellular and Comparative Physiology 61, 201–207.",
"Hiebert (1990, 1993)",References,"Hiebert, S. M. (1990). Energy costs and temporal organization of torpor in the rufous hummingbird (Selasphorus rufus). Physiological Zoology 63, 1082–1097. | Hiebert, S. M. (1993). Seasonality of daily torpor in a migratory hummingbird. In Life in the Cold: Ecological, Physiological and Molecular Mechanisms (eds C. Carey, G. L. Florant, B. A. Wunder and B. Horwitz), pp. 25–32. Westview, Boulder.",ref_key covers more than one work; entries separated by ' | '
Hildwein (1970),References,"Hildwein, G. (1970). Capacités thermorégulatrices d'un mammifère insectivore primitif, le tenrec: leurs variations saisonnières. Archives des Sciences Physiologiques 24, 55–71.",
Hill (1975),References,"Hill, R. W. (1975). Daily torpor in Peromyscus leucopus on an adequate diet. Comparative Biochemistry and Physiology Part A: Physiology 51, 413–423.",
Hissa (1997),References,"Hissa, R. (1997). Physiology of the European brown bear (Ursus arctos arctos). Annales Zoologici Fennici 34, 267–287.",
Hock (1951),References,"Hock, R. J. (1951). The metabolic rates and body temperatures of bats. The Biological Bulletin 101, 289–299.",
Hock (1960),References,"Hock, R. J. (1960). Seasonal variations in physiologic functions of arctic ground squirrels and black bears. Bulletin of the Museum of Comparative Zoology 124, 155–171.",
Hoffmann & Prinzinger (1984),References,"Hoffmann, R. & Prinzinger, R. (1984). Torpor und Nahrungsausnutzung bei 4 Mausvogelarten (Coliiformes). Journal für Ornithologie 125, 225–237.",
Hope & Jones (2012),References,"Hope, P. R. & Jones, G. (2012). Warming up for dinner: torpor and arousal in hibernating Natterer's bats (Myotis nattereri) studied by radio telemetry. Journal of Comparative Physiology B: Biochemical, Systemic, and Environmental Physiology 182, 569–578.",
Hosken & Withers (1997),References,"Hosken, D. J. & Withers, P. C. (1997). Temperature regulation and metabolism of an Australian bat, Chalinolobus gouldii (Chiroptera: Vespertilionidae) when euthermic and torpid. Journal of Comparative Physiology B 167, 71–80.",
Hudson & Deavers (1973),References,"Hudson, J. W. & Deavers, D. R. (1973). Thermoregulation at high ambient temperatures of six species of ground squirrels (Spermophilus spp.) from different habitats. Physiological Zoology 46, 95–109.",
Hudson & Scott (1979),References,"Hudson, J. W. & Scott, I. M. (1979). Daily torpor in the laboratory mouse Mus musculus var. albino. Physiological Zoology 52, 205–218.",
Hudson (1965),References,"Hudson, J. W. (1965). Temperature regulation and torpidity in the pygmy mouse, Baiomys taylori. Physiological Zoology 38, 243–254.",
"Hwang, Larivière & Messier (2007)",References,"Hwang, Y. T., Larivière, S. & Messier, F. (2007). Energetic consequences and ecological significance of heterothermy and social thermoregulation in striped skunks (Mephitis mephitis). Physiological and Biochemical Zoology 80, 138–145.",
Jacobs et al. (2007),References,"Jacobs, D. S., Kelly, E. J., Mason, M. & Stoffberg, S. (2007). Thermoregulation in two free-ranging subtropical insectivorous bat species: Scotophilus species (Vespertilionidae). Canadian Journal of Zoology-Revue Canadienne De Zoologie 85, 883–890.",
Johnson (2012),References,"Johnson, J. S. (2012). Foraging and roosting behaviors of Rafinesque's big-eared bat (Corynorhinus rafinesquii) at the northern edge of the species' range. Doctoral Dissertation Thesis: University of Kentucky.",
Jonasson & Willis (2012),References,"Jonasson, K. A. & Willis, C. K. R. (2012). Hibernation energetics of free-ranging little brown bats. The Journal of Experimental Biology 215, 2141–2149.",
Karpovich et al. (2009),References,"Karpovich, S. A., Tøien, Ø., Buck, C. L. & Barnes, B. M. (2009). Energetics of arousal episodes in hibernating arctic ground squirrels. Journal of Comparative Physiology B: Biochemical, Systemic, and Environmental Physiology 179, 691–700.",
"Kart Gür, Refinetti & Gür (2009)",References,"Kart Gür, M., Refinetti, R. & Gür, H. (2009). Daily rhythmicity and hibernation in the Anatolian ground squirrel under natural and laboratory conditions. Journal of Comparative Physiology B 179, 155–164.",
"Kayser (1939, 1961)",References,"Kayser, C. (1939). Exchanges respiratoires des hibernants réveillés. Annales de Physiologie et de Physicochimie Biologique 15, 1087–1219. | Kayser, C. (1961). The Physiology of Natural Hibernation. Pergamon Press, Oxford.",ref_key covers more than one work; entries separated by ' | '
"Kayser (1939, 1964)",References,"Kayser, C. (1939). Exchanges respiratoires des hibernants réveillés. Annales de Physiologie et de Physicochimie Biologique 15, 1087–1219. | Kayser, C. (1964). La dépense d'énergie des mammifères en hibernation. Archives des Sciences Physiologiques 18, 137–150.",ref_key covers more than one work; entries separated by ' | '
Kayser (1964),References,"Kayser, C. (1964). La dépense d'énergie des mammifères en hibernation. Archives des Sciences Physiologiques 18, 137–150.",
Kelm & von Helversen (2007),References,"Kelm, D. H. & von Helversen, O. (2007). How to budget metabolic energy: torpor in a small Neotropical mammal. Journal of Comparative Physiology B 177, 667–677.",
Kenagy & Vleck (1982),References,"Kenagy, G. J. & Vleck, D. (1982). Daily temporal organisation of metabolism in small mammals: adaptation and diversity. In Vertebrate Circadian Systems (eds J. Aschoff, S. Daan and G. A. Groos). Springer, Berlin, Heidelberg, New York.",
Kisser & Goodwin (2012),References,"Kisser, B. & Goodwin, H. T. (2012). Hibernation and overwinter body temperatures in free-ranging thirteen-lined ground squirrels, Ictidomys tridecemlineatus. The American Midland Naturalist 167, 396–409.",
"Kobbe, Ganzhorn & Dausmann (2011)",References,"Kobbe, S., Ganzhorn, J. U. & Dausmann, K. H. (2011). Extreme individual flexibility of heterothermy in free-ranging Malagasy mouse lemurs (Microcebus griseorufus). Journal of Comparative Physiology B 181, 165–173.",
Koskimies (1948),References,"Koskimies, J. (1948). On temperature regulation and metabolism in the swift, Micropus a. apus L., during fasting. Experientia 4, 274–276.",
"Koteja, Jurczyszyn & Wołoszyn (2001)",References,"Koteja, P., Jurczyszyn, M. & Wołoszyn, B. (2001). Energy balance of hibernating mouse-eared bat Myotis myotis: a study with a TOBEC instrument. Acta Theriologica 46, 1–12.",
Kristoffersson & Soivio (1964),References,"Kristoffersson, R. & Soivio, A. (1964). Hibernation of the hedgehog (Erinaceus europaeus L.): the periodicity of hibernation of undisturbed animals during the winter in a constant ambient temperature. Annales Academiae Scientiarum Fennicae A IV Biologica 80, 3–22.",
Krüger et al. (1982),References,"Krüger, K., Prinzinger, R. & Schuchmann, K. L. (1982). Torpor and metabolism in hummingbirds. Comparative Biochemistry and Physiology Part A: Physiology 73, 679–689.",
"Krüger, Prinzinger & Schuchmann (1982)",References,"Krüger, K., Prinzinger, R. & Schuchmann, K. L. (1982). Torpor and metabolism in hummingbirds. Comparative Biochemistry and Physiology Part A: Physiology 73, 679–689.",
Kulzer & Storf (1980),References,"Kulzer, E. & Storf, R. (1980). Schlaf-Lethargie bei dem afrikanischen Langzungenflughund Megaloglossus woermanni Pagenstecher, 1885. Zeitschrift für Säugetierkunde 45, 23–29.",
Kulzer (1965),References,"Kulzer, E. (1965). Temperaturregulation bei Fledermäusen (Chiroptera) aus verschiedenen Klimazonen. Zeitschrift für vergleichende Physiologie 50, 1–34.",
Kulzer et al. (1970),References,"Kulzer, E., Nelson, J. E., McKean, J. L. & Möhres, F. P. (1970). Untersuchungen über die Temperaturregulation australischer Fledermäuse (Microchiroptera). Zeitschrift für vergleichende Physiologie 69, 426–451.",
Körtner & Geiser (2000b),References,"Körtner, G. & Geiser, F. (2000b). Torpor and activity patterns in free-ranging sugar gliders Petaurus breviceps (Marsupialia). Oecologia 123, 350–357.",
Körtner & Geiser (2009),References,"Körtner, G. & Geiser, F. (2009). The key to winter survival: daily torpor in a small arid-zone marsupial. Naturwissenschaften 96, 525–530.",
Körtner et al. (2000),References,"Körtner, G., Brigham, R. M. & Geiser, F. (2000). Metabolism: winter torpor in a large bird. Nature 407, 318.",
"Körtner, Brigham & Geiser (2001)",References,"Körtner, G., Brigham, R. M. & Geiser, F. (2001). Torpor in free-ranging tawny frogmouths (Podargus strigoides). Physiological and Biochemical Zoology 74, 789–797.",
"Körtner, Pavey & Geiser (2008)",References,"Körtner, G., Pavey, C. R. & Geiser, F. (2008). Thermal biology, torpor, and activity in free-living mulgaras in arid zone Australia during the winter reproductive season. Physiological and Biochemical Zoology 81, 442–451.",
"Körtner, Rojas & Geiser (2010)",References,"Körtner, G., Rojas, A. D. & Geiser, F. (2010). Thermal biology, torpor use and activity patterns of a small marsupial from a tropical desert: sexual differences. Journal of Comparative Physiology B: Biochemical Systemic and Environmental Physiology 180, 869–876.",
"Lane, Brigham & Swanson (2004)",References,"Lane, J. E., Brigham, R. M. & Swanson, D. L. (2004). Daily torpor in free-ranging whip-poor-wills (Caprimulgus vociferus). Physiological and Biochemical Zoology 77, 297–304.",
Lasiewski & Dawson (1964),References,"Lasiewski, R. C. & Dawson, W. R. (1964). Physiological responses to temperature in the Common Nighthawk. The Condor 66, 477–490.",
Lasiewski (1963),References,"Lasiewski, R. C. (1963). Oxygen consumption of torpid, resting, active and flying hummingbirds. Physiological Zoology 36, 122–140.",
"Lasiewski (1963, 1964)",References,"Lasiewski, R. C. (1963). Oxygen consumption of torpid, resting, active and flying hummingbirds. Physiological Zoology 36, 122–140. | Lasiewski, R. C. (1964). Body temperatures, heart and breathing rate, and evaporative water loss in hummingbirds. Physiological Zoology 37, 212–223.",ref_key covers more than one work; entries separated by ' | '
"Lee, Barnes, & Buck (2009)",References,"Lee, T. N., Barnes, B. M. & Buck, C. L. (2009). Body temperature patterns during hibernation in a free-living Alaska marmot (Marmota broweri). Ethology Ecology & Evolution 21, 403–413.",
Lehmer & Biggins (2005),References,"Lehmer, E. M. & Biggins, D. E. (2005). Variation in torpor patterns of free-ranging black-tailed and Utah prairie dogs across gradients of elevation. Journal of Mammalogy 86, 15–21.",
Lehmer et al. (2001),References,"Lehmer, E. M., Van Horne, B., Kulbartz, B. & Florant, G. L. (2001). Facultative torpor in free-ranging black-tailed prairie dogs (Cynomys ludovicianus). Journal of Mammalogy 82, 551–557.",
Levesque & Tattersall (2010),References,"Levesque, D. L. & Tattersall, G. J. (2010). Seasonal torpor and normothermic energy metabolism in the Eastern chipmunk (Tamias striatus). Journal of Comparative Physiology B: Biochemical Systemic and Environmental Physiology 180, 279–292.",
Levin et al. (2010),References,"Levin, E., Ar, A., Hefetz, A., Yom-Tov, Y. & Kronfeld-Schor, N. (2010). Some like it hot: hibernation patterns of the greater mouse-tailed bat (Rhinopoma microphyllum). In 27th Annual Meeting of the Australian and New Zealand Society for Comparative Physiology and Biochemistry, Abstracts p. 26. Australian National University, Canberra.",
"Levy, Dayan & Kronfeld-Schor (2011)",References,"Levy, O., Dayan, T. & Kronfeld-Schor, N. (2011). Adaptive thermoregulation in golden spiny mice: the influence of season and food availability on body temperature. Physiological and Biochemical Zoology 84, 175–184.",
Lindstedt (1980),References,"Lindstedt, S. L. (1980). Regulated hypothermia in the desert shrew. Journal of Comparative Physiology 137, 173–176.",
"Liu & Karasov (2011, 2012)",References,"Liu, J. N. & Karasov, W. (2011). Hibernation in warm hibernacula by free-ranging Formosan leaf-nosed bats, Hipposideros terasensis, in subtropical Taiwan. Journal of Comparative Physiology B: Biochemical, Systemic, and Environmental Physiology 181, 125–135. | Liu, J. N. & Karasov, W. (2012). Hibernation in a subtropical hibernating bat, the Formosan leaf-nosed bat (Hipposideros terasensis). Journal of Mammalogy 93, 220–228.",ref_key covers more than one work; entries separated by ' | '
Lobban & Lovegrove (2012),References,"Lobban, K. D. & Lovegrove, B. G. (2012). Heterothermy and the evolution of endothermy: lessons from Tenrec ecaudatus. In 14th International Hibernation Symposium (IHS), Abstracts p. 51. Semmering, Austria.",
Lovegrove et al. (2001),References,"Lovegrove, B. G., Raman, J. & Perrin, M. R. (2001). Heterothermy in elephant shrews, Elephantulus spp. (Macroscelidea): daily torpor or hibernation? Journal of Comparative Physiology B: Biochemical, Systemic, and Environmental Physiology 171, 1–10.",
Lovegrove et al. (2013),References,"Lovegrove, B. G., Canale, C., Levesque, D., Fluch, G., Řeháková, P. & Ruf, T. (2013). Are tropical small mammals physiologically vulnerable to arrhenius effects and climate change? Physiological and Biochemical Zoology 87, 30–45.",
"Lovegrove, Lawes & Roxburgh (1999)",References,"Lovegrove, B. G., Lawes, M. J. & Roxburgh, L. (1999). Confirmation of pleisiomorphic daily torpor in mammals: the round-eared elephant shrew Macroscelides proboscideus (Macroscelidea). Journal of Comparative Physiology B: Biochemical, Systemic, and Environmental Physiology 169, 453–460.",
Lyman (1948),References,"Lyman, C. P. (1948). The oxygen consumption and temperature regulation of hibernating hamsters. Journal of Experimental Zoology 109, 55–78.",
Lyman (1958),References,"Lyman, C. P. (1958). Oxygen consumption, body temperature and heart rate of woodchucks entering hibernation. American Journal of Physiology 194, 83–91.",
MacMillen & Nelson (1969),References,"MacMillen, R. E. & Nelson, J. E. (1969). Bioenergetics and body size in dasyurid marsupials. American Journal of Physiology 217, 1246–1251.",
MacMillen & Trost (1967),References,"MacMillen, R. E. & Trost, C. H. (1967). Nocturnal hypothermia in the Inca dove, Scardafella inca. Comparative Biochemistry and Physiology 23, 243–253.",
MacMillen (1983),References,"MacMillen, R. E. (1983). Adaptive physiology of heteromyid rodents. Great Basin Naturalist Memoirs 7, 65–76.",
Macmillen (1965),References,"MacMillen, R. E. (1965). Aestivation in the cactus mouse, Peromyscus eremicus. Comparative Biochemistry and Physiology 16, 227–248.",
Maddocks & Geiser (2007),References,"Maddocks, T. A. & Geiser, F. (2007). Heterothermy in an Australian passerine, the Dusky Woodswallow (Artamus cyanopterus). Journal of Ornithology 148, 571–577.",
Marom et al. (2006),References,"Marom, S., Korine, C., Wojciechowski, M. S., Tracy, C. R. & Pinshow, B. (2006). Energy metabolism and evaporative water loss in the European free-tailed bat and hemprich's long-eared bat (Microchiroptera): species sympatric in the negev desert. Physiological and Biochemical Zoology 79, 944–956.",
Marshall (1955),References,"Marshall, J. T. Jr. (1955). Hibernation in captive goatsuckers. The Condor 57, 129–134.",
Masaki et al. (2005),References,"Masaki, M., Koshimoto, C., Tsuchiya, K., Nishiwaki, A. & Morita, T. (2005). Body temperature profiles of the Korean field mouse Apodemus peninsulae during winter aggregation. Mammal Study 30, 33–40.",
McKechnie & Lovegrove (2001a),References,"McKechnie, A. E. & Lovegrove, B. G. (2001a). Heterothermic responses in the speckled mousebird (Colius striatus). Journal of Comparative Physiology 171, 507–518.",
McKechnie & Lovegrove (2001b),References,"McKechnie, A. E. & Lovegrove, B. G. (2001b). Thermoregulation and the energetic significance of clustering behavior in the white-backed mousebird (Colius colius). Physiological and Biochemical Zoology 74, 238–249.",
McKechnie & Mzilikazi (2011),References,"McKechnie, A. E. & Mzilikazi, N. (2011). Heterothermy in afrotropical mammals and birds: a review. Integrative and Comparative Biology 51, 349–363.",
McNab & Morrison (1963),References,"McNab, B. K. & Morrison, P. (1963). Body temperature and metabolism in subspecies of Peromyscus from arid and mesic environments. Ecological Monographs 33, 63–82.",
Merola-Zwartjes & Ligon (2000),References,"Merola-Zwartjes, M. & Ligon, J. D. (2000). Ecological energetics of the Puerto Rican tody: heterothermy, torpor, and intra-island variation. Ecology 81, 990–1003.",
Morhardt (1970),References,"Morhardt, J. E. (1970). Body temperatures of white-footed mice (Peromyscus sp.) during daily torpor. Comparative Biochemistry and Physiology 33, 423–439.",
Morrison & McNab (1962),References,"Morrison, P. & McNab, B. K. (1962). Daily torpor in a brazilian murine opossum (Marmosa). Comparative Biochemistry and Physiology 6, 57–68.",
Morton & Lee (1978),References,"Morton, S. R. & Lee, A. K. (1978). Thermoregulation and metabolism in Planigale maculata (Marsupialia: Dasyuridae). Journal of Thermal Biology 3, 117–120.",
Mouhoub-Sayah et al. (2008),References,"Mouhoub-Sayah, C., Robin, J.-P., Malan, A., Pevet, P. & Saboureau, M. (2008). Patterns of body temperature change in the Algerian hedgehog (Atelerix algirus). In Hypometabolism in Animals: Torpor, Hibernation and Cryobiology. 13th International Hibernation Symposium (eds B. G. Lovegrove and A. E. McKechnie), pp. 307–316. University of KwaZulu-Natal, Pietermaritzburg.",
Moyle in Reardon (1999),References,"Reardon, T. (1999). Quolls on the run. Australian Geographic 54, 89–105.",printed as 'Moyle in Reardon (1999)'; Moyle's data reported within Reardon (1999)
Muchlinski & Rybak (1978),References,"Muchlinski, A. E. & Rybak, E. N. (1978). Energy consumption of resting and hibernating meadow jumping mice. Journal of Mammalogy 59, 435–437.",
Muller (1996),References,"Muller, J. (1996). Torpor in Sminthopsis douglasi. Honours Thesis: LaTrobe University.",
Mzilikazi & Lovegrove (2002),References,"Mzilikazi, N. & Lovegrove, B. G. (2002). Reproductive activity influences thermoregulation and torpor in pouched mice, Saccostomus campestris. Journal of Comparative Physiology B: Biochemical, Systemic, and Environmental Physiology 172, 7–16.",
Mzilikazi & Lovegrove (2004),References,"Mzilikazi, N. & Lovegrove, B. G. (2004). Daily torpor in free-ranging rock elephant shrews, Elephantulus myurus: a year-long study. Physiological and Biochemical Zoology 77, 285–296.",
Mzilikazi et al. (2012),References,"Mzilikazi, N., Madikiza, Z., Oelkrug, R. & Baxter, R. M. (2012). Hibernation in free-ranging African woodland dormice, Graphiurus murinus. In Living in a Seasonal World. Thermoregulatory and Metabolic Adaptations (eds T. Ruf, C. Bieber, W. Arnold and E. Millesi), pp. 41–50. Springer-Verlag, Heidelberg, New York, Dordrecht, London.",
"Nagel (1977, 1985)",References,"Nagel, A. (1977). Torpor in the European white-toothed shrews. Experientia 33, 1455–1456. | Nagel, A. (1985). Sauerstoffverbrauch, Temperaturregulation und Herzfrequenz bei europäischen Spitzmäusen (Soricidae). Zeitschrift für Säugetierkunde 50, 249–266.",ref_key covers more than one work; entries separated by ' | '
Nagel (1985),References,"Nagel, A. (1985). Sauerstoffverbrauch, Temperaturregulation und Herzfrequenz bei europäischen Spitzmäusen (Soricidae). Zeitschrift für Säugetierkunde 50, 249–266.",
Neumann & Cade (1965),References,"Neumann, R. L. & Cade, T. J. (1965). Torpidity in the Mexican ground squirrel Citellus mexicanus parvidens (Mearns). Canadian Journal of Zoology 43, 133–140.",
Newman & Rudd (1978),References,"Newman, J. R. & Rudd, R. L. (1978). Observations of torpor-like behavior in the shrew, Sorex sinuosus. Acta Theriologica 23, 446–448.",
Nicol & Andersen (2002),References,"Nicol, S. & Andersen, N. A. (2002). The timing of hibernation in Tasmanian echidnas: why do they do it when they do? Comparative Biochemistry and Physiology - Part B: Biochemistry and Molecular Biology 131, 603–611.",
"Nowack, Mzilikazi & Dausmann (2010)",References,"Nowack, J., Mzilikazi, N. & Dausmann, K. H. (2010). Torpor on demand: heterothermy in the non-lemur primate Galago moholi. PLoS ONE 5, e10797.",
"Németh, Nyitrai & Altbäcker (2009)",References,"Németh, I., Nyitrai, V. & Altbäcker, V. (2009). Ambient temperature and annual timing affect torpor bouts and euthermic phases of hibernating European ground squirrels (Spermophilus citellus). Canadian Journal of Zoology-Revue Canadienne de Zoologie 87, 204–210.",
Oelkrug et al. (2012),References,"Oelkrug, R., Meyer, C. W., Heldmaier, G. & Mzilikazi, N. (2012). Seasonal changes in thermogenesis of a free-ranging afrotherian small mammal, the Western rock elephant shrew (Elephantulus rupestris). Journal of Comparative Physiology B: Biochemical Systemic and Environmental Physiology 182, 715–727.",
"Opazo, Nespolo & Bozinovic (1999)",References,"Opazo, J. C., Nespolo, R. F. & Bozinovic, F. (1999). Arousal from torpor in the chilean mouse-opossum (Thylamys elegans): does non-shivering thermogenesis play a role? Comparative Biochemistry and Physiology Part A: Molecular & Integrative Physiology 123, 393–397.",
Ortmann & Heldmaier (2000),References,"Ortmann, S. & Heldmaier, G. (2000). Regulation of body temperature and energy requirements of hibernating Alpine marmots (Marmota marmota). American Journal of Physiology - Regulatory, Integrative and Comparative Physiology 278, R698–R704.",
Otsu & Kimura (1993),References,"Otsu, R. & Kimura, T. (1993). Effects of food availability and ambient temperature on hibernation in the Japanese dormouse, Glirulus japonicus. Journal of Ethology 11, 37–42.",
Pajunen (1984),References,"Pajunen, I. (1984). Ambient temperature dependence of the periodic respiratory pattern during longterm hibernation in the garden dormouse Eliomys quercinus L. Annales Zoologici Fennici 21, 143–148.",
"Park, Jones & Ransome (2000)",References,"Park, K. J., Jones, G. & Ransome, R. D. (2000). Torpor, arousal and activity of hibernating Greater Horseshoe Bats (Rhinolophus ferrumequinum). Functional Ecology 14, 580–588.",
Peiponen (1965),References,"Peiponen, V. A. (1965). On hypothermia and torpidity in the nightjar (Caprimulgus europaeus L.). Annales Academiae Scientiarum Fennicae A IV Biologica 87, 1–15.",
Pengelley & Kelley (1966),References,"Pengelley, E. T. & Kelley, K. H. (1966). A ""circannian"" rhythm in hibernating species of the genus Citellus with observations on their physiological evolution. Comparative Biochemistry and Physiology 19, 603–617.",
Pengelley (1964),References,"Pengelley, E. T. (1964). Responses of a new hibernator (Citellus variegatus) to controlled environments. Nature 203, 892.",
Perret (1998),References,"Perret, M. (1998). Energetic advantage of nest-sharing in a solitary primate, the lesser mouse lemur (Microcebus murinus). Journal of Mammalogy 79, 1093–1102.",
Perrin & Ridgard (1999),References,"Perrin, M. R. & Ridgard, B. W. (1999). Thermoregulation and patterns of torpor in the spectacled dormouse, Graphiurus ocularis (A. Smith 1829) (Gliridae). Tropical Zoology 12, 253–266.",
Pettigrew & Wilson (1985),References,"Pettigrew, J. D. & Wilson, P. (1985). Nocturnal hypothermia in the white-throated needletail, Hirundapus caudacutus. Emu 85, 200–201.",
Pivorun (1976),References,"Pivorun, E. B. (1976). A biotelemetry study of the thermoregulatory patterns of Tamias striatus and Eutamias minimus during hibernation. Comparative Biochemistry and Physiology Part A: Physiology 53A, 265–271.",
Pohl (1961),References,"Pohl, H. (1961). Temperaturregulation und Tagesperiodik des Stoffwechsels bei Winterschläfern. Zeitschrift für vergleichende Physiologie 45, 109–153.",
Prezlaff & Dausmann (2012),References,"Prezlaff, I. & Dausmann, K. H. (2012). Impact of climatic variation on the hibernation physiology of Muscardinus avellanarius. In Living in a Seasonal World. Thermoregulatory and Metabolic Adaptations (eds T. Ruf, C. Bieber, W. Arnold and E. Millesi), pp. 85–97. Springer-Verlag, Heidelberg, New York, Dordrecht, London.",
"Prinzinger & Siedle (1986, 1988)",References,"Prinzinger, R. & Siedle, K. (1986). Experimenteller Nachweis von Torpor bei jungen Mehlschwalben, Delichon urbica. Journal für Ornithologie 127, 95–96. | Prinzinger, R. & Siedle, K. (1988). Ontogeny of metabolism, thermoregulation and torpor in the house martin Delichon u. urbica (L.) and its ecological significance. Oecologia 76, 307–312.",ref_key covers more than one work; entries separated by ' | '
Prinzinger et al. (1981),References,"Prinzinger, R., Göppel, R., Lorenz, A. & Kulzer, E. (1981). Body temperature and metabolism in the red-backed mousebird (Colius castanotus) during fasting and torpor. Comparative Biochemistry and Physiology Part A: Physiology 69, 689–692.",
Ransome (1990),References,"Ransome, R. (1990). The Natural History of Hibernating Bats. C. Helm, London.",
Riedesel & Williams (1976),References,"Riedesel, M. L. & Williams, B. A. (1976). Continuous 24-hour oxygen consumption studies of Myotis velifer. Comparative Biochemistry and Physiology Part A: Physiology 54, 95–99.",
Ruf & Arnold (2000),References,"Ruf, T. & Arnold, W. (2000). Mechanisms of social thermoregulation in hibernating alpine marmots (Marmota marmota). In Life in the Cold IV (eds G. Heldmaier and M. Klingenspor), pp. 81–94. Springer, Berlin, Heidelberg, New York.",
Ruf et al. (1993),References,"Ruf, T., Stieglitz, A., Steinlechner, S., Blank, J. L. & Heldmaier, G. (1993). Cold exposure and food restriction facilitate physiological responses to short photoperiod in Djungarian hamsters (Phodopus sungorus). Journal of Experimental Zoology 267, 104–112.",
Scantlebury et al. (2008),References,"Scantlebury, M., Lovegrove, B. G., Jackson, C. R., Bennett, N. C. & Lutermann, H. (2008). Hibernation and non-shivering thermogenesis in the Hottentot golden mole (Amblysomus hottentotus longiceps). Journal of Comparative Physiology B: Biochemical, Systemic, and Environmental Physiology 178, 887–897.",
"Schaub, Prinzinger & Schleucher (1999)",References,"Schaub, R., Prinzinger, R. & Schleucher, E. (1999). Energy metabolism and body temperature in the Blue-naped Mousebird (Urocolius macrourus) during torpor. Ornis Fennica 76, 211–219.",
Schlegel (1969),References,"Schlegel, R. (1969). Der Ziegenmelker (Caprimulgus europaeus L.). A. Ziemsen, Wittenberg Lutherstadt.",
Schleucher (2001),References,"Schleucher, E. (2001). Heterothermia in pigeons and doves reduces energetic costs. Journal of Thermal Biology 26, 287–293.",
Schmid (2000),References,"Schmid, J. (2000). Daily torpor in the gray mouse lemur (Microcebus murinus) in Madagascar: energetic consequences and biological significance. Oecologia 123, 175–183.",
"Schmid, Ruf & Heldmaier (2000)",References,"Schmid, J., Ruf, T. & Heldmaier, G. (2000). Metabolism and temperature regulation during daily torpor in the smallest primate, the pygmy mouse lemur (Microcebus myoxinus) in Madagascar. Journal of Comparative Physiology B 170, 59–68.",
Scholl (1974),References,"Scholl, P. (1974). Temperaturregulation beim madegassischen Igeltanrek Echinops telfairi (Martin, 1838). Journal of Comparative Physiology A 89, 175–195.",
Silva-Duran & Bozinovic (1999),References,"Silva-Duran, I. P. & Bozinovic, F. (1999). Food availability regulates energy expenditure and torpor in the Chilean mouse-opossum Thylamys elegans. Revista Chilena de Historia Natural 72, 371–375.",
Siutz et al. (2012),References,"Siutz, C., Pluch, M., Ruf, T. & Millesi, E. (2012). Sex differences in foraging behaviour, body fat and hibernation patterns of free-ranging common hamsters. In Living in a Seasonal World. Thermoregulatory and Metabolic Adaptations (eds T. Ruf, C. Bieber, W. Arnold and E. Millesi), pp. 155–165. Springer-Verlag, Heidelberg, New York, Dordrecht, London.",
Smit & McKechnie (2010),References,"Smit, B. & McKechnie, A. E. (2010). Do owls use torpor? Winter thermoregulation in free-ranging pearl-spotted owlets and African scops-owls. Physiological and Biochemical Zoology 83, 149–156.",
Smit et al. (2011),References,"Smit, B., Boyles, J. G., Brigham, R. M. & McKechnie, A. E. (2011). Torpor in dark times: patterns of heterothermy are associated with the lunar cycle in a nocturnal bird. Journal of Biological Rhythms 26, 241–248.",
Song et al. (1997),References,"Song, X., Körtner, G. & Geiser, F. (1997). Thermal relations of metabolic rate reduction in a hibernating marsupial. American Journal of Physiology - Regulatory, Integrative and Comparative Physiology 273, R2097–R2104.",
"Stawski & Geiser (2010, 2011)",References,"Stawski, C. & Geiser, F. (2010). Seasonality of torpor patterns and physiological variables of a free-ranging subtropical bat. The Journal of Experimental Biology 213, 393–399. | Stawski, C. & Geiser, F. (2011). Do season and distribution affect thermal energetics of a hibernating bat endemic to the tropics and subtropics? American Journal of Physiology - Regulatory, Integrative and Comparative Physiology 301, R542–R547.",ref_key covers more than one work; entries separated by ' | '
"Stawski, Turbill & Geiser (2009)",References,"Stawski, C., Turbill, C. & Geiser, F. (2009). Hibernation by a free-ranging subtropical bat (Nyctophilus bifax). Journal of Comparative Physiology B: Biochemical Systemic and Environmental Physiology 179, 433–441.",
Stephenson & Racey (1993a),References,"Stephenson, P. J. & Racey, P. A. (1993a). Reproductive energetics of the tenrecidae (Mammalia: Insectivora). I. The large-eared tenrec, Geogale aurita. Physiological Zoology 66, 643–663.",
Stephenson & Racey (1993b),References,"Stephenson, P. J. & Racey, P. A. (1993b). Reproductive energetics of the tenrecidae (Mammalia: Insectivora). II. The shrew-tenrecs, Microgale spp. Physiological Zoology 66, 664–685.",
Streicher (2010),References,"Streicher, S. (2010). The effect of environmental variables on body temperature in the Damaraland mole-rat, Fukomys damarensis (Ogilby 1838). MSc Thesis: University of Pretoria.",
Strumwasser (1960),References,"Strumwasser, F. (1960). Some physiological principles governing hibernation in Citellus beecheyi. Bulletin of the Museum of Comparative Zoology 124, 285–320.",
Superina & Boily (2007),References,"Superina, M. & Boily, P. (2007). Hibernation and daily torpor in an armadillo, the pichi (Zaedyus pichiy). Comparative Biochemistry and Physiology Part A: Molecular & Integrative Physiology 148, 893–898.",
T. Ruf & W. Arnold (unpublished data),References,"Ruf, T. & Arnold, W. (unpublished data). Cited in Ruf & Geiser (2015).",not a published work; cited as such in the printed table
T. Ruf (unpublished data),References,"Ruf, T. (unpublished data). Cited in Ruf & Geiser (2015).",not a published work; cited as such in the printed table
Tannenbaum & Pivorun (1984),References,"Tannenbaum, M. G. & Pivorun, E. B. (1984). Differences in daily torpor patterns among three southeastern species of Peromyscus. Journal of Comparative Physiology B 154, 233–236.",
Tannenbaum & Pivorun (1988),References,"Tannenbaum, M. G. & Pivorun, E. B. (1988). Seasonal study of daily torpor in southeastern Peromyscus maniculatus and Peromyscus leucopus from mountains and foothills. Physiological Zoology 61, 10–16.",
Thompson (1985),References,"Thompson, S. D. (1985). Subspecific differences in metabolism, thermoregulation, and torpor in the western harvest mouse Reithrodontomys megalotis. Physiological Zoology 58, 430–444.",
Thäti (1978),References,"Thäti, H. (1978). Seasonal differences in O2 consumption and respiratory quotient in a hibernator (Erinaceus europaeus L.). Annales Zoologici Fennici 15, 69–75.",
Tinkle & Patterson (1965),References,"Tinkle, D. W. & Patterson, I. G. (1965). A study of hibernating populations of Myotis velifer in northwestern Texas. Journal of Mammalogy 46, 612–633.",
"Tomlinson, Withers & Maloney (2012)",References,"Tomlinson, S., Withers, P. C. & Maloney, S. K. (2012). Flexibility in thermoregulatory physiology of two dunnarts, Sminthopsis macroura and Sminthopsis ooldea (Marsupialia; Dasyuridae). The Journal of Experimental Biology 215, 2236–2246.",
"Tucker (1962, 1965)",References,"Tucker, V. A. (1962). Diurnal torpidity in the California pocket mouse. Science 136, 380–381. | Tucker, V. A. (1965). Oxygen consumption, thermal conductance, and torpor in the California pocket mouse, Perognathus californicus. Journal of Cellular and Comparative Physiology 65, 393–403.",ref_key covers more than one work; entries separated by ' | '
Turbill & Geiser (2008),References,"Turbill, C. & Geiser, F. (2008). Hibernation by tree-roosting bats. Journal of Comparative Physiology B 178, 597–605.",
Turner et al. (2012),References,"Turner, J. M., Körtner, G., Warnecke, L. & Geiser, F. (2012). Summer and winter torpor use by a free-ranging marsupial. Comparative Biochemistry and Physiology Part A: Molecular & Integrative Physiology 162, 274–280.",
Tøien et al. (2011),References,"Tøien, Ø., Blake, J., Edgar, D. M., Grahn, D. A., Heller, H. C. & Barnes, B. M. (2011). Hibernation in black bears: independence of metabolic suppression from body temperature. Science 331, 906–909.",
Vivier & van der Merwe (2011),References,"Vivier, L. & van der Merwe, M. (2011). The incidence of torpor in winter and summer in the Angolan free-tailed bat, Mops condylurus (Microchiroptera: Molossidae), in a subtropical environment, Mpumalanga, South Africa. African Zoology 42, 50–58.",
Vogel (1974),References,"Vogel, P. (1974). Kälteresistenz und reversible Hypothermie der Etruskerspitzmaus (Suncus etruscus, Soricidae, Insectivora). Zeitschrift für Säugetierkunde 39, 78–88.",
Wang & Hudson (1970),References,"Wang, L. C. H. & Hudson, J. W. (1970). Some physiological aspects of temperature regulation in the normothermic and torpid hispid pocket mouse, Perognathus hispidus. Comparative Biochemistry and Physiology 32, 275–293.",
Wang & Hudson (1971),References,"Wang, L. C. H. & Hudson, J. W. (1971). Temperature regulation in normothermic and hibernating eastern chipmunk, Tamias striatus. Comparative Biochemistry and Physiology Part A: Physiology 38, 59–90.",
Wang (1978),References,"Wang, L. C. H. (1978). Energetic and field aspects of mammalian torpor: the Richardson's ground squirrel. In Strategies in Cold: Natural Torpidity and Thermogenesis (eds L. C. H. Wang and J. W. Hudson), pp. 109–145. Academic Press, New York.",
"Warnecke, Turner & Geiser (2008)",References,"Warnecke, L., Turner, J. M. & Geiser, F. (2008). Torpor and basking in a small arid zone marsupial. Naturwissenschaften 95, 73–78.",
Watts et al. (1981),References,"Watts, P. D., Øritsland, N. A., Jonkel, C. & Ronald, K. (1981). Mammalian hibernation and the oxygen consumption of a denning black bear (Ursus americanus). Comparative Biochemistry and Physiology Part A: Molecular & Integrative Physiology 69, 121–123.",
Waßmer & Wollnik (1997),References,"Waßmer, T. & Wollnik, F. (1997). Timing of torpor bouts during hibernation in European hamsters (Cricetus cricetus L.). Journal of Comparative Physiology B: Biochemical, Systemic, and Environmental Physiology 167, 270–279.",
Willis et al. (2005a),References,"Willis, C. K. R., Lane, J. E., Liknes, E. T., Swanson, D. L. & Brigham, R. M. (2005a). Thermal energetics of female big brown bats (Eptesicus fuscus). Canadian Journal of Zoology 83, 871–879.",
"Willis, Brigham & Geiser (2006)",References,"Willis, C. K. R., Brigham, R. M. & Geiser, F. (2006). Deep, prolonged torpor by pregnant, free-ranging bats. Naturwissenschaften 93, 80–83.",
"Willis, Turbill & Geiser (2005b)",References,"Willis, C. K. R., Turbill, C. & Geiser, F. (2005b). Torpor and thermal energetics in a tiny Australian vespertilionid, the little forest bat (Vespadelus vulturnus). Journal of Comparative Physiology B 175, 479–486.",
Withers (1977),References,"Withers, P. C. (1977). Respiration, metabolism, and heat exchange of euthermic and torpid poorwills and hummingbirds. Physiological Zoology 50, 43–52.",
Withers et al. (1980),References,"Withers, P. C., Louw, G. N. & Henschel, J. (1980). Energetics and water relations of Namib desert rodents. South African Journal of Zoology 15, 131–137.",
"Withers, Louw & Henschel (1980)",References,"Withers, P. C., Louw, G. N. & Henschel, J. (1980). Energetics and water relations of Namib desert rodents. South African Journal of Zoology 15, 131–137.",
"Withers, Richardson & Wooller (1990)",References,"Withers, P. C., Richardson, K. C. & Wooller, R. D. (1990). Metabolic physiology of euthermic and torpid honey possums, Tarsipes rostratus. Australian Journal of Zoology 37, 685–693.",
Wolf & Hainsworth (1972),References,"Wolf, L. L. & Hainsworth, F. R. (1972). Environmental influence on regulated body temperature in torpid hummingbirds. Comparative Biochemistry and Physiology Part A: Physiology 41, 167–173.",
Woods & Brigham (2004),References,"Woods, C. P. & Brigham, R. M. (2004). The Avian Enigma: ""Hibernation"" by Common Poorwills (Phalaenoptilus nuttallii). In Life in the Cold V: Evolution, Mechanism, Adaptation, and Application. 12th International Hibernation Symposium (eds B. M. Barnes and H. V. Carey), pp. 231–240. Institute of Arctic Biology, University of Alaska, Fairbanks.",
Wyss (1932),References,"Wyss, O. A. M. (1932). Winterschlaf und Wärmehaushalt, untersucht am Siebenschläfer (Myoxus glis). Pflüger's Archiv für die Gesamte Physiologie des Menschen und der Tiere 229, 599–635.",
Yang et al. (2011),References,"Yang, M., Xing, X., Guan, S., Zhao, Y., Wang, Z. & Wang, D.-H. (2011). Hibernation patterns and changes of body temperature in Daurian ground squirrels (Spermophilus dauricus) during hibernation. Acta Theriologica Sinica 31, 387–395.",
Young (1990),References,"Young, P. J. (1990). Hibernating patterns of free-ranging Columbian Ground Squirrels. Oecologia 83, 504–511.",
Zervanos et al. (2010),References,"Zervanos, S. M., Maher, C. R., Waldvogel, J. A. & Florant, G. L. (2010). Latitudinal differences in the hibernation characteristics of woodchucks (Marmota monax). Physiological and Biochemical Zoology 83, 135–141.",
Çolak & Yiğit (1998),References,"Çolak, E. & Yiğit, N. (1998). Ecology and biology of Allactaga elater, Allactaga euphratica and Allactaga williamsi (Rodentia: Dipodidae) in Turkey. Turkish Journal of Zoology 22, 105–117.",
