"Species","Measure","Value","Medium","population","Source_item","Study_key","value_origin","Data_role","note"
"Tursiops truncatus","Sound_localization_threshold.deg",1.1,"air","dolphin","Heffner_Heffner_1992_a_Table1","renaud1975","published","secondary",""
"Elephas maximus","Binocular_field.deg",80,"air","elephant","Heffner_Heffner_1992_a_Table1","SELF:Heffner_Heffner_1992_a_Table1:elephant","published","primary",""
"Elephas maximus","Sound_localization_threshold.deg",1.2,"air","elephant","Heffner_Heffner_1992_a_Table1","heffner1982|r","published","secondary",""
"Homo sapiens","Field_of_best_vision.deg",0.7,"air","man","Heffner_Heffner_1992_a_Table1","SELF:Heffner_Heffner_1992_a_Table1:man","published","primary",""
"Homo sapiens","Binocular_field.deg",105,"air","man","Heffner_Heffner_1992_a_Table1","SELF:Heffner_Heffner_1992_a_Table1:man","published","primary",""
"Homo sapiens","Sound_localization_threshold.deg",1.3,"air","man","Heffner_Heffner_1992_a_Table1","heffner1988c|r","published","secondary",""
"Homo sapiens","Visual_acuity.cdeg",67,"air","man","Heffner_Heffner_1992_a_Table1","cavonius1973","published","secondary",""
"Phoca vitulina","Sound_localization_threshold.deg",3.2,"air","seal","Heffner_Heffner_1992_a_Table1","terhune1974","published","secondary",""
"Phoca vitulina","Visual_acuity.cdeg",3.6,"air","seal","Heffner_Heffner_1992_a_Table1","schusterman1972","published","secondary",""
"Didelphis virginiana","Field_of_best_vision.deg",15.8,"air","opossum","Heffner_Heffner_1992_a_Table1","SELF:Heffner_Heffner_1992_a_Table1:opossum","published","primary",""
"Didelphis virginiana","Binocular_field.deg",77,"air","opossum","Heffner_Heffner_1992_a_Table1","SELF:Heffner_Heffner_1992_a_Table1:opossum","published","primary",""
"Didelphis virginiana","Sound_localization_threshold.deg",4.6,"air","opossum","Heffner_Heffner_1992_a_Table1","ravizza1972","published","secondary",""
"Didelphis virginiana","Visual_acuity.cdeg",1.8,"air","opossum","Heffner_Heffner_1992_a_Table1","silveira1982","published","secondary",""
"Sus scrofa","Field_of_best_vision.deg",11.6,"air","pig","Heffner_Heffner_1992_a_Table1","SELF:Heffner_Heffner_1992_a_Table1:pig","published","primary",""
"Sus scrofa","Binocular_field.deg",47,"air","pig","Heffner_Heffner_1992_a_Table1","SELF:Heffner_Heffner_1992_a_Table1:pig","published","primary",""
"Sus scrofa","Sound_localization_threshold.deg",4.6,"air","pig","Heffner_Heffner_1992_a_Table1","heffner1989|r","published","secondary",""
"Sus scrofa","Visual_acuity.cdeg",8,"air","pig","Heffner_Heffner_1992_a_Table1","SELF:Heffner_Heffner_1992_a_Table1:pig","published","secondary",""
"Felis catus","Field_of_best_vision.deg",4.9,"air","cat","Heffner_Heffner_1992_a_Table1","SELF:Heffner_Heffner_1992_a_Table1:cat","published","primary",""
"Felis catus","Binocular_field.deg",105,"air","cat","Heffner_Heffner_1992_a_Table1","SELF:Heffner_Heffner_1992_a_Table1:cat","published","primary",""
"Felis catus","Sound_localization_threshold.deg",5.7,"air","cat","Heffner_Heffner_1992_a_Table1","casseday1973+heffner1988c|r","published","secondary",""
"Felis catus","Visual_acuity.cdeg",9,"air","cat","Heffner_Heffner_1992_a_Table1","belleville1986+jacobson1976","published","secondary",""
"Canis lupus familiaris","Field_of_best_vision.deg",5.1,"air","dog","Heffner_Heffner_1992_a_Table1","SELF:Heffner_Heffner_1992_a_Table1:dog","published","primary",""
"Canis lupus familiaris","Binocular_field.deg",75,"air","dog","Heffner_Heffner_1992_a_Table1","SELF:Heffner_Heffner_1992_a_Table1:dog","published","primary",""
"Canis lupus familiaris","Sound_localization_threshold.deg",8,"air","dog","Heffner_Heffner_1992_a_Table1","heffnerINPRESS|r","published","secondary",""
"Canis lupus familiaris","Visual_acuity.cdeg",8.3,"air","dog","Heffner_Heffner_1992_a_Table1","SELF:Heffner_Heffner_1992_a_Table1:dog","published","secondary",""
"Mustela putorius","Sound_localization_threshold.deg",8.5,"air","ferret","Heffner_Heffner_1992_a_Table1","kavanagh1987","published","secondary",""
"Zalophus californianus","Sound_localization_threshold.deg",8.8,"air","sea lion","Heffner_Heffner_1992_a_Table1","moore1975","published","secondary",""
"Zalophus californianus","Visual_acuity.cdeg",4.3,"air","sea lion","Heffner_Heffner_1992_a_Table1","schusterman1972","published","secondary",""
"Rattus norvegicus","Binocular_field.deg",76,"air","norway rat domestic","Heffner_Heffner_1992_a_Table1","SELF:Heffner_Heffner_1992_a_Table1:norway rat domestic","published","primary",""
"Rattus norvegicus","Sound_localization_threshold.deg",11.1,"air","norway rat domestic","Heffner_Heffner_1992_a_Table1","kavanagh1986+kelly1980","published","secondary",""
"Mustela nivalis","Field_of_best_vision.deg",23,"air","least weasel","Heffner_Heffner_1992_a_Table1","SELF:Heffner_Heffner_1992_a_Table1:least weasel","published","primary",""
"Mustela nivalis","Binocular_field.deg",69,"air","least weasel","Heffner_Heffner_1992_a_Table1","SELF:Heffner_Heffner_1992_a_Table1:least weasel","published","primary",""
"Mustela nivalis","Sound_localization_threshold.deg",12,"air","least weasel","Heffner_Heffner_1992_a_Table1","heffner1987|r","published","secondary",""
"Mustela nivalis","Visual_acuity.cdeg",2.2,"air","least weasel","Heffner_Heffner_1992_a_Table1","SELF:Heffner_Heffner_1992_a_Table1:least weasel","published","secondary",""
"Rattus norvegicus","Field_of_best_vision.deg",52.8,"air","norway rat wild","Heffner_Heffner_1992_a_Table1","SELF:Heffner_Heffner_1992_a_Table1:norway rat wild","published","primary",""
"Rattus norvegicus","Binocular_field.deg",35,"air","norway rat wild","Heffner_Heffner_1992_a_Table1","SELF:Heffner_Heffner_1992_a_Table1:norway rat wild","published","primary",""
"Rattus norvegicus","Sound_localization_threshold.deg",12.8,"air","norway rat wild","Heffner_Heffner_1992_a_Table1","heffner1985|h","published","secondary",""
"Rattus norvegicus","Visual_acuity.cdeg",1.5,"air","norway rat wild","Heffner_Heffner_1992_a_Table1","SELF:Heffner_Heffner_1992_a_Table1:norway rat wild","published","secondary",""
"Capra hircus","Binocular_field.deg",23,"air","goat","Heffner_Heffner_1992_a_Table1","SELF:Heffner_Heffner_1992_a_Table1:goat","published","primary",""
"Capra hircus","Sound_localization_threshold.deg",18,"air","goat","Heffner_Heffner_1992_a_Table1","heffnerINPRESS|r","published","secondary",""
"Capra hircus","Visual_acuity.cdeg",12.5,"air","goat","Heffner_Heffner_1992_a_Table1","hughes1973","published","secondary",""
"Neotoma floridana","Field_of_best_vision.deg",156.2,"air","wood rat","Heffner_Heffner_1992_a_Table1","SELF:Heffner_Heffner_1992_a_Table1:wood rat","published","primary",""
"Neotoma floridana","Binocular_field.deg",85,"air","wood rat","Heffner_Heffner_1992_a_Table1","SELF:Heffner_Heffner_1992_a_Table1:wood rat","published","primary",""
"Neotoma floridana","Sound_localization_threshold.deg",19,"air","wood rat","Heffner_Heffner_1992_a_Table1","heffner1988a|r","published","secondary",""
"Neotoma floridana","Visual_acuity.cdeg",2.3,"air","wood rat","Heffner_Heffner_1992_a_Table1","SELF:Heffner_Heffner_1992_a_Table1:wood rat","published","secondary",""
"Paraechinus hypomelas","Binocular_field.deg",35,"air","hedgehog","Heffner_Heffner_1992_a_Table1","SELF:Heffner_Heffner_1992_a_Table1:hedgehog","published","primary",""
"Paraechinus hypomelas","Sound_localization_threshold.deg",19,"air","hedgehog","Heffner_Heffner_1992_a_Table1","chambers1971","published","secondary",""
"Acomys cahirinus","Binocular_field.deg",75,"air","spiny mouse","Heffner_Heffner_1992_a_Table1","SELF:Heffner_Heffner_1992_a_Table1:spiny mouse","published","primary",""
"Acomys cahirinus","Sound_localization_threshold.deg",19,"air","spiny mouse","Heffner_Heffner_1992_a_Table1","mooney1991","published","secondary",""
"Onychomys leucogaster","Field_of_best_vision.deg",68.5,"air","grasshopper mouse","Heffner_Heffner_1992_a_Table1","SELF:Heffner_Heffner_1992_a_Table1:grasshopper mouse","published","primary",""
"Onychomys leucogaster","Binocular_field.deg",52,"air","grasshopper mouse","Heffner_Heffner_1992_a_Table1","SELF:Heffner_Heffner_1992_a_Table1:grasshopper mouse","published","primary",""
"Onychomys leucogaster","Sound_localization_threshold.deg",19.3,"air","grasshopper mouse","Heffner_Heffner_1992_a_Table1","heffner1988a|r","published","secondary",""
"Onychomys leucogaster","Visual_acuity.cdeg",2.3,"air","grasshopper mouse","Heffner_Heffner_1992_a_Table1","SELF:Heffner_Heffner_1992_a_Table1:grasshopper mouse","published","secondary",""
"Equus caballus","Binocular_field.deg",28,"air","horse","Heffner_Heffner_1992_a_Table1","SELF:Heffner_Heffner_1992_a_Table1:horse","published","primary",""
"Equus caballus","Sound_localization_threshold.deg",25,"air","horse","Heffner_Heffner_1992_a_Table1","heffner1984|h","published","secondary",""
"Bos taurus","Field_of_best_vision.deg",132,"air","cow","Heffner_Heffner_1992_a_Table1","SELF:Heffner_Heffner_1992_a_Table1:cow","published","primary",""
"Bos taurus","Binocular_field.deg",20,"air","cow","Heffner_Heffner_1992_a_Table1","SELF:Heffner_Heffner_1992_a_Table1:cow","published","primary",""
"Bos taurus","Sound_localization_threshold.deg",30,"air","cow","Heffner_Heffner_1992_a_Table1","heffnerINPRESS|r","published","secondary",""
"Bos taurus","Visual_acuity.cdeg",12.4,"air","cow","Heffner_Heffner_1992_a_Table1","SELF:Heffner_Heffner_1992_a_Table1:cow","published","secondary",""
"Meriones unguiculatus","Field_of_best_vision.deg",200,"air","gerbil","Heffner_Heffner_1992_a_Table1","SELF:Heffner_Heffner_1992_a_Table1:gerbil","published","primary",""
"Meriones unguiculatus","Binocular_field.deg",48,"air","gerbil","Heffner_Heffner_1992_a_Table1","SELF:Heffner_Heffner_1992_a_Table1:gerbil","published","primary",""
"Meriones unguiculatus","Sound_localization_threshold.deg",27,"air","gerbil","Heffner_Heffner_1992_a_Table1","heffner1988b|r","published","secondary",""
"Meriones unguiculatus","Visual_acuity.cdeg",2,"air","gerbil","Heffner_Heffner_1992_a_Table1","baker1983","published","secondary",""
"Dipodomys merriami","Binocular_field.deg",20,"air","kangaroo rat","Heffner_Heffner_1992_a_Table1","SELF:Heffner_Heffner_1992_a_Table1:kangaroo rat","published","primary",""
"Dipodomys merriami","Sound_localization_threshold.deg",27,"air","kangaroo rat","Heffner_Heffner_1992_a_Table1","heffner1980|h","published","secondary",""
"Geomys bursarius","Field_of_best_vision.deg",166,"air","gopher","Heffner_Heffner_1992_a_Table1","SELF:Heffner_Heffner_1992_a_Table1:gopher","published","primary",""
"Geomys bursarius","Binocular_field.deg",4,"air","gopher","Heffner_Heffner_1992_a_Table1","SELF:Heffner_Heffner_1992_a_Table1:gopher","published","primary",""
"Geomys bursarius","Sound_localization_threshold.deg",90,"air","gopher","Heffner_Heffner_1992_a_Table1","heffner1990|r","published","secondary",""
"Geomys bursarius","Visual_acuity.cdeg",1.7,"air","gopher","Heffner_Heffner_1992_a_Table1","SELF:Heffner_Heffner_1992_a_Table1:gopher","published","secondary",""
"Bos taurus","Visual_acuity.cdeg",10.31,"air","","Veilleux_Kirk_2014_SupplementalTable1","hebel1976|r+howland2004|h","published","secondary",""
"Camelus bactrianus","Visual_acuity.cdeg",10,"air","","Veilleux_Kirk_2014_SupplementalTable1","harman2001|a","published","secondary",""
"Camelus dromedarius","Visual_acuity.cdeg",10.4,"air","","Veilleux_Kirk_2014_SupplementalTable1","harman2001|a","published","secondary",""
"Capra hircus","Visual_acuity.cdeg",8.43,"air","","Veilleux_Kirk_2014_SupplementalTable1","ribeiro2010|a+gonzalez1997|j","published","secondary",""
"Dama dama","Visual_acuity.cdeg",18.48,"air","","Veilleux_Kirk_2014_SupplementalTable1","ross2007|c+hughes1977|a","published","secondary",""
"Giraffa camelopardalis","Visual_acuity.cdeg",25.46,"air","","Veilleux_Kirk_2014_SupplementalTable1","coimbra2013|j","published","secondary",""
"Ovis aries","Visual_acuity.cdeg",5.61,"air","","Veilleux_Kirk_2014_SupplementalTable1","tanaka1995|t","published","secondary",""
"Sus scrofa","Visual_acuity.cdeg",9.92,"air","","Veilleux_Kirk_2014_SupplementalTable1","garcá2005|m+guthoff1987|r","published","secondary",""
"Acinonyx jubatus","Visual_acuity.cdeg",23.02,"air","","Veilleux_Kirk_2014_SupplementalTable1","ross2007|c+hughes1977|a","published","secondary",""
"Canis lupus","Visual_acuity.cdeg",14.57,"air","","Veilleux_Kirk_2014_SupplementalTable1","peichl1992|l","published","secondary",""
"Crocuta crocuta","Visual_acuity.cdeg",8.4,"air","","Veilleux_Kirk_2014_SupplementalTable1","calderone2003|j","published","secondary",""
"Enhydra lutris","Visual_acuity.cdeg",4.2,"air","","Veilleux_Kirk_2014_SupplementalTable1","mass2000|a","published","secondary",""
"Felis catus","Visual_acuity.cdeg",8.85,"air","","Veilleux_Kirk_2014_SupplementalTable1","jacobson1976|s","published","secondary",""
"Lynx lynx","Visual_acuity.cdeg",8,"air","","Veilleux_Kirk_2014_SupplementalTable1","maffei1990|l","published","secondary",""
"Mustela nivalis","Visual_acuity.cdeg",2.2,"air","","Veilleux_Kirk_2014_SupplementalTable1","heffner1992|r","published","secondary",""
"Mustela putorius","Visual_acuity.cdeg",3.57,"air","","Veilleux_Kirk_2014_SupplementalTable1","pontenagel1980|v","published","secondary",""
"Odobenus rosmarus","Visual_acuity.cdeg",3.8,"air","","Veilleux_Kirk_2014_SupplementalTable1","mass1992|a","published","secondary",""
"Suricata suricatta","Visual_acuity.cdeg",6.3,"air","","Veilleux_Kirk_2014_SupplementalTable1","moran1983|g","published","secondary",""
"Artibeus cinereus","Visual_acuity.cdeg",1.4,"air","","Veilleux_Kirk_2014_SupplementalTable1","pettigrew1988|j","published","secondary",""
"Artibeus jamaicensis","Visual_acuity.cdeg",0.167,"air","","Veilleux_Kirk_2014_SupplementalTable1","suthers1966|r","published","secondary",""
"Carollia perspicillata","Visual_acuity.cdeg",0.94,"air","","Veilleux_Kirk_2014_SupplementalTable1","heffner2007|r","published","secondary",""
"Desmodus rotundus","Visual_acuity.cdeg",0.625,"air","","Veilleux_Kirk_2014_SupplementalTable1","manske1976|u","published","secondary",""
"Eptesicus fuscus","Visual_acuity.cdeg",0.5,"air","","Veilleux_Kirk_2014_SupplementalTable1","bell1986|g","published","secondary",""
"Macroderma gigas","Visual_acuity.cdeg",1.9,"air","","Veilleux_Kirk_2014_SupplementalTable1","pettigrew1988|j","published","secondary",""
"Megaderma lyra","Visual_acuity.cdeg",1.5,"air","","Veilleux_Kirk_2014_SupplementalTable1","pettigrew1988|j","published","secondary",""
"Myotis daubentonii","Visual_acuity.cdeg",0.1,"air","","Veilleux_Kirk_2014_SupplementalTable1","eklöf2003|j","published","secondary",""
"Myotis mystacinus","Visual_acuity.cdeg",0.1,"air","","Veilleux_Kirk_2014_SupplementalTable1","eklöf2003|j","published","secondary",""
"Nyctophilus gouldi","Visual_acuity.cdeg",0.6,"air","","Veilleux_Kirk_2014_SupplementalTable1","pettigrew1988|j","published","secondary",""
"Phyllostomus hastatus","Visual_acuity.cdeg",0.167,"air","","Veilleux_Kirk_2014_SupplementalTable1","suthers1966|r","published","secondary",""
"Plecotus auritus","Visual_acuity.cdeg",1,"air","","Veilleux_Kirk_2014_SupplementalTable1","eklöf2003|j","published","secondary",""
"Pteropus giganteus","Visual_acuity.cdeg",1.7,"air","","Veilleux_Kirk_2014_SupplementalTable1","müller2007|b","published","secondary",""
"Pteropus poliocephalus","Visual_acuity.cdeg",5.5,"air","","Veilleux_Kirk_2014_SupplementalTable1","pettigrew1988|j","published","secondary",""
"Pteropus scapulatus","Visual_acuity.cdeg",4,"air","","Veilleux_Kirk_2014_SupplementalTable1","pettigrew1988|j","published","secondary",""
"Rhinolophus rouxii","Visual_acuity.cdeg",0.4,"air","","Veilleux_Kirk_2014_SupplementalTable1","pettigrew1988|j","published","secondary",""
"Rousettus madagascariensis","Visual_acuity.cdeg",3,"air","","Veilleux_Kirk_2014_SupplementalTable1","pettigrew1988|j","published","secondary",""
"Taphozous georgianus","Visual_acuity.cdeg",1.3,"air","","Veilleux_Kirk_2014_SupplementalTable1","pettigrew1988|j","published","secondary",""
"Dasyurus hallucatus","Visual_acuity.cdeg",2.8,"air","","Veilleux_Kirk_2014_SupplementalTable1","harman1986|a","published","secondary",""
"Myrmecobius fasciatus","Visual_acuity.cdeg",5.2,"air","","Veilleux_Kirk_2014_SupplementalTable1","arrese2000|c","published","secondary",""
"Sarcophilus harrisii","Visual_acuity.cdeg",4.75,"air","","Veilleux_Kirk_2014_SupplementalTable1","ross2007|c+tancred1981|e","published","secondary",""
"Sminthopsis crassicaudata","Visual_acuity.cdeg",2.36,"air","","Veilleux_Kirk_2014_SupplementalTable1","arrese1999|c","published","secondary",""
"Didelphis marsupialis","Visual_acuity.cdeg",1.25,"air","","Veilleux_Kirk_2014_SupplementalTable1","silveira1982|l","published","secondary",""
"Didelphis virginiana","Visual_acuity.cdeg",2.49,"air","","Veilleux_Kirk_2014_SupplementalTable1","ross2007|c+kolb1985|h","published","secondary",""
"Macropus eugenii","Visual_acuity.cdeg",2.7,"air","","Veilleux_Kirk_2014_SupplementalTable1","hemmi1998|j","published","secondary",""
"Macropus fuliginosus","Visual_acuity.cdeg",11.23,"air","","Veilleux_Kirk_2014_SupplementalTable1","ross2007|c+dunlop1987|s","published","secondary",""
"Phascolarctos cinereus","Visual_acuity.cdeg",2.4,"air","","Veilleux_Kirk_2014_SupplementalTable1","schmid1992|k","published","secondary",""
"Setonix brachyurus","Visual_acuity.cdeg",4,"air","","Veilleux_Kirk_2014_SupplementalTable1","arrese1999|c+fleming1997|p","published","secondary",""
"Tarsipes rostratus","Visual_acuity.cdeg",0.63,"air","","Veilleux_Kirk_2014_SupplementalTable1","arrese2002|c","published","secondary",""
"Trichosurus vulpecula","Visual_acuity.cdeg",4.8,"air","","Veilleux_Kirk_2014_SupplementalTable1","freeman1978|b","published","secondary",""
"Oryctolagus cuniculus","Visual_acuity.cdeg",3,"air","","Veilleux_Kirk_2014_SupplementalTable1","van1967|m","published","secondary",""
"Tachyglossus aculeatus","Visual_acuity.cdeg",1.69,"air","","Veilleux_Kirk_2014_SupplementalTable1","howland2004|h+stone1983|j","published","secondary",""
"Diceros bicornis","Visual_acuity.cdeg",6,"air","","Veilleux_Kirk_2014_SupplementalTable1","pettigrew2008|j","published","secondary",""
"Equus caballus","Visual_acuity.cdeg",23.3,"air","","Veilleux_Kirk_2014_SupplementalTable1","timney1992|b","published","secondary",""
"Alouatta caraya","Visual_acuity.cdeg",59.61,"air","","Veilleux_Kirk_2014_SupplementalTable1","ross2007|c+franco2000|b","published","secondary",""
"Aotus azarae","Visual_acuity.cdeg",8.3,"air","","Veilleux_Kirk_2014_SupplementalTable1","yamada2001|e","published","secondary",""
"Aotus trivirgatus","Visual_acuity.cdeg",10,"air","","Veilleux_Kirk_2014_SupplementalTable1","jacobs1977|g","published","secondary",""
"Callithrix jacchus","Visual_acuity.cdeg",30,"air","","Veilleux_Kirk_2014_SupplementalTable1","troilo1993|d","published","secondary",""
"Cebus apella","Visual_acuity.cdeg",54.75,"air","","Veilleux_Kirk_2014_SupplementalTable1","andrade2000|b","published","secondary",""
"Chlorocebus aethiops","Visual_acuity.cdeg",55.23,"air","","Veilleux_Kirk_2014_SupplementalTable1","perry1985|v+herbin1997|m","published","secondary",""
"Homo sapiens","Visual_acuity.cdeg",64,"air","","Veilleux_Kirk_2014_SupplementalTable1","pettigrew1988|j","published","secondary",""
"Macaca fascicularis","Visual_acuity.cdeg",46,"air","","Veilleux_Kirk_2014_SupplementalTable1","valois1974|r","published","secondary",""
"Macaca mulatta","Visual_acuity.cdeg",53.6,"air","","Veilleux_Kirk_2014_SupplementalTable1","cowey1967|a+cavonius1973|c","published","secondary",""
"Macaca nemestrina","Visual_acuity.cdeg",46,"air","","Veilleux_Kirk_2014_SupplementalTable1","valois1974|r","published","secondary",""
"Pan troglodytes","Visual_acuity.cdeg",64.28,"air","","Veilleux_Kirk_2014_SupplementalTable1","spence1934|k","published","secondary",""
"Saguinus midas","Visual_acuity.cdeg",24.87,"air","","Veilleux_Kirk_2014_SupplementalTable1","ross2007|c+franco2000|b","published","secondary",""
"Saimiri sciureus","Visual_acuity.cdeg",40.5,"air","","Veilleux_Kirk_2014_SupplementalTable1","cowey1967|a","published","secondary",""
"Tarsius syrichta","Visual_acuity.cdeg",8.89,"air","","Veilleux_Kirk_2014_SupplementalTable1","veilleux2009|c","published","secondary",""
"Cheirogaleus medius","Visual_acuity.cdeg",2.84,"air","","Veilleux_Kirk_2014_SupplementalTable1","veilleux2009|c","published","secondary",""
"Eulemur macaco","Visual_acuity.cdeg",5.14,"air","","Veilleux_Kirk_2014_SupplementalTable1","veilleux2009|c","published","secondary",""
"Galago senegalensis","Visual_acuity.cdeg",6.7,"air","","Veilleux_Kirk_2014_SupplementalTable1","treff1967|h","published","secondary",""
"Lemur catta","Visual_acuity.cdeg",6.7,"air","","Veilleux_Kirk_2014_SupplementalTable1","neuringer1981|m","published","secondary",""
"Microcebus murinus","Visual_acuity.cdeg",4.2,"air","","Veilleux_Kirk_2014_SupplementalTable1","dkhissi2001|o","published","secondary",""
"Otolemur crassicaudatus","Visual_acuity.cdeg",4.8,"air","","Veilleux_Kirk_2014_SupplementalTable1","langston1986|a","published","secondary",""
"Loxodonta africana","Visual_acuity.cdeg",13.16,"air","","Veilleux_Kirk_2014_SupplementalTable1","pettigrew2010|j","published","secondary",""
"Cuniculus paca","Visual_acuity.cdeg",2.8,"air","","Veilleux_Kirk_2014_SupplementalTable1","silveira1989|c","published","secondary",""
"Dasyprocta leporina","Visual_acuity.cdeg",6.21,"air","","Veilleux_Kirk_2014_SupplementalTable1","silveira1989|c","published","secondary",""
"Ellobius lutescens","Visual_acuity.cdeg",0.4,"air","","Veilleux_Kirk_2014_SupplementalTable1","herbin1994|m","published","secondary",""
"Ellobius talpinus","Visual_acuity.cdeg",0.9,"air","","Veilleux_Kirk_2014_SupplementalTable1","herbin1994|m","published","secondary",""
"Heterocephalus glaber","Visual_acuity.cdeg",0.44,"air","","Veilleux_Kirk_2014_SupplementalTable1","heffner1993|r","published","secondary",""
"Hydrochoerus hydrochaeris","Visual_acuity.cdeg",5.8,"air","","Veilleux_Kirk_2014_SupplementalTable1","silveira1989|c","published","secondary",""
"Lemmus lemmus","Visual_acuity.cdeg",0.83,"air","","Veilleux_Kirk_2014_SupplementalTable1","rahmann1965|v","published","secondary",""
"Meriones unguiculatus","Visual_acuity.cdeg",1.8,"air","","Veilleux_Kirk_2014_SupplementalTable1","wilkinson1984|f+baker1983|a","published","secondary",""
"Mesocricetus auratus","Visual_acuity.cdeg",0.5,"air","","Veilleux_Kirk_2014_SupplementalTable1","emerson1980|v","published","secondary",""
"Mus musculus","Visual_acuity.cdeg",0.5,"air","","Veilleux_Kirk_2014_SupplementalTable1","prusky2000|g","published","secondary",""
"Peromyscus maniculatus","Visual_acuity.cdeg",0.56,"air","","Veilleux_Kirk_2014_SupplementalTable1","rahmann1968|h","published","secondary",""
"Rattus norvegicus","Visual_acuity.cdeg",1.6,"air","","Veilleux_Kirk_2014_SupplementalTable1","seymoure1997|p","published","secondary",""
"Sciurus carolinensis","Visual_acuity.cdeg",3.9,"air","","Veilleux_Kirk_2014_SupplementalTable1","jacobs1982|g","published","secondary",""
"Sciurus niger","Visual_acuity.cdeg",3.9,"air","","Veilleux_Kirk_2014_SupplementalTable1","jacobs1982|g","published","secondary",""
"Spermophilus beecheyi","Visual_acuity.cdeg",4,"air","","Veilleux_Kirk_2014_SupplementalTable1","drickamer1970|l","published","secondary",""
"Tupaia belangeri","Visual_acuity.cdeg",2.4,"air","","Veilleux_Kirk_2014_SupplementalTable1","petry1984|h","published","secondary",""
"Tupaia glis","Visual_acuity.cdeg",4.7,"air","","Veilleux_Kirk_2014_SupplementalTable1","schäfer1969|d","published","secondary",""
"Choloepus didactylus","Visual_acuity.cdeg",1.54,"air","","Veilleux_Kirk_2014_SupplementalTable1","ross2007|c+andrade1989|b","published","secondary",""
"Eptesicus fuscus","Audible_freq_high_60dB.kHz",106.342500351946,"air","big brown bat","Koay_etal_1998_Figure6","koay1997","digitised_from_figure","secondary",""
"Myotis lucifugus","Audible_freq_high_60dB.kHz",115.852761847095,"air","little brown bat","Koay_etal_1998_Figure6","dalland1965","digitised_from_figure","secondary",""
"Noctilio leporinus","Audible_freq_high_60dB.kHz",111.362091884371,"air","fish-catching bat","Koay_etal_1998_Figure6","wenstrup1984","digitised_from_figure","secondary",""
"Rousettus aegyptiacus","Audible_freq_high_60dB.kHz",64.0281898690842,"air","Egyptian fruit bat","Koay_etal_1998_Figure6","SELF:Koay_etal_1998_Figure6:Egyptian fruit bat","digitised_from_figure","primary",""
"Rhinolophus ferrumequinum","Audible_freq_high_60dB.kHz",102.896205131978,"air","horseshoe bat","Koay_etal_1998_Figure6","long1975","digitised_from_figure","secondary",""
"Didelphis virginiana","Audible_freq_high_60dB.kHz",68.8410910216144,"air","Virginia opossum","Koay_etal_1998_Figure6","ravizza1969a","digitised_from_figure","secondary",""
"Thylamys elegans","Audible_freq_high_60dB.kHz",78.021856492046,"air","mouse opossum","Koay_etal_1998_Figure6","frost1994","digitised_from_figure","secondary",""
"Monodelphis domestica","Audible_freq_high_60dB.kHz",76.4947754933287,"air","short-tailed opossum","Koay_etal_1998_Figure6","frost1994","digitised_from_figure","secondary",""
"Hemiechinus auritus","Audible_freq_high_60dB.kHz",59.551774050535,"air","hedgehog","Koay_etal_1998_Figure6","ravizza1969b","digitised_from_figure","secondary",""
"Tupaia glis","Audible_freq_high_60dB.kHz",61.1421506948463,"air","tree shrew","Koay_etal_1998_Figure6","heffner1969a|h","digitised_from_figure","secondary",""
"Eulemur fulvus","Audible_freq_high_60dB.kHz",43.4052852236769,"air","brown lemur","Koay_etal_1998_Figure6","sutherland1988","digitised_from_figure","secondary",""
"Nycticebus coucang","Audible_freq_high_60dB.kHz",44.2717938954327,"air","slow loris","Koay_etal_1998_Figure6","heffner1970|h","digitised_from_figure","secondary",""
"Perodicticus potto","Audible_freq_high_60dB.kHz",42.2762645550398,"air","potto","Koay_etal_1998_Figure6","heffner1970|h","digitised_from_figure","secondary",""
"Galago senegalensis","Audible_freq_high_60dB.kHz",65.7381126945387,"air","bushbaby","Koay_etal_1998_Figure6","heffner1969b|h","digitised_from_figure","secondary",""
"Aotus trivirgatus","Audible_freq_high_60dB.kHz",50.5076494032799,"air","owl monkey","Koay_etal_1998_Figure6","beecher1974a","digitised_from_figure","secondary",""
"Saimiri sciureus","Audible_freq_high_60dB.kHz",43.1202343540541,"air","squirrel monkey","Koay_etal_1998_Figure6","beecher1974b","digitised_from_figure","secondary",""
"Macaca nemestrina","Audible_freq_high_60dB.kHz",34.465933782662,"air","pigtailed macaque","Koay_etal_1998_Figure6","stebbins1966","digitised_from_figure","secondary",""
"Macaca mulatta","Audible_freq_high_60dB.kHz",40.9061962571161,"air","rhesus macaque","Koay_etal_1998_Figure6","pfingst1978","digitised_from_figure","secondary",""
"Macaca fuscata","Audible_freq_high_60dB.kHz",34.465933782662,"air","Japanese macaque","Koay_etal_1998_Figure6","jackson1997","digitised_from_figure","secondary",""
"Chlorocebus aethiops","Audible_freq_high_60dB.kHz",45.1556008587297,"air","vervet","Koay_etal_1998_Figure6","owren1988","digitised_from_figure","secondary",""
"Cercopithecus mitis","Audible_freq_high_60dB.kHz",47.914299398559,"air","blue monkey","Koay_etal_1998_Figure6","brown1984|c","digitised_from_figure","secondary",""
"Cercopithecus neglectus","Audible_freq_high_60dB.kHz",42.2762645550398,"air","DeBrazza monkey","Koay_etal_1998_Figure6","owren1988","digitised_from_figure","secondary",""
"Papio cynocephalus","Audible_freq_high_60dB.kHz",40.3706827184182,"air","yellow baboon","Koay_etal_1998_Figure6","heinz1982","digitised_from_figure","secondary",""
"Pan troglodytes","Audible_freq_high_60dB.kHz",23.0588920323534,"air","chimpanzee","Koay_etal_1998_Figure6","farrer1965","digitised_from_figure","secondary",""
"Homo sapiens","Audible_freq_high_60dB.kHz",17.7165176586358,"air","human","Koay_etal_1998_Figure6","heffner1991|r","digitised_from_figure","secondary",""
"Oryctolagus cuniculus","Audible_freq_high_60dB.kHz",49.1938881917886,"air","domestic rabbit","Koay_etal_1998_Figure6","heffner1980|h","digitised_from_figure","secondary",""
"Sylvilagus floridanus","Audible_freq_high_60dB.kHz",56.4940472440078,"air","eastern cottontail","Koay_etal_1998_Figure6","heffner1995|r","digitised_from_figure","secondary",""
"Tamias striatus","Audible_freq_high_60dB.kHz",52.5443674661784,"air","eastern chipmunk","Koay_etal_1998_Figure6","heffner1989|r","digitised_from_figure","secondary",""
"Marmota monax","Audible_freq_high_60dB.kHz",27.5485652920428,"air","groundhog","Koay_etal_1998_Figure6","conesa1991","digitised_from_figure","secondary",""
"Cynomys ludovicianus","Audible_freq_high_60dB.kHz",26.1340652554299,"air","black-tailed prairie dog","Koay_etal_1998_Figure6","heffner1994|r","digitised_from_figure","secondary",""
"Cynomys leucurus","Audible_freq_high_60dB.kHz",26.1340652554299,"air","white-tailed prairie dog","Koay_etal_1998_Figure6","heffner1994|r","digitised_from_figure","secondary",""
"Sciurus niger","Audible_freq_high_60dB.kHz",48.8708224513624,"air","fox squirrel","Koay_etal_1998_Figure6","jackson1997","digitised_from_figure","secondary",""
"Geomys bursarius","Audible_freq_high_60dB.kHz",8.75382101225309,"air","pocket gopher","Koay_etal_1998_Figure6","heffner1990b|r","digitised_from_figure","secondary",""
"Heterocephalus glaber","Audible_freq_high_60dB.kHz",11.4688332575195,"air","naked mole rat","Koay_etal_1998_Figure6","heffner1993|r","digitised_from_figure","secondary",""
"Nannospalax ehrenbergi","Audible_freq_high_60dB.kHz",5.85660655141258,"air","blind mole rat","Koay_etal_1998_Figure6","heffner1992|r","digitised_from_figure","secondary",""
"Dipodomys merriami","Audible_freq_high_60dB.kHz",51.8564956341558,"air","kangaroo rat","Koay_etal_1998_Figure6","heffner1980|h","digitised_from_figure","secondary",""
"Onychomys leucogaster","Audible_freq_high_60dB.kHz",67.9398745890453,"air","grasshopper mouse","Koay_etal_1998_Figure6","heffner1985|h","digitised_from_figure","secondary",""
"Sigmodon hispidus","Audible_freq_high_60dB.kHz",72.0905365060763,"air","cotton rat","Koay_etal_1998_Figure6","heffner1980|h","digitised_from_figure","secondary",""
"Neotoma floridana","Audible_freq_high_60dB.kHz",56.4940472440078,"air","wood rat","Koay_etal_1998_Figure6","heffner1985|h","digitised_from_figure","secondary",""
"Phyllotis darwini","Audible_freq_high_60dB.kHz",74.0157705962958,"air","Darwin's leaf-eared mouse","Koay_etal_1998_Figure6","mooney1990","digitised_from_figure","secondary",""
"Meriones unguiculatus","Audible_freq_high_60dB.kHz",58.3861983172564,"air","gerbil","Koay_etal_1998_Figure6","ryan1976","digitised_from_figure","secondary",""
"Acomys cahirinus","Audible_freq_high_60dB.kHz",70.6795461318984,"air","spiny mouse","Koay_etal_1998_Figure6","mooney1990","digitised_from_figure","secondary",""
"Rattus norvegicus","Audible_freq_high_60dB.kHz",72.567098621994,"air","Norway rat, albino","Koay_etal_1998_Figure6","kelly1977","digitised_from_figure","secondary",""
"Rattus norvegicus","Audible_freq_high_60dB.kHz",68.8410910216144,"air","Norway rat, hooded","Koay_etal_1998_Figure6","heffner1994|h","digitised_from_figure","secondary",""
"Mus musculus","Audible_freq_high_60dB.kHz",91.9927976001962,"air","house mouse, wild","Koay_etal_1998_Figure6","heffner1980|h","digitised_from_figure","secondary",""
"Mus musculus","Audible_freq_high_60dB.kHz",79.0568095236125,"air","house mouse, domestic","Koay_etal_1998_Figure6","markl1973","digitised_from_figure","secondary",""
"Mesocricetus auratus","Audible_freq_high_60dB.kHz",46.3615164525225,"air","hamster","Koay_etal_1998_Figure6","heffner1993|r","digitised_from_figure","secondary",""
"Cavia porcellus","Audible_freq_high_60dB.kHz",49.1938881917886,"air","guinea pig","Koay_etal_1998_Figure6","heffner1971|r","digitised_from_figure","secondary",""
"Chinchilla lanigera","Audible_freq_high_60dB.kHz",33.1299696579631,"air","chinchilla","Koay_etal_1998_Figure6","heffner1991|r","digitised_from_figure","secondary",""
"Canis lupus familiaris","Audible_freq_high_60dB.kHz",43.981052496439,"air","dog","Koay_etal_1998_Figure6","heffner1983|h","digitised_from_figure","secondary",""
"Felis catus","Audible_freq_high_60dB.kHz",79.5794229240704,"air","domestic cat","Koay_etal_1998_Figure6","heffner1985b|r","digitised_from_figure","secondary",""
"Mustela nivalis","Audible_freq_high_60dB.kHz",60.3417230707182,"air","least weasel","Koay_etal_1998_Figure6","heffner1985a|r","digitised_from_figure","secondary",""
"Mustela putorius","Audible_freq_high_60dB.kHz",42.5557362730475,"air","ferret","Koay_etal_1998_Figure6","kelly1986","digitised_from_figure","secondary",""
"Phoca vitulina","Audible_freq_high_60dB.kHz",23.2113252768574,"air","harbor seal in air","Koay_etal_1998_Figure6","mohl1968","digitised_from_figure","secondary",""
"Zalophus californianus","Audible_freq_high_60dB.kHz",32.6962567021807,"air","sea lion in air","Koay_etal_1998_Figure6","schusterman1972","digitised_from_figure","secondary",""
"Elephas maximus","Audible_freq_high_60dB.kHz",10.4582305764106,"air","elephant","Koay_etal_1998_Figure6","heffner1980|r","digitised_from_figure","secondary",""
"Equus caballus","Audible_freq_high_60dB.kHz",33.3489788262352,"air","horse","Koay_etal_1998_Figure6","heffner1983|r","digitised_from_figure","secondary",""
"Sus scrofa","Audible_freq_high_60dB.kHz",40.9061962571161,"air","pig","Koay_etal_1998_Figure6","heffner1990a|r","digitised_from_figure","secondary",""
"Bos taurus","Audible_freq_high_60dB.kHz",35.1539843356981,"air","cattle","Koay_etal_1998_Figure6","heffner1983|r","digitised_from_figure","secondary",""
"Capra hircus","Audible_freq_high_60dB.kHz",37.3016524745736,"air","goat","Koay_etal_1998_Figure6","heffner1990a|r","digitised_from_figure","secondary",""
"Ovis aries","Audible_freq_high_60dB.kHz",42.5557362730475,"air","sheep","Koay_etal_1998_Figure6","wollack1963","digitised_from_figure","secondary",""
"Inia geoffrensis","Audible_freq_high_60dB.kHz",105.644128666402,"underwater","dolphin","Koay_etal_1998_Figure6","jacobs1972","digitised_from_figure","secondary",""
"Tursiops truncatus","Audible_freq_high_60dB.kHz",143.045582654408,"underwater","porpoise","Koay_etal_1998_Figure6","johnson1967","digitised_from_figure","secondary",""
"Orcinus orca","Audible_freq_high_60dB.kHz",34.2395893560218,"underwater","killer whale","Koay_etal_1998_Figure6","hall1972","digitised_from_figure","secondary",""
"Phoca vitulina","Audible_freq_high_60dB.kHz",64.0281898690842,"underwater","harbor seal","Koay_etal_1998_Figure6","mohl1968","digitised_from_figure","secondary",""
"Pagophilus groenlandicus","Audible_freq_high_60dB.kHz",91.3886631769377,"underwater","harp seal","Koay_etal_1998_Figure6","terhune1972","digitised_from_figure","secondary",""
"Pusa hispida","Audible_freq_high_60dB.kHz",60.740618412859,"underwater","ringed seal","Koay_etal_1998_Figure6","terhune1975","digitised_from_figure","secondary",""
"Sylvilagus floridanus","Audible_freq_low_60dB.kHz",0.3,"air","","Heffner_etal_2020_Figure3","SELF:Heffner_etal_2020_Figure3","published","primary","value stated in the paper's text, not read off Figure 3"
"Sylvilagus floridanus","Audible_freq_high_60dB.kHz",56,"air","","Heffner_etal_2020_Figure3","SELF:Heffner_etal_2020_Figure3","published","primary","value stated in the paper's text, not read off Figure 3"
"Sylvilagus floridanus","Sound_localization_threshold.deg",27.6,"air","","Heffner_etal_2020_Figure3","SELF:Heffner_etal_2020_Figure3","published","primary","value stated in the paper's text, not read off Figure 3"
