"Species","Measure","Units","Value","Medium","n_studies","Sources","Study_keys","Data_role","value_origin","value_range"
"Acinonyx jubatus","Visual_acuity.cdeg","c/deg",23.02,"air",1,"Veilleux_Kirk_2014_SupplementalTable1","ross2007|c+hughes1977|a","secondary","published",""
"Acomys cahirinus","Audible_freq_high_60dB.kHz","kHz",70.679546,"air",1,"Koay_etal_1998_Figure6","mooney1990","secondary","digitised_from_figure",""
"Acomys cahirinus","Binocular_field.deg","deg",75,"air",1,"Heffner_Heffner_1992_a_Table1","SELF:Heffner_Heffner_1992_a_Table1:spiny mouse","primary","published",""
"Acomys cahirinus","Sound_localization_threshold.deg","deg",19,"air",1,"Heffner_Heffner_1992_a_Table1","mooney1991","secondary","published",""
"Alouatta caraya","Visual_acuity.cdeg","c/deg",59.61,"air",1,"Veilleux_Kirk_2014_SupplementalTable1","ross2007|c+franco2000|b","secondary","published",""
"Aotus azarae","Visual_acuity.cdeg","c/deg",8.3,"air",1,"Veilleux_Kirk_2014_SupplementalTable1","yamada2001|e","secondary","published",""
"Aotus trivirgatus","Audible_freq_high_60dB.kHz","kHz",50.507649,"air",1,"Koay_etal_1998_Figure6","beecher1974a","secondary","digitised_from_figure",""
"Aotus trivirgatus","Visual_acuity.cdeg","c/deg",10,"air",1,"Veilleux_Kirk_2014_SupplementalTable1","jacobs1977|g","secondary","published",""
"Artibeus cinereus","Visual_acuity.cdeg","c/deg",1.4,"air",1,"Veilleux_Kirk_2014_SupplementalTable1","pettigrew1988|j","secondary","published",""
"Artibeus jamaicensis","Visual_acuity.cdeg","c/deg",0.167,"air",1,"Veilleux_Kirk_2014_SupplementalTable1","suthers1966|r","secondary","published",""
"Bos taurus","Audible_freq_high_60dB.kHz","kHz",35.153984,"air",1,"Koay_etal_1998_Figure6","heffner1983|r","secondary","digitised_from_figure",""
"Bos taurus","Binocular_field.deg","deg",20,"air",1,"Heffner_Heffner_1992_a_Table1","SELF:Heffner_Heffner_1992_a_Table1:cow","primary","published",""
"Bos taurus","Field_of_best_vision.deg","deg",132,"air",1,"Heffner_Heffner_1992_a_Table1","SELF:Heffner_Heffner_1992_a_Table1:cow","primary","published",""
"Bos taurus","Sound_localization_threshold.deg","deg",30,"air",1,"Heffner_Heffner_1992_a_Table1","heffnerINPRESS|r","secondary","published",""
"Bos taurus","Visual_acuity.cdeg","c/deg",11.355,"air",2,"Heffner_Heffner_1992_a_Table1; Veilleux_Kirk_2014_SupplementalTable1","hebel1976|r+howland2004|h; SELF:Heffner_Heffner_1992_a_Table1:cow","secondary","published",""
"Callithrix jacchus","Visual_acuity.cdeg","c/deg",30,"air",1,"Veilleux_Kirk_2014_SupplementalTable1","troilo1993|d","secondary","published",""
"Camelus bactrianus","Visual_acuity.cdeg","c/deg",10,"air",1,"Veilleux_Kirk_2014_SupplementalTable1","harman2001|a","secondary","published",""
"Camelus dromedarius","Visual_acuity.cdeg","c/deg",10.4,"air",1,"Veilleux_Kirk_2014_SupplementalTable1","harman2001|a","secondary","published",""
"Canis lupus","Visual_acuity.cdeg","c/deg",14.57,"air",1,"Veilleux_Kirk_2014_SupplementalTable1","peichl1992|l","secondary","published",""
"Canis lupus familiaris","Audible_freq_high_60dB.kHz","kHz",43.981052,"air",1,"Koay_etal_1998_Figure6","heffner1983|h","secondary","digitised_from_figure",""
"Canis lupus familiaris","Binocular_field.deg","deg",75,"air",1,"Heffner_Heffner_1992_a_Table1","SELF:Heffner_Heffner_1992_a_Table1:dog","primary","published",""
"Canis lupus familiaris","Field_of_best_vision.deg","deg",5.1,"air",1,"Heffner_Heffner_1992_a_Table1","SELF:Heffner_Heffner_1992_a_Table1:dog","primary","published",""
"Canis lupus familiaris","Sound_localization_threshold.deg","deg",8,"air",1,"Heffner_Heffner_1992_a_Table1","heffnerINPRESS|r","secondary","published",""
"Canis lupus familiaris","Visual_acuity.cdeg","c/deg",8.3,"air",1,"Heffner_Heffner_1992_a_Table1","SELF:Heffner_Heffner_1992_a_Table1:dog","secondary","published",""
"Capra hircus","Audible_freq_high_60dB.kHz","kHz",37.301652,"air",1,"Koay_etal_1998_Figure6","heffner1990a|r","secondary","digitised_from_figure",""
"Capra hircus","Binocular_field.deg","deg",23,"air",1,"Heffner_Heffner_1992_a_Table1","SELF:Heffner_Heffner_1992_a_Table1:goat","primary","published",""
"Capra hircus","Sound_localization_threshold.deg","deg",18,"air",1,"Heffner_Heffner_1992_a_Table1","heffnerINPRESS|r","secondary","published",""
"Capra hircus","Visual_acuity.cdeg","c/deg",10.465,"air",2,"Heffner_Heffner_1992_a_Table1; Veilleux_Kirk_2014_SupplementalTable1","hughes1973; ribeiro2010|a+gonzalez1997|j","secondary","published",""
"Carollia perspicillata","Visual_acuity.cdeg","c/deg",0.94,"air",1,"Veilleux_Kirk_2014_SupplementalTable1","heffner2007|r","secondary","published",""
"Cavia porcellus","Audible_freq_high_60dB.kHz","kHz",49.193888,"air",1,"Koay_etal_1998_Figure6","heffner1971|r","secondary","digitised_from_figure",""
"Cebus apella","Visual_acuity.cdeg","c/deg",54.75,"air",1,"Veilleux_Kirk_2014_SupplementalTable1","andrade2000|b","secondary","published",""
"Cercopithecus mitis","Audible_freq_high_60dB.kHz","kHz",47.914299,"air",1,"Koay_etal_1998_Figure6","brown1984|c","secondary","digitised_from_figure",""
"Cercopithecus neglectus","Audible_freq_high_60dB.kHz","kHz",42.276265,"air",1,"Koay_etal_1998_Figure6","owren1988","secondary","digitised_from_figure",""
"Cheirogaleus medius","Visual_acuity.cdeg","c/deg",2.84,"air",1,"Veilleux_Kirk_2014_SupplementalTable1","veilleux2009|c","secondary","published",""
"Chinchilla lanigera","Audible_freq_high_60dB.kHz","kHz",33.12997,"air",1,"Koay_etal_1998_Figure6","heffner1991|r","secondary","digitised_from_figure",""
"Chlorocebus aethiops","Audible_freq_high_60dB.kHz","kHz",45.155601,"air",1,"Koay_etal_1998_Figure6","owren1988","secondary","digitised_from_figure",""
"Chlorocebus aethiops","Visual_acuity.cdeg","c/deg",55.23,"air",1,"Veilleux_Kirk_2014_SupplementalTable1","perry1985|v+herbin1997|m","secondary","published",""
"Choloepus didactylus","Visual_acuity.cdeg","c/deg",1.54,"air",1,"Veilleux_Kirk_2014_SupplementalTable1","ross2007|c+andrade1989|b","secondary","published",""
"Crocuta crocuta","Visual_acuity.cdeg","c/deg",8.4,"air",1,"Veilleux_Kirk_2014_SupplementalTable1","calderone2003|j","secondary","published",""
"Cuniculus paca","Visual_acuity.cdeg","c/deg",2.8,"air",1,"Veilleux_Kirk_2014_SupplementalTable1","silveira1989|c","secondary","published",""
"Cynomys leucurus","Audible_freq_high_60dB.kHz","kHz",26.134065,"air",1,"Koay_etal_1998_Figure6","heffner1994|r","secondary","digitised_from_figure",""
"Cynomys ludovicianus","Audible_freq_high_60dB.kHz","kHz",26.134065,"air",1,"Koay_etal_1998_Figure6","heffner1994|r","secondary","digitised_from_figure",""
"Dama dama","Visual_acuity.cdeg","c/deg",18.48,"air",1,"Veilleux_Kirk_2014_SupplementalTable1","ross2007|c+hughes1977|a","secondary","published",""
"Dasyprocta leporina","Visual_acuity.cdeg","c/deg",6.21,"air",1,"Veilleux_Kirk_2014_SupplementalTable1","silveira1989|c","secondary","published",""
"Dasyurus hallucatus","Visual_acuity.cdeg","c/deg",2.8,"air",1,"Veilleux_Kirk_2014_SupplementalTable1","harman1986|a","secondary","published",""
"Desmodus rotundus","Visual_acuity.cdeg","c/deg",0.625,"air",1,"Veilleux_Kirk_2014_SupplementalTable1","manske1976|u","secondary","published",""
"Diceros bicornis","Visual_acuity.cdeg","c/deg",6,"air",1,"Veilleux_Kirk_2014_SupplementalTable1","pettigrew2008|j","secondary","published",""
"Didelphis marsupialis","Visual_acuity.cdeg","c/deg",1.25,"air",1,"Veilleux_Kirk_2014_SupplementalTable1","silveira1982|l","secondary","published",""
"Didelphis virginiana","Audible_freq_high_60dB.kHz","kHz",68.841091,"air",1,"Koay_etal_1998_Figure6","ravizza1969a","secondary","digitised_from_figure",""
"Didelphis virginiana","Binocular_field.deg","deg",77,"air",1,"Heffner_Heffner_1992_a_Table1","SELF:Heffner_Heffner_1992_a_Table1:opossum","primary","published",""
"Didelphis virginiana","Field_of_best_vision.deg","deg",15.8,"air",1,"Heffner_Heffner_1992_a_Table1","SELF:Heffner_Heffner_1992_a_Table1:opossum","primary","published",""
"Didelphis virginiana","Sound_localization_threshold.deg","deg",4.6,"air",1,"Heffner_Heffner_1992_a_Table1","ravizza1972","secondary","published",""
"Didelphis virginiana","Visual_acuity.cdeg","c/deg",2.145,"air",2,"Heffner_Heffner_1992_a_Table1; Veilleux_Kirk_2014_SupplementalTable1","ross2007|c+kolb1985|h; silveira1982","secondary","published",""
"Dipodomys merriami","Audible_freq_high_60dB.kHz","kHz",51.856496,"air",1,"Koay_etal_1998_Figure6","heffner1980|h","secondary","digitised_from_figure",""
"Dipodomys merriami","Binocular_field.deg","deg",20,"air",1,"Heffner_Heffner_1992_a_Table1","SELF:Heffner_Heffner_1992_a_Table1:kangaroo rat","primary","published",""
"Dipodomys merriami","Sound_localization_threshold.deg","deg",27,"air",1,"Heffner_Heffner_1992_a_Table1","heffner1980|h","secondary","published",""
"Elephas maximus","Audible_freq_high_60dB.kHz","kHz",10.458231,"air",1,"Koay_etal_1998_Figure6","heffner1980|r","secondary","digitised_from_figure",""
"Elephas maximus","Binocular_field.deg","deg",80,"air",1,"Heffner_Heffner_1992_a_Table1","SELF:Heffner_Heffner_1992_a_Table1:elephant","primary","published",""
"Elephas maximus","Sound_localization_threshold.deg","deg",1.2,"air",1,"Heffner_Heffner_1992_a_Table1","heffner1982|r","secondary","published",""
"Ellobius lutescens","Visual_acuity.cdeg","c/deg",0.4,"air",1,"Veilleux_Kirk_2014_SupplementalTable1","herbin1994|m","secondary","published",""
"Ellobius talpinus","Visual_acuity.cdeg","c/deg",0.9,"air",1,"Veilleux_Kirk_2014_SupplementalTable1","herbin1994|m","secondary","published",""
"Enhydra lutris","Visual_acuity.cdeg","c/deg",4.2,"air",1,"Veilleux_Kirk_2014_SupplementalTable1","mass2000|a","secondary","published",""
"Eptesicus fuscus","Audible_freq_high_60dB.kHz","kHz",106.3425,"air",1,"Koay_etal_1998_Figure6","koay1997","secondary","digitised_from_figure",""
"Eptesicus fuscus","Visual_acuity.cdeg","c/deg",0.5,"air",1,"Veilleux_Kirk_2014_SupplementalTable1","bell1986|g","secondary","published",""
"Equus caballus","Audible_freq_high_60dB.kHz","kHz",33.348979,"air",1,"Koay_etal_1998_Figure6","heffner1983|r","secondary","digitised_from_figure",""
"Equus caballus","Binocular_field.deg","deg",28,"air",1,"Heffner_Heffner_1992_a_Table1","SELF:Heffner_Heffner_1992_a_Table1:horse","primary","published",""
"Equus caballus","Sound_localization_threshold.deg","deg",25,"air",1,"Heffner_Heffner_1992_a_Table1","heffner1984|h","secondary","published",""
"Equus caballus","Visual_acuity.cdeg","c/deg",23.3,"air",1,"Veilleux_Kirk_2014_SupplementalTable1","timney1992|b","secondary","published",""
"Eulemur fulvus","Audible_freq_high_60dB.kHz","kHz",43.405285,"air",1,"Koay_etal_1998_Figure6","sutherland1988","secondary","digitised_from_figure",""
"Eulemur macaco","Visual_acuity.cdeg","c/deg",5.14,"air",1,"Veilleux_Kirk_2014_SupplementalTable1","veilleux2009|c","secondary","published",""
"Felis catus","Audible_freq_high_60dB.kHz","kHz",79.579423,"air",1,"Koay_etal_1998_Figure6","heffner1985b|r","secondary","digitised_from_figure",""
"Felis catus","Binocular_field.deg","deg",105,"air",1,"Heffner_Heffner_1992_a_Table1","SELF:Heffner_Heffner_1992_a_Table1:cat","primary","published",""
"Felis catus","Field_of_best_vision.deg","deg",4.9,"air",1,"Heffner_Heffner_1992_a_Table1","SELF:Heffner_Heffner_1992_a_Table1:cat","primary","published",""
"Felis catus","Sound_localization_threshold.deg","deg",5.7,"air",1,"Heffner_Heffner_1992_a_Table1","casseday1973+heffner1988c|r","secondary","published",""
"Felis catus","Visual_acuity.cdeg","c/deg",9,"air",1,"Heffner_Heffner_1992_a_Table1","belleville1986+jacobson1976","secondary","published",""
"Galago senegalensis","Audible_freq_high_60dB.kHz","kHz",65.738113,"air",1,"Koay_etal_1998_Figure6","heffner1969b|h","secondary","digitised_from_figure",""
"Galago senegalensis","Visual_acuity.cdeg","c/deg",6.7,"air",1,"Veilleux_Kirk_2014_SupplementalTable1","treff1967|h","secondary","published",""
"Geomys bursarius","Audible_freq_high_60dB.kHz","kHz",8.753821,"air",1,"Koay_etal_1998_Figure6","heffner1990b|r","secondary","digitised_from_figure",""
"Geomys bursarius","Binocular_field.deg","deg",4,"air",1,"Heffner_Heffner_1992_a_Table1","SELF:Heffner_Heffner_1992_a_Table1:gopher","primary","published",""
"Geomys bursarius","Field_of_best_vision.deg","deg",166,"air",1,"Heffner_Heffner_1992_a_Table1","SELF:Heffner_Heffner_1992_a_Table1:gopher","primary","published",""
"Geomys bursarius","Sound_localization_threshold.deg","deg",90,"air",1,"Heffner_Heffner_1992_a_Table1","heffner1990|r","secondary","published",""
"Geomys bursarius","Visual_acuity.cdeg","c/deg",1.7,"air",1,"Heffner_Heffner_1992_a_Table1","SELF:Heffner_Heffner_1992_a_Table1:gopher","secondary","published",""
"Giraffa camelopardalis","Visual_acuity.cdeg","c/deg",25.46,"air",1,"Veilleux_Kirk_2014_SupplementalTable1","coimbra2013|j","secondary","published",""
"Hemiechinus auritus","Audible_freq_high_60dB.kHz","kHz",59.551774,"air",1,"Koay_etal_1998_Figure6","ravizza1969b","secondary","digitised_from_figure",""
"Heterocephalus glaber","Audible_freq_high_60dB.kHz","kHz",11.468833,"air",1,"Koay_etal_1998_Figure6","heffner1993|r","secondary","digitised_from_figure",""
"Heterocephalus glaber","Visual_acuity.cdeg","c/deg",0.44,"air",1,"Veilleux_Kirk_2014_SupplementalTable1","heffner1993|r","secondary","published",""
"Homo sapiens","Audible_freq_high_60dB.kHz","kHz",17.716518,"air",1,"Koay_etal_1998_Figure6","heffner1991|r","secondary","digitised_from_figure",""
"Homo sapiens","Binocular_field.deg","deg",105,"air",1,"Heffner_Heffner_1992_a_Table1","SELF:Heffner_Heffner_1992_a_Table1:man","primary","published",""
"Homo sapiens","Field_of_best_vision.deg","deg",0.7,"air",1,"Heffner_Heffner_1992_a_Table1","SELF:Heffner_Heffner_1992_a_Table1:man","primary","published",""
"Homo sapiens","Sound_localization_threshold.deg","deg",1.3,"air",1,"Heffner_Heffner_1992_a_Table1","heffner1988c|r","secondary","published",""
"Homo sapiens","Visual_acuity.cdeg","c/deg",65.5,"air",2,"Heffner_Heffner_1992_a_Table1; Veilleux_Kirk_2014_SupplementalTable1","cavonius1973; pettigrew1988|j","secondary","published",""
"Hydrochoerus hydrochaeris","Visual_acuity.cdeg","c/deg",5.8,"air",1,"Veilleux_Kirk_2014_SupplementalTable1","silveira1989|c","secondary","published",""
"Inia geoffrensis","Audible_freq_high_60dB.kHz","kHz",105.644129,"underwater",1,"Koay_etal_1998_Figure6","jacobs1972","secondary","digitised_from_figure",""
"Lemmus lemmus","Visual_acuity.cdeg","c/deg",0.83,"air",1,"Veilleux_Kirk_2014_SupplementalTable1","rahmann1965|v","secondary","published",""
"Lemur catta","Visual_acuity.cdeg","c/deg",6.7,"air",1,"Veilleux_Kirk_2014_SupplementalTable1","neuringer1981|m","secondary","published",""
"Loxodonta africana","Visual_acuity.cdeg","c/deg",13.16,"air",1,"Veilleux_Kirk_2014_SupplementalTable1","pettigrew2010|j","secondary","published",""
"Lynx lynx","Visual_acuity.cdeg","c/deg",8,"air",1,"Veilleux_Kirk_2014_SupplementalTable1","maffei1990|l","secondary","published",""
"Macaca fascicularis","Visual_acuity.cdeg","c/deg",46,"air",1,"Veilleux_Kirk_2014_SupplementalTable1","valois1974|r","secondary","published",""
"Macaca fuscata","Audible_freq_high_60dB.kHz","kHz",34.465934,"air",1,"Koay_etal_1998_Figure6","jackson1997","secondary","digitised_from_figure",""
"Macaca mulatta","Audible_freq_high_60dB.kHz","kHz",40.906196,"air",1,"Koay_etal_1998_Figure6","pfingst1978","secondary","digitised_from_figure",""
"Macaca mulatta","Visual_acuity.cdeg","c/deg",53.6,"air",1,"Veilleux_Kirk_2014_SupplementalTable1","cowey1967|a+cavonius1973|c","secondary","published",""
"Macaca nemestrina","Audible_freq_high_60dB.kHz","kHz",34.465934,"air",1,"Koay_etal_1998_Figure6","stebbins1966","secondary","digitised_from_figure",""
"Macaca nemestrina","Visual_acuity.cdeg","c/deg",46,"air",1,"Veilleux_Kirk_2014_SupplementalTable1","valois1974|r","secondary","published",""
"Macroderma gigas","Visual_acuity.cdeg","c/deg",1.9,"air",1,"Veilleux_Kirk_2014_SupplementalTable1","pettigrew1988|j","secondary","published",""
"Macropus eugenii","Visual_acuity.cdeg","c/deg",2.7,"air",1,"Veilleux_Kirk_2014_SupplementalTable1","hemmi1998|j","secondary","published",""
"Macropus fuliginosus","Visual_acuity.cdeg","c/deg",11.23,"air",1,"Veilleux_Kirk_2014_SupplementalTable1","ross2007|c+dunlop1987|s","secondary","published",""
"Marmota monax","Audible_freq_high_60dB.kHz","kHz",27.548565,"air",1,"Koay_etal_1998_Figure6","conesa1991","secondary","digitised_from_figure",""
"Megaderma lyra","Visual_acuity.cdeg","c/deg",1.5,"air",1,"Veilleux_Kirk_2014_SupplementalTable1","pettigrew1988|j","secondary","published",""
"Meriones unguiculatus","Audible_freq_high_60dB.kHz","kHz",58.386198,"air",1,"Koay_etal_1998_Figure6","ryan1976","secondary","digitised_from_figure",""
"Meriones unguiculatus","Binocular_field.deg","deg",48,"air",1,"Heffner_Heffner_1992_a_Table1","SELF:Heffner_Heffner_1992_a_Table1:gerbil","primary","published",""
"Meriones unguiculatus","Field_of_best_vision.deg","deg",200,"air",1,"Heffner_Heffner_1992_a_Table1","SELF:Heffner_Heffner_1992_a_Table1:gerbil","primary","published",""
"Meriones unguiculatus","Sound_localization_threshold.deg","deg",27,"air",1,"Heffner_Heffner_1992_a_Table1","heffner1988b|r","secondary","published",""
"Meriones unguiculatus","Visual_acuity.cdeg","c/deg",2,"air",1,"Heffner_Heffner_1992_a_Table1","baker1983","secondary","published",""
"Mesocricetus auratus","Audible_freq_high_60dB.kHz","kHz",46.361516,"air",1,"Koay_etal_1998_Figure6","heffner1993|r","secondary","digitised_from_figure",""
"Mesocricetus auratus","Visual_acuity.cdeg","c/deg",0.5,"air",1,"Veilleux_Kirk_2014_SupplementalTable1","emerson1980|v","secondary","published",""
"Microcebus murinus","Visual_acuity.cdeg","c/deg",4.2,"air",1,"Veilleux_Kirk_2014_SupplementalTable1","dkhissi2001|o","secondary","published",""
"Monodelphis domestica","Audible_freq_high_60dB.kHz","kHz",76.494775,"air",1,"Koay_etal_1998_Figure6","frost1994","secondary","digitised_from_figure",""
"Mus musculus","Audible_freq_high_60dB.kHz","kHz",85.524804,"air",2,"Koay_etal_1998_Figure6","heffner1980|h; markl1973","secondary","digitised_from_figure",""
"Mus musculus","Visual_acuity.cdeg","c/deg",0.5,"air",1,"Veilleux_Kirk_2014_SupplementalTable1","prusky2000|g","secondary","published",""
"Mustela nivalis","Audible_freq_high_60dB.kHz","kHz",60.341723,"air",1,"Koay_etal_1998_Figure6","heffner1985a|r","secondary","digitised_from_figure",""
"Mustela nivalis","Binocular_field.deg","deg",69,"air",1,"Heffner_Heffner_1992_a_Table1","SELF:Heffner_Heffner_1992_a_Table1:least weasel","primary","published",""
"Mustela nivalis","Field_of_best_vision.deg","deg",23,"air",1,"Heffner_Heffner_1992_a_Table1","SELF:Heffner_Heffner_1992_a_Table1:least weasel","primary","published",""
"Mustela nivalis","Sound_localization_threshold.deg","deg",12,"air",1,"Heffner_Heffner_1992_a_Table1","heffner1987|r","secondary","published",""
"Mustela nivalis","Visual_acuity.cdeg","c/deg",2.2,"air",2,"Heffner_Heffner_1992_a_Table1; Veilleux_Kirk_2014_SupplementalTable1","heffner1992|r; SELF:Heffner_Heffner_1992_a_Table1:least weasel","secondary","published",""
"Mustela putorius","Audible_freq_high_60dB.kHz","kHz",42.555736,"air",1,"Koay_etal_1998_Figure6","kelly1986","secondary","digitised_from_figure",""
"Mustela putorius","Sound_localization_threshold.deg","deg",8.5,"air",1,"Heffner_Heffner_1992_a_Table1","kavanagh1987","secondary","published",""
"Mustela putorius","Visual_acuity.cdeg","c/deg",3.57,"air",1,"Veilleux_Kirk_2014_SupplementalTable1","pontenagel1980|v","secondary","published",""
"Myotis daubentonii","Visual_acuity.cdeg","c/deg",0.1,"air",1,"Veilleux_Kirk_2014_SupplementalTable1","eklöf2003|j","secondary","published",""
"Myotis lucifugus","Audible_freq_high_60dB.kHz","kHz",115.852762,"air",1,"Koay_etal_1998_Figure6","dalland1965","secondary","digitised_from_figure",""
"Myotis mystacinus","Visual_acuity.cdeg","c/deg",0.1,"air",1,"Veilleux_Kirk_2014_SupplementalTable1","eklöf2003|j","secondary","published",""
"Myrmecobius fasciatus","Visual_acuity.cdeg","c/deg",5.2,"air",1,"Veilleux_Kirk_2014_SupplementalTable1","arrese2000|c","secondary","published",""
"Nannospalax ehrenbergi","Audible_freq_high_60dB.kHz","kHz",5.856607,"air",1,"Koay_etal_1998_Figure6","heffner1992|r","secondary","digitised_from_figure",""
"Neotoma floridana","Audible_freq_high_60dB.kHz","kHz",56.494047,"air",1,"Koay_etal_1998_Figure6","heffner1985|h","secondary","digitised_from_figure",""
"Neotoma floridana","Binocular_field.deg","deg",85,"air",1,"Heffner_Heffner_1992_a_Table1","SELF:Heffner_Heffner_1992_a_Table1:wood rat","primary","published",""
"Neotoma floridana","Field_of_best_vision.deg","deg",156.2,"air",1,"Heffner_Heffner_1992_a_Table1","SELF:Heffner_Heffner_1992_a_Table1:wood rat","primary","published",""
"Neotoma floridana","Sound_localization_threshold.deg","deg",19,"air",1,"Heffner_Heffner_1992_a_Table1","heffner1988a|r","secondary","published",""
"Neotoma floridana","Visual_acuity.cdeg","c/deg",2.3,"air",1,"Heffner_Heffner_1992_a_Table1","SELF:Heffner_Heffner_1992_a_Table1:wood rat","secondary","published",""
"Noctilio leporinus","Audible_freq_high_60dB.kHz","kHz",111.362092,"air",1,"Koay_etal_1998_Figure6","wenstrup1984","secondary","digitised_from_figure",""
"Nycticebus coucang","Audible_freq_high_60dB.kHz","kHz",44.271794,"air",1,"Koay_etal_1998_Figure6","heffner1970|h","secondary","digitised_from_figure",""
"Nyctophilus gouldi","Visual_acuity.cdeg","c/deg",0.6,"air",1,"Veilleux_Kirk_2014_SupplementalTable1","pettigrew1988|j","secondary","published",""
"Odobenus rosmarus","Visual_acuity.cdeg","c/deg",3.8,"air",1,"Veilleux_Kirk_2014_SupplementalTable1","mass1992|a","secondary","published",""
"Onychomys leucogaster","Audible_freq_high_60dB.kHz","kHz",67.939875,"air",1,"Koay_etal_1998_Figure6","heffner1985|h","secondary","digitised_from_figure",""
"Onychomys leucogaster","Binocular_field.deg","deg",52,"air",1,"Heffner_Heffner_1992_a_Table1","SELF:Heffner_Heffner_1992_a_Table1:grasshopper mouse","primary","published",""
"Onychomys leucogaster","Field_of_best_vision.deg","deg",68.5,"air",1,"Heffner_Heffner_1992_a_Table1","SELF:Heffner_Heffner_1992_a_Table1:grasshopper mouse","primary","published",""
"Onychomys leucogaster","Sound_localization_threshold.deg","deg",19.3,"air",1,"Heffner_Heffner_1992_a_Table1","heffner1988a|r","secondary","published",""
"Onychomys leucogaster","Visual_acuity.cdeg","c/deg",2.3,"air",1,"Heffner_Heffner_1992_a_Table1","SELF:Heffner_Heffner_1992_a_Table1:grasshopper mouse","secondary","published",""
"Orcinus orca","Audible_freq_high_60dB.kHz","kHz",34.239589,"underwater",1,"Koay_etal_1998_Figure6","hall1972","secondary","digitised_from_figure",""
"Oryctolagus cuniculus","Audible_freq_high_60dB.kHz","kHz",49.193888,"air",1,"Koay_etal_1998_Figure6","heffner1980|h","secondary","digitised_from_figure",""
"Oryctolagus cuniculus","Visual_acuity.cdeg","c/deg",3,"air",1,"Veilleux_Kirk_2014_SupplementalTable1","van1967|m","secondary","published",""
"Otolemur crassicaudatus","Visual_acuity.cdeg","c/deg",4.8,"air",1,"Veilleux_Kirk_2014_SupplementalTable1","langston1986|a","secondary","published",""
"Ovis aries","Audible_freq_high_60dB.kHz","kHz",42.555736,"air",1,"Koay_etal_1998_Figure6","wollack1963","secondary","digitised_from_figure",""
"Ovis aries","Visual_acuity.cdeg","c/deg",5.61,"air",1,"Veilleux_Kirk_2014_SupplementalTable1","tanaka1995|t","secondary","published",""
"Pagophilus groenlandicus","Audible_freq_high_60dB.kHz","kHz",91.388663,"underwater",1,"Koay_etal_1998_Figure6","terhune1972","secondary","digitised_from_figure",""
"Pan troglodytes","Audible_freq_high_60dB.kHz","kHz",23.058892,"air",1,"Koay_etal_1998_Figure6","farrer1965","secondary","digitised_from_figure",""
"Pan troglodytes","Visual_acuity.cdeg","c/deg",64.28,"air",1,"Veilleux_Kirk_2014_SupplementalTable1","spence1934|k","secondary","published",""
"Papio cynocephalus","Audible_freq_high_60dB.kHz","kHz",40.370683,"air",1,"Koay_etal_1998_Figure6","heinz1982","secondary","digitised_from_figure",""
"Paraechinus hypomelas","Binocular_field.deg","deg",35,"air",1,"Heffner_Heffner_1992_a_Table1","SELF:Heffner_Heffner_1992_a_Table1:hedgehog","primary","published",""
"Paraechinus hypomelas","Sound_localization_threshold.deg","deg",19,"air",1,"Heffner_Heffner_1992_a_Table1","chambers1971","secondary","published",""
"Perodicticus potto","Audible_freq_high_60dB.kHz","kHz",42.276265,"air",1,"Koay_etal_1998_Figure6","heffner1970|h","secondary","digitised_from_figure",""
"Peromyscus maniculatus","Visual_acuity.cdeg","c/deg",0.56,"air",1,"Veilleux_Kirk_2014_SupplementalTable1","rahmann1968|h","secondary","published",""
"Phascolarctos cinereus","Visual_acuity.cdeg","c/deg",2.4,"air",1,"Veilleux_Kirk_2014_SupplementalTable1","schmid1992|k","secondary","published",""
"Phoca vitulina","Audible_freq_high_60dB.kHz","kHz",23.211325,"air",1,"Koay_etal_1998_Figure6","mohl1968","secondary","digitised_from_figure",""
"Phoca vitulina","Audible_freq_high_60dB.kHz","kHz",64.02819,"underwater",1,"Koay_etal_1998_Figure6","mohl1968","secondary","digitised_from_figure",""
"Phoca vitulina","Sound_localization_threshold.deg","deg",3.2,"air",1,"Heffner_Heffner_1992_a_Table1","terhune1974","secondary","published",""
"Phoca vitulina","Visual_acuity.cdeg","c/deg",3.6,"air",1,"Heffner_Heffner_1992_a_Table1","schusterman1972","secondary","published",""
"Phyllostomus hastatus","Visual_acuity.cdeg","c/deg",0.167,"air",1,"Veilleux_Kirk_2014_SupplementalTable1","suthers1966|r","secondary","published",""
"Phyllotis darwini","Audible_freq_high_60dB.kHz","kHz",74.015771,"air",1,"Koay_etal_1998_Figure6","mooney1990","secondary","digitised_from_figure",""
"Plecotus auritus","Visual_acuity.cdeg","c/deg",1,"air",1,"Veilleux_Kirk_2014_SupplementalTable1","eklöf2003|j","secondary","published",""
"Pteropus giganteus","Visual_acuity.cdeg","c/deg",1.7,"air",1,"Veilleux_Kirk_2014_SupplementalTable1","müller2007|b","secondary","published",""
"Pteropus poliocephalus","Visual_acuity.cdeg","c/deg",5.5,"air",1,"Veilleux_Kirk_2014_SupplementalTable1","pettigrew1988|j","secondary","published",""
"Pteropus scapulatus","Visual_acuity.cdeg","c/deg",4,"air",1,"Veilleux_Kirk_2014_SupplementalTable1","pettigrew1988|j","secondary","published",""
"Pusa hispida","Audible_freq_high_60dB.kHz","kHz",60.740618,"underwater",1,"Koay_etal_1998_Figure6","terhune1975","secondary","digitised_from_figure",""
"Rattus norvegicus","Audible_freq_high_60dB.kHz","kHz",70.704095,"air",2,"Koay_etal_1998_Figure6","heffner1994|h; kelly1977","secondary","digitised_from_figure",""
"Rattus norvegicus","Binocular_field.deg","deg",55.5,"air",2,"Heffner_Heffner_1992_a_Table1","SELF:Heffner_Heffner_1992_a_Table1:norway rat domestic; SELF:Heffner_Heffner_1992_a_Table1:norway rat wild","primary","published",""
"Rattus norvegicus","Field_of_best_vision.deg","deg",52.8,"air",1,"Heffner_Heffner_1992_a_Table1","SELF:Heffner_Heffner_1992_a_Table1:norway rat wild","primary","published",""
"Rattus norvegicus","Sound_localization_threshold.deg","deg",11.95,"air",2,"Heffner_Heffner_1992_a_Table1","heffner1985|h; kavanagh1986+kelly1980","secondary","published",""
"Rattus norvegicus","Visual_acuity.cdeg","c/deg",1.55,"air",2,"Heffner_Heffner_1992_a_Table1; Veilleux_Kirk_2014_SupplementalTable1","SELF:Heffner_Heffner_1992_a_Table1:norway rat wild; seymoure1997|p","secondary","published",""
"Rhinolophus ferrumequinum","Audible_freq_high_60dB.kHz","kHz",102.896205,"air",1,"Koay_etal_1998_Figure6","long1975","secondary","digitised_from_figure",""
"Rhinolophus rouxii","Visual_acuity.cdeg","c/deg",0.4,"air",1,"Veilleux_Kirk_2014_SupplementalTable1","pettigrew1988|j","secondary","published",""
"Rousettus aegyptiacus","Audible_freq_high_60dB.kHz","kHz",64.02819,"air",1,"Koay_etal_1998_Figure6","SELF:Koay_etal_1998_Figure6:Egyptian fruit bat","primary","digitised_from_figure",""
"Rousettus madagascariensis","Visual_acuity.cdeg","c/deg",3,"air",1,"Veilleux_Kirk_2014_SupplementalTable1","pettigrew1988|j","secondary","published",""
"Saguinus midas","Visual_acuity.cdeg","c/deg",24.87,"air",1,"Veilleux_Kirk_2014_SupplementalTable1","ross2007|c+franco2000|b","secondary","published",""
"Saimiri sciureus","Audible_freq_high_60dB.kHz","kHz",43.120234,"air",1,"Koay_etal_1998_Figure6","beecher1974b","secondary","digitised_from_figure",""
"Saimiri sciureus","Visual_acuity.cdeg","c/deg",40.5,"air",1,"Veilleux_Kirk_2014_SupplementalTable1","cowey1967|a","secondary","published",""
"Sarcophilus harrisii","Visual_acuity.cdeg","c/deg",4.75,"air",1,"Veilleux_Kirk_2014_SupplementalTable1","ross2007|c+tancred1981|e","secondary","published",""
"Sciurus carolinensis","Visual_acuity.cdeg","c/deg",3.9,"air",1,"Veilleux_Kirk_2014_SupplementalTable1","jacobs1982|g","secondary","published",""
"Sciurus niger","Audible_freq_high_60dB.kHz","kHz",48.870822,"air",1,"Koay_etal_1998_Figure6","jackson1997","secondary","digitised_from_figure",""
"Sciurus niger","Visual_acuity.cdeg","c/deg",3.9,"air",1,"Veilleux_Kirk_2014_SupplementalTable1","jacobs1982|g","secondary","published",""
"Setonix brachyurus","Visual_acuity.cdeg","c/deg",4,"air",1,"Veilleux_Kirk_2014_SupplementalTable1","arrese1999|c+fleming1997|p","secondary","published",""
"Sigmodon hispidus","Audible_freq_high_60dB.kHz","kHz",72.090537,"air",1,"Koay_etal_1998_Figure6","heffner1980|h","secondary","digitised_from_figure",""
"Sminthopsis crassicaudata","Visual_acuity.cdeg","c/deg",2.36,"air",1,"Veilleux_Kirk_2014_SupplementalTable1","arrese1999|c","secondary","published",""
"Spermophilus beecheyi","Visual_acuity.cdeg","c/deg",4,"air",1,"Veilleux_Kirk_2014_SupplementalTable1","drickamer1970|l","secondary","published",""
"Suricata suricatta","Visual_acuity.cdeg","c/deg",6.3,"air",1,"Veilleux_Kirk_2014_SupplementalTable1","moran1983|g","secondary","published",""
"Sus scrofa","Audible_freq_high_60dB.kHz","kHz",40.906196,"air",1,"Koay_etal_1998_Figure6","heffner1990a|r","secondary","digitised_from_figure",""
"Sus scrofa","Binocular_field.deg","deg",47,"air",1,"Heffner_Heffner_1992_a_Table1","SELF:Heffner_Heffner_1992_a_Table1:pig","primary","published",""
"Sus scrofa","Field_of_best_vision.deg","deg",11.6,"air",1,"Heffner_Heffner_1992_a_Table1","SELF:Heffner_Heffner_1992_a_Table1:pig","primary","published",""
"Sus scrofa","Sound_localization_threshold.deg","deg",4.6,"air",1,"Heffner_Heffner_1992_a_Table1","heffner1989|r","secondary","published",""
"Sus scrofa","Visual_acuity.cdeg","c/deg",8.96,"air",2,"Heffner_Heffner_1992_a_Table1; Veilleux_Kirk_2014_SupplementalTable1","garcá2005|m+guthoff1987|r; SELF:Heffner_Heffner_1992_a_Table1:pig","secondary","published",""
"Sylvilagus floridanus","Audible_freq_high_60dB.kHz","kHz",56,"air",1,"Heffner_etal_2020_Figure3","SELF:Heffner_etal_2020_Figure3","primary","published",""
"Sylvilagus floridanus","Audible_freq_low_60dB.kHz","kHz",0.3,"air",1,"Heffner_etal_2020_Figure3","SELF:Heffner_etal_2020_Figure3","primary","published",""
"Sylvilagus floridanus","Hearing_range.octaves","octaves",7.544321,"air",0,"DERIVED from the merged limits","","derived","recomputed",""
"Sylvilagus floridanus","Sound_localization_threshold.deg","deg",27.6,"air",1,"Heffner_etal_2020_Figure3","SELF:Heffner_etal_2020_Figure3","primary","published",""
"Tachyglossus aculeatus","Visual_acuity.cdeg","c/deg",1.69,"air",1,"Veilleux_Kirk_2014_SupplementalTable1","howland2004|h+stone1983|j","secondary","published",""
"Tamias striatus","Audible_freq_high_60dB.kHz","kHz",52.544367,"air",1,"Koay_etal_1998_Figure6","heffner1989|r","secondary","digitised_from_figure",""
"Taphozous georgianus","Visual_acuity.cdeg","c/deg",1.3,"air",1,"Veilleux_Kirk_2014_SupplementalTable1","pettigrew1988|j","secondary","published",""
"Tarsipes rostratus","Visual_acuity.cdeg","c/deg",0.63,"air",1,"Veilleux_Kirk_2014_SupplementalTable1","arrese2002|c","secondary","published",""
"Tarsius syrichta","Visual_acuity.cdeg","c/deg",8.89,"air",1,"Veilleux_Kirk_2014_SupplementalTable1","veilleux2009|c","secondary","published",""
"Thylamys elegans","Audible_freq_high_60dB.kHz","kHz",78.021856,"air",1,"Koay_etal_1998_Figure6","frost1994","secondary","digitised_from_figure",""
"Trichosurus vulpecula","Visual_acuity.cdeg","c/deg",4.8,"air",1,"Veilleux_Kirk_2014_SupplementalTable1","freeman1978|b","secondary","published",""
"Tupaia belangeri","Visual_acuity.cdeg","c/deg",2.4,"air",1,"Veilleux_Kirk_2014_SupplementalTable1","petry1984|h","secondary","published",""
"Tupaia glis","Audible_freq_high_60dB.kHz","kHz",61.142151,"air",1,"Koay_etal_1998_Figure6","heffner1969a|h","secondary","digitised_from_figure",""
"Tupaia glis","Visual_acuity.cdeg","c/deg",4.7,"air",1,"Veilleux_Kirk_2014_SupplementalTable1","schäfer1969|d","secondary","published",""
"Tursiops truncatus","Audible_freq_high_60dB.kHz","kHz",143.045583,"underwater",1,"Koay_etal_1998_Figure6","johnson1967","secondary","digitised_from_figure",""
"Tursiops truncatus","Sound_localization_threshold.deg","deg",1.1,"air",1,"Heffner_Heffner_1992_a_Table1","renaud1975","secondary","published",""
"Zalophus californianus","Audible_freq_high_60dB.kHz","kHz",32.696257,"air",1,"Koay_etal_1998_Figure6","schusterman1972","secondary","digitised_from_figure",""
"Zalophus californianus","Sound_localization_threshold.deg","deg",8.8,"air",1,"Heffner_Heffner_1992_a_Table1","moore1975","secondary","published",""
"Zalophus californianus","Visual_acuity.cdeg","c/deg",4.3,"air",1,"Heffner_Heffner_1992_a_Table1","schusterman1972","secondary","published",""
