Species,Body_Mass.g,Cerebellum_C.n,Cerebellum_Mass.g,Cerebellum_N.n,Cerebellum_N.p.mg,Cerebellum_O.n,Cerebellum_O.p.N,Cerebellum_O.p.mg,Cerebellum_p.C.N,CerebralCortex_C.n,CerebralCortex_Mass.g,CerebralCortex_N.n,CerebralCortex_N.p.mg,CerebralCortex_O.n,CerebralCortex_O.p.N,CerebralCortex_O.p.mg,CerebralCortex_p.C.N,RoB_C.n,RoB_Mass.g,RoB_N.n,RoB_N.p.mg,RoB_O.n,RoB_O.p.N,RoB_O.p.mg,RoB_p.C.N,WholeBrain_C.n,WholeBrain_Mass.g,WholeBrain_N.n,WholeBrain_N.p.mg,WholeBrain_O.n,WholeBrain_O.p.N,WholeBrain_O.p.mg,WholeBrain_p.C.N,Cerebellum_I.n,Cerebellum_I.p.C,Cerebellum_I.p.mg,CerebralCortexGrey_N.n,CerebralCortexGrey_N.p.mg,CerebralCortexGrey_O.p.N,CerebralCortexNoHippocampus_I.p.C,CerebralCortex_I.n,CerebralCortex_I.p.C,CerebralCortex_I.p.mg,DiencephalonStriatum_Mass.g,DiencephalonStriatum_N.n,DiencephalonStriatum_N.p.mg,DiencephalonStriatum_O.p.N,Hippocampus_I.p.C,Hippocampus_Mass.g,Hippocampus_N.n,Hippocampus_N.p.mg,Hippocampus_O.p.N,Mesencephalon_Mass.g,Mesencephalon_N.n,Mesencephalon_N.p.mg,Mesencephalon_O.p.N,OlfactoryBulb_C.n,OlfactoryBulb_Mass.g,OlfactoryBulb_N.n,OlfactoryBulb_N.p.mg,OlfactoryBulb_O.n,OlfactoryBulb_O.p.N,OlfactoryBulb_O.p.mg,OlfactoryBulb_p.C.N,PonsMedulla_Mass.g,PonsMedulla_N.n,PonsMedulla_N.p.mg,PonsMedulla_O.p.N,RoB_I.n,RoB_I.p.C,RoB_I.p.mg,Species_Kazu2015,WholeBrain_I.n,WholeBrain_I.p.C,WholeBrain_I.p.mg,body_mass_approximate,source_printing,SpinalCord_C.n,SpinalCord_Length.mm,SpinalCord_Mass.g,SpinalCord_N.n,SpinalCord_N.p.mg,SpinalCord_O.n,SpinalCord_O.p.N,SpinalCord_O.p.mg,SpinalCord_p.C.Body.mass,SpinalCord_p.C.CNS.mass,SpinalCord_p.C.CNS.neurons,SpinalCord_p.C.N,Amygdala_C.n,Amygdala_Mass.g,Amygdala_N.n,Amygdala_N.p.mg,Amygdala_O.n,Amygdala_O.p.N,Amygdala_O.p.mg,Amygdala_p.C.N,CerebralCortexGrey_C.n,CerebralCortexGrey_Mass.g,CerebralCortexGrey_O.n,CerebralCortexGrey_O.p.mg,CerebralCortexGrey_p.C.N,CerebralCortexWhite_C.n,CerebralCortexWhite_Mass.g,CerebralCortexWhite_N.n,CerebralCortexWhite_N.p.mg,CerebralCortexWhite_O.n,CerebralCortexWhite_O.p.N,CerebralCortexWhite_O.p.mg,CerebralCortexWhite_p.C.N,DiencephalonStriatum_C.n,DiencephalonStriatum_O.n,DiencephalonStriatum_O.p.mg,DiencephalonStriatum_p.C.N,Hippocampus_C.n,Hippocampus_O.n,Hippocampus_O.p.mg,Hippocampus_p.C.N,Medulla_C.n,Medulla_Mass.g,Medulla_N.n,Medulla_N.p.mg,Medulla_O.n,Medulla_O.p.N,Medulla_O.p.mg,Medulla_p.C.N,Mesencephalon_C.n,Mesencephalon_O.n,Mesencephalon_O.p.mg,Mesencephalon_p.C.N,Pons_C.n,Pons_Mass.g,Pons_N.n,Pons_N.p.mg,Pons_O.n,Pons_O.p.N,Pons_O.p.mg,Pons_p.C.N,Amygdala_Vol.mm3,Cerebellum_Vol.mm3,EntorhinalCortex_Vol.mm3,Hippocampus_Vol.mm3,Hypothalamus_Vol.mm3,Medulla_Vol.mm3,MesencephalonMedulla_N.n,Neocortex_Vol.mm3,OlfactoryBulb_Vol.mm3,OlfactoryCortices_Vol.mm3,Septum_Vol.mm3,Striatum_Vol.mm3,SubcorticalForebrain_N.n,Tectum_Vol.mm3,Tegmentum_Vol.mm3,Thalamus_Vol.mm3,WholeBrainOlfactoryBulb_Mass.g,WholeBrainOlfactoryBulb_N.n,WholeBrainOlfactoryBulb_N.p.mg,Hippocampus_I.n,Hippocampus_I.p.mg,MesencephalonDiencephalonStriatum_Mass.g,MesencephalonDiencephalonStriatum_N.n,MesencephalonDiencephalonStriatum_N.p.mg,MesencephalonDiencephalonStriatum_O.p.N,consistency_flags,parse_flags
Amblysomus hottentotus,79,42644000,0.084,34488379,409687,8155621,0.236,96849,80.8751031798143,42886000,0.439,21516000,48932,21370000,0.982,48146,50.1702187193956,25905000,0.289,9070358,31616,16834642,1.839,58880,35.0139278131635,111705000,0.812,65074000,80140.3940886699,46631000,0.716584196453269,57427.3399014778,58.2552258180028,NA,NA,NA,NA,NA,NA,NA,NA,NA,NA,NA,NA,NA,NA,NA,NA,NA,NA,NA,NA,NA,NA,NA,NA,NA,NA,NA,NA,NA,NA,NA,NA,NA,NA,NA,NA,NA,NA,NA,NA,NA,NA,NA,NA,NA,NA,NA,NA,NA,NA,NA,NA,NA,NA,NA,NA,NA,NA,NA,NA,NA,NA,NA,NA,NA,NA,NA,NA,NA,NA,NA,NA,NA,NA,NA,NA,NA,NA,NA,NA,NA,NA,NA,NA,NA,NA,NA,NA,NA,NA,NA,NA,NA,NA,NA,NA,NA,NA,NA,NA,NA,NA,NA,NA,NA,NA,NA,NA,NA,NA,NA,NA,NA,NA,NA,NA,NA,NA,NA,NA,NA,NA,NA,NA,NA,NA,NA,NA,NA,NA,NA,NA
Antidorcas marsupialis,25000,2724458750,11.458,2257214074,196999,467244676,0.207,40779,82.8499999862358,4523155434,68.806,396896159,5768,4126259275,10.396,59969,8.77476276885337,1389765624,25.81,70485000,2731,1319280624,18.71,51115,5.07171848136028,8637379808,106.074,2724595233,25685.7970190622,5912784575,2.17015155256274,55742.0722797292,31.5,58975662,0.0216467443304106,5147.11659975563,293770000,6684,7.239,0.0587,265211296.841804,0.0586341328994011,3854.4792146296,12.194,40120000,3290,19.408,0.057,3.434,20480000,5965,10.111,5.304,7520000,1418,30.25,121200000,1.2,15998400,13332,105201600,6.576,87668,13.2,8.312,22840000,2748,13.706,84309976,0.0606648880530952,3266.56241766757,NA,407587369.037256,0.0471887746165505,3842.4813718466,NA,NA,NA,NA,NA,NA,NA,NA,NA,NA,NA,NA,NA,NA,NA,NA,NA,NA,NA,NA,NA,NA,NA,NA,NA,NA,NA,NA,NA,NA,NA,NA,NA,NA,NA,NA,NA,NA,NA,NA,NA,NA,NA,NA,NA,NA,NA,NA,NA,NA,NA,NA,NA,NA,NA,NA,NA,NA,NA,NA,NA,NA,NA,NA,NA,NA,NA,NA,NA,NA,NA,NA,NA,NA,NA,NA,NA,NA,NA,NA,NA,NA,NA,NA,NA,NA,NA,NA,NA,NA
Aotus trivirgatus,925,1185270000,1.732,1040000000,605080,145270000,0.14,82890,87.7437208399774,1137320000,10.617,441900000,41990,695420000,1.574,65330,38.8545000527556,362800000,3.104,49340000,15900,313460000,6.353,100990,13.5997794928335,2663540000,15.73,1468410000,93350.9218054673,1195130000,0.813893939703489,75977.7495232041,55.1,NA,NA,NA,NA,NA,NA,NA,20926688,0.0184,1971.05472355656,NA,NA,NA,NA,NA,NA,NA,NA,NA,NA,NA,NA,NA,16286000,0.05,7925468,155879,8360532,1.055,162922,48.6643006263048,NA,NA,NA,NA,NA,NA,NA,NA,NA,NA,NA,NA,NA,96820000,169.88,2.131,5820000,2911,91000000,15.6357388316151,44202,0.18,11.93,0.39,6.11,NA,NA,NA,NA,NA,NA,NA,NA,NA,NA,NA,NA,NA,NA,NA,NA,NA,NA,NA,NA,NA,NA,NA,NA,NA,NA,NA,NA,NA,NA,NA,NA,NA,NA,NA,NA,NA,NA,NA,NA,NA,NA,NA,NA,NA,NA,NA,NA,NA,NA,NA,NA,NA,NA,NA,NA,NA,NA,NA,NA,NA,NA,NA,NA,NA,NA,NA,NA,NA,NA,NA,NA,NA,NA,NA,NA
Balaenoptera acutorostrata,NA,76529362501,415.9,54216171588,130353,22313190913,0.4,53648,70.8436210837266,136638699000,2052.2,3166399674,1543,133472299326,42.2,65038,2.31735203655591,17405362500,215.8,88149444,409,17317213056,196.4,80256,0.506449917374602,230868924000,2683.9,57472789206,21414,173396134794,3,64505,24.8941209627676,NA,NA,NA,2690224290,2367,17.6,NA,NA,NA,NA,123.3,70703706,573,156.9,NA,7.7,13282136,1725,47.1,29.7,5413766,182,426.6,NA,NA,NA,NA,NA,NA,NA,NA,NA,NA,NA,NA,NA,NA,NA,NA,NA,NA,NA,NA,NA,NA,NA,NA,NA,NA,NA,NA,NA,NA,NA,NA,NA,591000000,7.5,4137000,551,586863000,141.9,78144,0.7,50161586500,1136.5,47471362210,41768,5.36311643572119,85838362500,900.5,458756249,509,85379606251,186.1,94816,0.534441985656471,11156350002,11085646296,89908,0.633753028430669,638750000,625467864,81208,2.07939506849315,1834812500,29.1,5710568,196,1829101932,320.7,62856,0.311234417685731,2311275002,2305861236,77638,0.234232879917593,2102925002,33.7,6321406,188,2096603596,330.9,62214,0.300600639299451,NA,NA,NA,NA,NA,NA,NA,NA,NA,NA,NA,NA,NA,NA,NA,NA,NA,NA,NA,NA,NA,NA,NA,NA,NA,NA,NA
Bathyergus suillus,907.82,NA,NA,268890000,NA,NA,NA,NA,NA,NA,NA,43480000,NA,NA,NA,NA,NA,NA,NA,NA,NA,NA,NA,NA,NA,NA,NA,337480000,NA,NA,NA,NA,NA,NA,NA,NA,NA,NA,NA,NA,NA,NA,NA,NA,NA,NA,NA,NA,NA,NA,NA,NA,NA,NA,NA,NA,NA,NA,23810000,NA,NA,NA,NA,NA,NA,NA,NA,NA,NA,NA,NA,NA,NA,NA,NA,NA,NA,NA,NA,NA,NA,NA,NA,NA,NA,NA,NA,NA,NA,NA,NA,NA,NA,NA,NA,NA,NA,NA,NA,NA,NA,NA,NA,NA,NA,NA,NA,NA,NA,NA,NA,NA,NA,NA,NA,NA,NA,NA,NA,NA,NA,NA,NA,NA,NA,NA,NA,NA,NA,NA,NA,NA,NA,NA,NA,NA,NA,NA,50,683,96,194,85,368,8670000,1011,132,173,35,249,16420000,69,156,173,3.78,361290000,95579.3650793651,NA,NA,NA,NA,NA,NA,NA,NA
Blarina brevicauda,16.2,37840000,0.037,33430000,919942,4410000,0.132,118736,88.345665961945,27696000,0.197,11876000,60214,15820000,1.357,80729,42.8798382437897,19660000,0.113,6340000,55924,13320000,2.102,117736,32.248219735503604,88740000,0.347,55190000,159048.991354467,33550000,0.607899981880776,96685.878962536,64.8,NA,NA,NA,NA,NA,NA,NA,NA,NA,NA,NA,NA,NA,NA,NA,NA,NA,NA,NA,NA,NA,NA,NA,13000000,0.026,8090000,318164,4910000,0.607,193631,62.2307692307692,NA,NA,NA,NA,NA,NA,NA,NA,NA,NA,NA,NA,NA,NA,NA,NA,NA,NA,NA,NA,NA,NA,NA,NA,NA,NA,NA,NA,NA,NA,NA,NA,NA,NA,NA,NA,NA,NA,NA,NA,NA,NA,NA,NA,NA,NA,NA,NA,NA,NA,NA,NA,NA,NA,NA,NA,NA,NA,NA,NA,NA,NA,NA,NA,NA,NA,NA,NA,NA,NA,NA,NA,NA,NA,NA,NA,NA,NA,NA,NA,NA,NA,NA,NA,NA,NA,NA,NA,NA,NA,NA,NA,NA,NA,NA,NA,NA,NA,NA,NA,NA
Callimico goeldii,NA,NA,NA,NA,NA,NA,NA,NA,NA,1072460000,12.984,357129180,27505,715330820,2.003,55093,33.3,248440000,2.086,53911480,25844,194528520,3.608,93254,21.7,NA,NA,NA,NA,NA,NA,NA,NA,NA,NA,NA,NA,NA,NA,NA,NA,NA,NA,NA,NA,NA,NA,NA,NA,NA,NA,NA,NA,NA,NA,NA,NA,NA,NA,NA,NA,NA,NA,NA,NA,NA,NA,NA,NA,NA,NA,NA,NA,NA,NA,NA,NA,NA,NA,NA,NA,NA,NA,NA,NA,NA,NA,NA,NA,NA,NA,NA,NA,NA,NA,NA,NA,NA,NA,NA,NA,NA,NA,NA,NA,NA,NA,NA,NA,NA,NA,NA,NA,NA,NA,NA,NA,NA,NA,NA,NA,NA,NA,NA,NA,NA,NA,NA,NA,NA,NA,NA,NA,NA,NA,NA,NA,NA,NA,NA,NA,NA,NA,NA,NA,NA,NA,NA,NA,NA,NA,NA,NA,NA,NA,NA,NA,NA,NA,NA,NA,NA,NA,NA,NA
Callithrix jacchus,361,410860000,0.73,361370000,494970,49490000,0.137,68170,87.9545343912768,640060000,5.561,244720000,44280,395340000,1.615,71800,38.2339155704153,175630000,1.489,29720000,19650,145910000,4.909,98370,16.9219381654615,1226540000,7.78,635800000,81722.3650385604,590740000,0.929128656810318,75930.5912596401,51.7,NA,NA,NA,NA,NA,NA,NA,NA,NA,NA,NA,NA,NA,NA,NA,NA,NA,NA,NA,NA,NA,NA,NA,4656000,0.008,2108078,232309,2547922,1.209,269383,45.276589347079,NA,NA,NA,NA,NA,NA,NA,NA,NA,NA,NA,NA,NA,48200000,NA,0.621,3650000,5875,44550000,12.2054794520548,71734,0.18,7.39,0.57,7.57,NA,NA,NA,NA,NA,NA,NA,NA,NA,NA,NA,NA,NA,NA,NA,NA,NA,NA,NA,NA,NA,NA,NA,NA,NA,NA,NA,NA,NA,NA,NA,NA,NA,NA,NA,NA,NA,NA,NA,NA,NA,NA,NA,NA,NA,NA,NA,NA,NA,NA,NA,NA,NA,NA,NA,NA,NA,NA,NA,NA,NA,NA,NA,NA,NA,NA,NA,NA,NA,NA,NA,NA,NA,NA,NA,NA
Canis lupus familiaris,19700,2525310000,7.512,1676630000,223194,848680000,0.506,112976.570820021,66.3930368944803,3944370000,65.491,527910000,8061,3416460000,6.472,52166.8626223451,13.3838864001095,976240000,13.459,48150000,3577,928090000,19.275,68956.8318597221,4.9321888060313,7445920000,86.462,2252690000,26054.1046933913,5193230000,2.305,60063.7274178252,30.254018308013,48233421,0.0191,6420.84944089457,NA,NA,NA,0.0796,313577415,0.0795,4788.09935716358,NA,NA,NA,NA,0.0781,2.01,8610000,4282,15.575,NA,NA,NA,NA,NA,NA,NA,NA,NA,NA,NA,NA,NA,NA,NA,NA,103383816,0.1059,7681.3891076603,NA,465370000,0.0625,5382.36450695103,NA,NA,NA,NA,NA,NA,NA,NA,NA,NA,NA,NA,NA,NA,NA,NA,NA,NA,NA,NA,NA,NA,NA,NA,NA,NA,NA,NA,NA,NA,NA,NA,NA,NA,NA,NA,NA,NA,NA,142660000,134050000,66691.5422885572,6.03532875368008,NA,NA,NA,NA,NA,NA,NA,NA,NA,NA,NA,NA,NA,NA,NA,NA,NA,NA,NA,NA,NA,NA,NA,NA,NA,NA,NA,NA,NA,NA,NA,NA,NA,NA,NA,NA,NA,NA,NA,11141746,5543.15721393035,NA,NA,NA,NA,NA,NA
Cardioderma cor,26,NA,0.103475348622945,63792242,616497,NA,NA,NA,NA,NA,0.257039682140522,10221440,39766,NA,NA,NA,NA,NA,0.201212912805565,7317510,36367,NA,NA,NA,NA,NA,0.562,81331192,144717.423487544,NA,NA,NA,NA,NA,NA,NA,NA,NA,NA,NA,NA,NA,NA,NA,NA,NA,NA,NA,NA,NA,NA,NA,NA,NA,NA,NA,NA,NA,NA,NA,NA,NA,NA,NA,NA,NA,NA,NA,NA,NA,NA,NA,NA,NA,NA,NA,NA,NA,NA,NA,NA,NA,NA,NA,NA,NA,NA,NA,NA,NA,NA,NA,NA,NA,NA,NA,NA,NA,NA,NA,NA,NA,NA,NA,NA,NA,NA,NA,NA,NA,NA,NA,NA,NA,NA,NA,NA,NA,NA,NA,NA,NA,NA,NA,NA,NA,NA,NA,NA,NA,NA,NA,NA,NA,NA,NA,NA,NA,NA,NA,NA,NA,NA,NA,NA,NA,NA,NA,NA,NA,NA,NA,NA,NA,NA,NA,NA,NA,NA,NA,NA,NA,NA,NA,NA
Casinycteris argynnis,27,NA,0.128000061152779,77445413,605042,NA,NA,NA,NA,NA,0.462003220682961,10471765,22666,NA,NA,NA,NA,NA,0.302002666594106,11098900,36751,NA,NA,NA,NA,NA,0.892,99016077,111004.570627803,NA,NA,NA,NA,NA,NA,NA,NA,NA,NA,NA,NA,NA,NA,NA,NA,NA,NA,NA,NA,NA,NA,NA,NA,NA,NA,NA,NA,NA,NA,NA,NA,NA,NA,NA,NA,NA,NA,NA,NA,NA,NA,NA,NA,NA,NA,NA,NA,NA,NA,NA,NA,NA,NA,NA,NA,NA,NA,NA,NA,NA,NA,NA,NA,NA,NA,NA,NA,NA,NA,NA,NA,NA,NA,NA,NA,NA,NA,NA,NA,NA,NA,NA,NA,NA,NA,NA,NA,NA,NA,NA,NA,NA,NA,NA,NA,NA,NA,NA,NA,NA,NA,NA,NA,NA,NA,NA,NA,NA,NA,NA,NA,NA,NA,NA,NA,NA,NA,NA,NA,NA,NA,NA,NA,NA,NA,NA,NA,NA,NA,NA,NA,NA,NA,NA,NA
Cavia porcellus,311,204145000,0.5,167854925,339755,36290075,0.216,72824,82.2233828896128,152125000,1.938,43510525,22508,108614475,2.492,56036,28.601824157765,105375000,1.218,22191825,18990,83183175,4.035,69528,21.0598576512456,461645000,3.656,233557275,63883.2809080963,228087725,0.976581547288561,62387.2333150985,50.6,NA,NA,NA,NA,NA,NA,NA,NA,NA,NA,NA,NA,NA,NA,NA,NA,NA,NA,NA,NA,NA,NA,NA,16220000,0.103,6065700,58560,10154300,1.637,96793,37.3964241676942,NA,NA,NA,NA,NA,NA,NA,NA,NA,NA,NA,NA,NA,NA,NA,NA,NA,NA,NA,NA,NA,NA,NA,NA,NA,NA,NA,NA,NA,NA,NA,NA,NA,NA,NA,NA,NA,NA,NA,NA,NA,NA,NA,NA,NA,NA,NA,NA,NA,NA,NA,NA,NA,NA,NA,NA,NA,NA,NA,NA,NA,NA,NA,NA,NA,NA,NA,NA,NA,NA,NA,NA,NA,NA,NA,NA,NA,NA,NA,NA,NA,NA,NA,NA,NA,NA,NA,NA,NA,NA,NA,NA,NA,NA,NA,NA,NA,NA,NA,NA,NA
Coleura afra,11.5,NA,0.0540341106919655,47984992,888050,NA,NA,NA,NA,NA,0.089982784272051,5080428,56460,NA,NA,NA,NA,NA,0.0988031030528881,5514794,55816,NA,NA,NA,NA,NA,0.244,58580214,240082.844262295,NA,NA,NA,NA,NA,NA,NA,NA,NA,NA,NA,NA,NA,NA,NA,NA,NA,NA,NA,NA,NA,NA,NA,NA,NA,NA,NA,NA,NA,NA,NA,NA,NA,NA,NA,NA,NA,NA,NA,NA,NA,NA,NA,NA,NA,NA,NA,NA,NA,NA,NA,NA,NA,NA,NA,NA,NA,NA,NA,NA,NA,NA,NA,NA,NA,NA,NA,NA,NA,NA,NA,NA,NA,NA,NA,NA,NA,NA,NA,NA,NA,NA,NA,NA,NA,NA,NA,NA,NA,NA,NA,NA,NA,NA,NA,NA,NA,NA,NA,NA,NA,NA,NA,NA,NA,NA,NA,NA,NA,NA,NA,NA,NA,NA,NA,NA,NA,NA,NA,NA,NA,NA,NA,NA,NA,NA,NA,NA,NA,NA,NA,NA,NA,NA,NA,NA
Condylura cristata,41.1,125400000,0.138,105920000,776460,19480000,0.184,139912,84.4657097288676,49260000,0.42,17250000,40777,32010000,1.966,76995,35.0182704019488,39710000,0.244,8160000,33475,31550000,3.866,128990,20.5489801057668,214370000,0.802,131330000,163753.117206983,83040000,0.632300312190665,103541.14713217,61.3,NA,NA,NA,NA,NA,NA,NA,NA,NA,NA,NA,NA,NA,NA,NA,NA,NA,NA,NA,NA,NA,NA,NA,18020000,0.04,10550000,254720,7470000,0.708,185124,58.5460599334073,NA,NA,NA,NA,NA,NA,NA,NA,NA,NA,NA,NA,NA,NA,NA,NA,NA,NA,NA,NA,NA,NA,NA,NA,NA,NA,NA,NA,NA,NA,NA,NA,NA,NA,NA,NA,NA,NA,NA,NA,NA,NA,NA,NA,NA,NA,NA,NA,NA,NA,NA,NA,NA,NA,NA,NA,NA,NA,NA,NA,NA,NA,NA,NA,NA,NA,NA,NA,NA,NA,NA,NA,NA,NA,NA,NA,NA,NA,NA,NA,NA,NA,NA,NA,NA,NA,NA,NA,NA,NA,NA,NA,NA,NA,NA,NA,NA,NA,NA,NA,NA
Cryptomys hottentotus,68.58,NA,NA,68810000,NA,NA,NA,NA,NA,NA,NA,11730000,NA,NA,NA,NA,NA,NA,NA,NA,NA,NA,NA,NA,NA,NA,NA,88250000,NA,NA,NA,NA,NA,NA,NA,NA,NA,NA,NA,NA,NA,NA,NA,NA,NA,NA,NA,NA,NA,NA,NA,NA,NA,NA,NA,NA,NA,NA,7990000,NA,NA,NA,NA,NA,NA,NA,NA,NA,NA,NA,NA,NA,NA,NA,NA,NA,NA,NA,NA,NA,NA,NA,NA,NA,NA,NA,NA,NA,NA,NA,NA,NA,NA,NA,NA,NA,NA,NA,NA,NA,NA,NA,NA,NA,NA,NA,NA,NA,NA,NA,NA,NA,NA,NA,NA,NA,NA,NA,NA,NA,NA,NA,NA,NA,NA,NA,NA,NA,NA,NA,NA,NA,NA,NA,NA,NA,NA,NA,14,121,25,59,25,79,3170000,183,37,50,11,59,4550000,17,34,39,0.85,96240000,113223.529411765,NA,NA,NA,NA,NA,NA,NA,NA
Cryptomys hottentotus natalensis,99.02,NA,NA,109750000,NA,NA,NA,NA,NA,NA,NA,17460000,NA,NA,NA,NA,NA,NA,NA,NA,NA,NA,NA,NA,NA,NA,NA,138130000,NA,NA,NA,NA,NA,NA,NA,NA,NA,NA,NA,NA,NA,NA,NA,NA,NA,NA,NA,NA,NA,NA,NA,NA,NA,NA,NA,NA,NA,NA,11850000,NA,NA,NA,NA,NA,NA,NA,NA,NA,NA,NA,NA,NA,NA,NA,NA,NA,NA,NA,NA,NA,NA,NA,NA,NA,NA,NA,NA,NA,NA,NA,NA,NA,NA,NA,NA,NA,NA,NA,NA,NA,NA,NA,NA,NA,NA,NA,NA,NA,NA,NA,NA,NA,NA,NA,NA,NA,NA,NA,NA,NA,NA,NA,NA,NA,NA,NA,NA,NA,NA,NA,NA,NA,NA,NA,NA,NA,NA,NA,20,175,43,80,31,97,4110000,321,55,76,14,84,6820000,24,42,54,1.24,149980000,120951.612903226,NA,NA,NA,NA,NA,NA,NA,NA
Cryptomys hottentotus pretoriae,104.27,NA,NA,120580000,NA,NA,NA,NA,NA,NA,NA,20560000,NA,NA,NA,NA,NA,NA,NA,NA,NA,NA,NA,NA,NA,NA,NA,157090000,NA,NA,NA,NA,NA,NA,NA,NA,NA,NA,NA,NA,NA,NA,NA,NA,NA,NA,NA,NA,NA,NA,NA,NA,NA,NA,NA,NA,NA,NA,12070000,NA,NA,NA,NA,NA,NA,NA,NA,NA,NA,NA,NA,NA,NA,NA,NA,NA,NA,NA,NA,NA,NA,NA,NA,NA,NA,NA,NA,NA,NA,NA,NA,NA,NA,NA,NA,NA,NA,NA,NA,NA,NA,NA,NA,NA,NA,NA,NA,NA,NA,NA,NA,NA,NA,NA,NA,NA,NA,NA,NA,NA,NA,NA,NA,NA,NA,NA,NA,NA,NA,NA,NA,NA,NA,NA,NA,NA,NA,NA,20,188,46,95,33,119,6030000,315,57,76,15,85,9920000,25,47,57,1.35,169160000,125303.703703704,NA,NA,NA,NA,NA,NA,NA,NA
Cynomys sp.,1515,416240000,0.789,350084813,440658,66155187,0.192,84802,84.1064801556794,237220000,2.586,53768353,20866,183451647,3.432,71202,22.666028581064,201833333,1.945,34090600,17590,167742733,4.923,86542,16.8904707132791,855293334,5.321,437943767,82304.7861304266,417349567,0.952975241225433,78434.423416651,51,NA,NA,NA,NA,NA,NA,NA,NA,NA,NA,NA,NA,NA,NA,NA,NA,NA,NA,NA,NA,NA,NA,NA,NA,NA,NA,NA,NA,NA,NA,NA,NA,NA,NA,NA,NA,NA,NA,NA,NA,NA,NA,NA,NA,NA,NA,NA,NA,NA,NA,NA,NA,NA,NA,NA,NA,NA,NA,NA,NA,NA,NA,NA,NA,NA,NA,NA,NA,NA,NA,NA,NA,NA,NA,NA,NA,NA,NA,NA,NA,NA,NA,NA,NA,NA,NA,NA,NA,NA,NA,NA,NA,NA,NA,NA,NA,NA,NA,NA,NA,NA,NA,NA,NA,NA,NA,NA,NA,NA,NA,NA,NA,NA,NA,NA,NA,NA,NA,NA,NA,NA,NA,NA,NA,NA,NA,NA,NA,NA,NA,NA,NA
Damaliscus pygargus phillipsi,60000,2845631126,13.402,2401712670,179206,443918456,0.184,33123,84.3999999879113,7332929658,111.31,570673431,5127,6762256227,11.851,60760,7.78233881430204,2222500002,30.006,86428126,2880,2136071876,24.718,71188,3.88877956905397,12402060786,154.718,3058814227,19770.2544435683,9343246559,3.05453220288033,60388.8788570173,24.7,NA,NA,NA,361950000,5142,8.356,NA,NA,NA,NA,NA,NA,NA,NA,NA,2.266,22090000,9750,9.246,NA,NA,NA,NA,NA,NA,NA,NA,NA,NA,NA,NA,8.06,20720000,2570,22.81,NA,NA,NA,NA,NA,NA,NA,NA,NA,NA,NA,NA,NA,NA,NA,NA,NA,NA,NA,NA,NA,NA,NA,NA,NA,NA,NA,NA,NA,NA,NA,NA,NA,NA,NA,NA,NA,NA,NA,NA,NA,NA,NA,NA,NA,NA,NA,NA,NA,NA,NA,NA,NA,NA,NA,NA,NA,NA,NA,NA,NA,NA,NA,NA,NA,NA,NA,NA,NA,NA,NA,NA,NA,NA,NA,NA,NA,NA,NA,NA,NA,NA,NA,NA,NA,NA,NA,NA,NA,NA,NA,NA,NA,NA,NA,NA,NA
Dasyprocta prymnolopha,2843,829475000,2.742,673488085,253208,155986915,0.234,57945,81.1945007384189,526850000,8.913,110641950,13250,416208050,3.763,49939,21.0006548353421,400040000,5.972,43204320,6830,356835680,8.25925925925926,56408,10.8,1746790000,17.628,795112070,45105.0641025641,951677930,1.1969104305007,53986.7216927615,45.5,NA,NA,NA,NA,NA,NA,NA,NA,NA,NA,NA,NA,NA,NA,NA,NA,NA,NA,NA,NA,NA,NA,NA,130720000,0.737,58124085,88008,72595915,1.239,107301,44.4645693084455,NA,NA,NA,NA,NA,NA,NA,NA,NA,NA,NA,NA,NA,NA,NA,NA,NA,NA,NA,NA,NA,NA,NA,NA,NA,NA,NA,NA,NA,NA,NA,NA,NA,NA,NA,NA,NA,NA,NA,NA,NA,NA,NA,NA,NA,NA,NA,NA,NA,NA,NA,NA,NA,NA,NA,NA,NA,NA,NA,NA,NA,NA,NA,NA,NA,NA,NA,NA,NA,NA,NA,NA,NA,NA,NA,NA,NA,NA,NA,NA,NA,NA,NA,NA,NA,NA,NA,NA,NA,NA,NA,NA,NA,NA,NA,NA,NA,NA,NA,NA,NA
Dendrohyrax dorsalis,1150,438500000,1.918,360929350,188180,77570650,0.215,40444,82.31,282500000,7.56,98960000,13098,183540000,1.855,24291,35.0300884955752,197138000,3.328,44671471,13423,152466529,3.413,45813,22.6600001014518,918146834,12.8,504572834,39419.75265625,413574000,0.819651737334714,32310.46875,54.9555708646053,2367900,0.0054,1234.56725755996,NA,NA,NA,0.0479,13842500,0.049,1831.01851851852,NA,NA,NA,NA,0.0602,NA,NA,NA,NA,NA,NA,NA,NA,NA,NA,NA,NA,NA,NA,NA,NA,NA,NA,NA,NA,10980586.6,0.0557,3299.45510817308,NA,27177146.2864,0.0296,2123.214553625,NA,NA,NA,NA,NA,NA,NA,NA,NA,NA,NA,NA,NA,NA,NA,NA,NA,NA,NA,NA,NA,NA,NA,NA,NA,NA,NA,NA,NA,NA,NA,NA,NA,NA,NA,NA,NA,NA,NA,NA,NA,NA,NA,NA,NA,NA,NA,NA,NA,NA,NA,NA,NA,NA,NA,NA,NA,NA,NA,NA,NA,NA,NA,NA,NA,NA,NA,NA,NA,NA,NA,NA,NA,NA,NA,NA,NA,NA,NA,NA,NA,NA,NA,NA,NA,NA,NA,NA,NA,NA
Dendrolagus goodfellowi,13608,NA,4.236,1240000000,292025,NA,0.249,NA,NA,NA,19.57,273430000,13972,NA,4.603,NA,NA,NA,7.742,37860000,4890,NA,12.685,NA,NA,NA,31.548,1550000000,49131.4821858755,NA,1.322,NA,NA,NA,0.0066,NA,188300000,16599,2.721,0.0519,NA,0.0525,NA,NA,NA,NA,NA,0.0614,1.29,18150000,14073,4.552,NA,NA,NA,NA,NA,NA,NA,NA,NA,NA,NA,NA,2.676,8230000,3075,15.077,NA,0.0573,NA,NA,NA,0.0335,NA,NA,NA,NA,NA,NA,NA,NA,NA,NA,NA,NA,NA,NA,NA,NA,NA,NA,NA,NA,NA,NA,NA,NA,NA,NA,NA,NA,NA,NA,NA,NA,NA,NA,NA,NA,NA,NA,NA,NA,NA,NA,NA,NA,NA,NA,NA,NA,NA,NA,NA,NA,NA,NA,NA,NA,NA,NA,NA,NA,NA,NA,NA,NA,NA,NA,NA,NA,NA,NA,NA,NA,NA,NA,NA,NA,NA,NA,NA,NA,NA,NA,NA,NA,NA,5.066,29630000,5849,12.021,NA,NA
Didelphis aurita,1200,NA,0.778,334260000,429647,NA,0.122,NA,NA,NA,2.136,42500000,19897,NA,2.847,NA,NA,NA,1.378,15730000,11417,NA,5.873,NA,NA,NA,4.292,392500000,91449.2078285182,NA,0.648,NA,NA,NA,0.0143,NA,31490000,21901,2.35,0.0742,NA,0.0718,NA,0.36,5270000,14636,4.139,0.0616,0.386,7230000,18731,3.149,0.5,6240000,12482,5.729,NA,0.342,31340000,91646,NA,1.273,NA,NA,0.518,4220000,8152,8.251,NA,0.077,NA,NA,NA,0.0393,NA,NA,NA,NA,NA,NA,NA,NA,NA,NA,NA,NA,NA,NA,NA,NA,NA,NA,NA,NA,NA,NA,NA,NA,NA,NA,NA,NA,NA,NA,NA,NA,NA,NA,NA,NA,NA,NA,NA,NA,NA,NA,NA,NA,NA,NA,NA,NA,NA,NA,NA,NA,NA,NA,NA,NA,NA,NA,NA,NA,NA,NA,NA,NA,NA,NA,NA,NA,NA,NA,NA,NA,NA,NA,NA,NA,NA,NA,NA,NA,NA,NA,NA,NA,NA,0.86,11510000,13384,5.001,NA,NA
Elephantulus myurus,45.1,112681000,0.168,89312372,531494,23368628,0.261,139028,79.2612525625438,52094000,0.471,25865000,54644,26229000,1.032,55693,49.6506315506584,43010000,0.401,14012533,34520,28997467,2.048,70967,32.579709369914,207785000,1.04,129190603,124221.733653846,78594397,0.608360013614922,75571.5355769231,62.1751343937243,822571.3,0.0073,4896.25773809524,NA,NA,NA,0.0168,1166905.6,0.0224,2477.50658174098,NA,NA,NA,NA,0.0293,NA,NA,NA,NA,NA,NA,NA,NA,14613000,0.05,9693534,194678,4919466,0.507,97872,66.3350030794498,NA,NA,NA,NA,1324708,0.0308,3303.51122194514,NA,2867433,0.0138,2757.14711538462,NA,NA,NA,NA,NA,NA,NA,NA,NA,NA,NA,NA,NA,NA,NA,NA,NA,NA,NA,NA,NA,NA,NA,NA,NA,NA,NA,NA,NA,NA,NA,NA,NA,NA,NA,NA,NA,NA,NA,NA,NA,NA,NA,NA,NA,NA,NA,NA,NA,NA,NA,NA,NA,NA,NA,NA,NA,NA,NA,NA,NA,NA,NA,NA,NA,NA,NA,NA,NA,NA,NA,NA,NA,NA,NA,NA,NA,NA,NA,NA,NA,NA,NA,NA,NA,NA,NA,NA,NA,NA
Epomophorus wahlbergi,74,NA,0.193487671447305,121136246,626067,NA,NA,NA,NA,NA,0.634020713352369,26201540,41326,NA,NA,NA,NA,NA,0.386417379184647,14416846,37309,NA,NA,NA,NA,NA,1.224,161754633,132152.477941176,NA,NA,NA,NA,NA,NA,NA,NA,NA,NA,NA,NA,NA,NA,NA,NA,NA,NA,NA,NA,NA,NA,NA,NA,NA,NA,NA,NA,NA,NA,NA,NA,NA,NA,NA,NA,NA,NA,NA,NA,NA,NA,NA,NA,NA,NA,NA,NA,NA,NA,NA,NA,NA,NA,NA,NA,NA,NA,NA,NA,NA,NA,NA,NA,NA,NA,NA,NA,NA,NA,NA,NA,NA,NA,NA,NA,NA,NA,NA,NA,NA,NA,NA,NA,NA,NA,NA,NA,NA,NA,NA,NA,NA,NA,NA,NA,NA,NA,NA,NA,NA,NA,NA,NA,NA,NA,NA,NA,NA,NA,NA,NA,NA,NA,NA,NA,NA,NA,NA,NA,NA,NA,NA,NA,NA,NA,NA,NA,NA,NA,NA,NA,NA,NA,NA,NA
Epomops franqueti,120,NA,0.286519263867151,150660138,525829,NA,NA,NA,NA,NA,1.040183769561,22533501,21663,NA,NA,NA,NA,NA,0.712157233403758,12808860,17986,NA,NA,NA,NA,NA,2.044,186002499,90999.2656555773,NA,NA,NA,NA,NA,NA,NA,NA,NA,NA,NA,NA,NA,NA,NA,NA,NA,NA,NA,NA,NA,NA,NA,NA,NA,NA,NA,NA,NA,NA,NA,NA,NA,NA,NA,NA,NA,NA,NA,NA,NA,NA,NA,NA,NA,NA,NA,NA,NA,NA,NA,NA,NA,NA,NA,NA,NA,NA,NA,NA,NA,NA,NA,NA,NA,NA,NA,NA,NA,NA,NA,NA,NA,NA,NA,NA,NA,NA,NA,NA,NA,NA,NA,NA,NA,NA,NA,NA,NA,NA,NA,NA,NA,NA,NA,NA,NA,NA,NA,NA,NA,NA,NA,NA,NA,NA,NA,NA,NA,NA,NA,NA,NA,NA,NA,NA,NA,NA,NA,NA,NA,NA,NA,NA,NA,NA,NA,NA,NA,NA,NA,NA,NA,NA,NA,NA
Felis catus,4500,1269000000,5.11,942900000,184521,326100000,0.346,63816.0469667319,74.3026004728132,1346930000,24.176,249830000,10334,1097100000,4.391,45379.7154202515,18.5481056922038,328060000,5.572,22470000,4033,305590000,13.598,54843.8621679828,6.84935682497104,2944000000,34.858,1215210000,34861.7247116874,1728790000,1.423,49595.2148717654,41.2775135869565,21826800,0.0172,4271.38943248532,NA,NA,NA,0.0559,73677071,0.0547,3047.52940933157,NA,NA,NA,NA,0.0305,0.876,8050000,9187,6.952,NA,NA,NA,NA,NA,NA,NA,NA,NA,NA,NA,NA,NA,NA,NA,NA,10202666,0.0311,1831.05994256999,NA,105689600,0.0359,3032.00413104596,NA,NA,NA,NA,NA,NA,NA,NA,NA,NA,NA,NA,NA,NA,NA,NA,NA,NA,NA,NA,NA,NA,NA,NA,NA,NA,NA,NA,NA,NA,NA,NA,NA,NA,NA,NA,NA,NA,NA,64000000,55950000,63869.8630136986,12.578125,NA,NA,NA,NA,NA,NA,NA,NA,NA,NA,NA,NA,NA,NA,NA,NA,NA,NA,NA,NA,NA,NA,NA,NA,NA,NA,NA,NA,NA,NA,NA,NA,NA,NA,NA,NA,NA,NA,NA,1952000,2228.3105022831,NA,NA,NA,NA,NA,NA
Fukomys anselli,93.45,NA,NA,75440000,NA,NA,NA,NA,NA,NA,NA,9730000,NA,NA,NA,NA,NA,NA,NA,NA,NA,NA,NA,NA,NA,NA,NA,93940000,NA,NA,NA,NA,NA,NA,NA,NA,NA,NA,NA,NA,NA,NA,NA,NA,NA,NA,NA,NA,NA,NA,NA,NA,NA,NA,NA,NA,NA,NA,8880000,NA,NA,NA,NA,NA,NA,NA,NA,NA,NA,NA,NA,NA,NA,NA,NA,NA,NA,NA,NA,NA,NA,NA,NA,NA,NA,NA,NA,NA,NA,NA,NA,NA,NA,NA,NA,NA,NA,NA,NA,NA,NA,NA,NA,NA,NA,NA,NA,NA,NA,NA,NA,NA,NA,NA,NA,NA,NA,NA,NA,NA,NA,NA,NA,NA,NA,NA,NA,NA,NA,NA,NA,NA,NA,NA,NA,NA,NA,NA,26,200,38,82,35,132,3900000,291,55,71,15,84,4860000,32,60,61,1.25,102820000,82256,NA,NA,NA,NA,NA,NA,NA,NA
Fukomys damarensis,110.53,NA,NA,129960000,NA,NA,NA,NA,NA,NA,NA,21270000,NA,NA,NA,NA,NA,NA,NA,NA,NA,NA,NA,NA,NA,NA,NA,165750000,NA,NA,NA,NA,NA,NA,NA,NA,NA,NA,NA,NA,NA,NA,NA,NA,NA,NA,NA,NA,NA,NA,NA,NA,NA,NA,NA,NA,NA,NA,12550000,NA,NA,NA,NA,NA,NA,NA,NA,NA,NA,NA,NA,NA,NA,NA,NA,NA,NA,NA,NA,NA,NA,NA,NA,NA,NA,NA,NA,NA,NA,NA,NA,NA,NA,NA,NA,NA,NA,NA,NA,NA,NA,NA,NA,NA,NA,NA,NA,NA,NA,NA,NA,NA,NA,NA,NA,NA,NA,NA,NA,NA,NA,NA,NA,NA,NA,NA,NA,NA,NA,NA,NA,NA,NA,NA,NA,NA,NA,NA,22,201,44,95,39,110,4940000,311,59,88,15,102,9580000,27,56,64,1.39,178300000,128273.381294964,NA,NA,NA,NA,NA,NA,NA,NA
Fukomys darlingi,115.19,NA,NA,84910000,NA,NA,NA,NA,NA,NA,NA,12490000,NA,NA,NA,NA,NA,NA,NA,NA,NA,NA,NA,NA,NA,NA,NA,105750000,NA,NA,NA,NA,NA,NA,NA,NA,NA,NA,NA,NA,NA,NA,NA,NA,NA,NA,NA,NA,NA,NA,NA,NA,NA,NA,NA,NA,NA,NA,7600000,NA,NA,NA,NA,NA,NA,NA,NA,NA,NA,NA,NA,NA,NA,NA,NA,NA,NA,NA,NA,NA,NA,NA,NA,NA,NA,NA,NA,NA,NA,NA,NA,NA,NA,NA,NA,NA,NA,NA,NA,NA,NA,NA,NA,NA,NA,NA,NA,NA,NA,NA,NA,NA,NA,NA,NA,NA,NA,NA,NA,NA,NA,NA,NA,NA,NA,NA,NA,NA,NA,NA,NA,NA,NA,NA,NA,NA,NA,NA,16,156,41,76,29,101,3140000,271,43,77,16,99,5190000,25,45,51,1.23,113350000,92154.4715447154,NA,NA,NA,NA,NA,NA,NA,NA
Fukomys mechowii,270.16,NA,NA,122640000,NA,NA,NA,NA,NA,NA,NA,23320000,NA,NA,NA,NA,NA,NA,NA,NA,NA,NA,NA,NA,NA,NA,NA,160130000,NA,NA,NA,NA,NA,NA,NA,NA,NA,NA,NA,NA,NA,NA,NA,NA,NA,NA,NA,NA,NA,NA,NA,NA,NA,NA,NA,NA,NA,NA,14110000,NA,NA,NA,NA,NA,NA,NA,NA,NA,NA,NA,NA,NA,NA,NA,NA,NA,NA,NA,NA,NA,NA,NA,NA,NA,NA,NA,NA,NA,NA,NA,NA,NA,NA,NA,NA,NA,NA,NA,NA,NA,NA,NA,NA,NA,NA,NA,NA,NA,NA,NA,NA,NA,NA,NA,NA,NA,NA,NA,NA,NA,NA,NA,NA,NA,NA,NA,NA,NA,NA,NA,NA,NA,NA,NA,NA,NA,NA,NA,35,391,71,137,60,242,4750000,627,76,133,24,198,9420000,41,82,116,2.15,174240000,81041.8604651163,NA,NA,NA,NA,NA,NA,NA,NA
Georychus capensis,155.09,NA,NA,116740000,NA,NA,NA,NA,NA,NA,NA,25600000,NA,NA,NA,NA,NA,NA,NA,NA,NA,NA,NA,NA,NA,NA,NA,157210000,NA,NA,NA,NA,NA,NA,NA,NA,NA,NA,NA,NA,NA,NA,NA,NA,NA,NA,NA,NA,NA,NA,NA,NA,NA,NA,NA,NA,NA,NA,12460000,NA,NA,NA,NA,NA,NA,NA,NA,NA,NA,NA,NA,NA,NA,NA,NA,NA,NA,NA,NA,NA,NA,NA,NA,NA,NA,NA,NA,NA,NA,NA,NA,NA,NA,NA,NA,NA,NA,NA,NA,NA,NA,NA,NA,NA,NA,NA,NA,NA,NA,NA,NA,NA,NA,NA,NA,NA,NA,NA,NA,NA,NA,NA,NA,NA,NA,NA,NA,NA,NA,NA,NA,NA,NA,NA,NA,NA,NA,NA,28,250,53,114,50,151,5810000,401,74,97,21,123,9060000,34,62,87,1.65,169670000,102830.303030303,NA,NA,NA,NA,NA,NA,NA,NA
Giraffa camelopardalis,470000,14398437501,67.73,8878076563,131080,5520360938,0.622,81505,61.6599999991902,29244220000,398.808,1730513460,4339,27513706540,15.9,68990,5.91745466283594,5021562501,70.68,142697625,2019,4878864876,34.19,69028,2.84169767819445,48664220000,537.218,10751287650,20012.8954167582,37912932350,3.52636201208885,70572.7141495631,23.5,298047656.2707,0.0207,4400.52644722722,1330000000,5882,7.763,0.0861,2523776186,0.0863,6328.29879541032,33.322,68630000,2060,38.841,0.0951,7.486,58590000,8435,10.628,15.928,26630000,1672,41.017,257062500,2.052,24678000,12026,232384500,9.417,113248,9.6,21.43,47720000,2227,23.483,495126062.5986,0.0986,7005.17915391341,NA,3367564024,0.0692,6268.52418198944,NA,NA,NA,NA,NA,NA,NA,NA,NA,NA,NA,NA,NA,NA,NA,NA,NA,NA,NA,NA,NA,NA,NA,NA,NA,NA,NA,NA,NA,NA,NA,NA,NA,NA,NA,NA,NA,NA,NA,NA,NA,NA,NA,NA,NA,NA,NA,NA,NA,NA,NA,NA,NA,NA,NA,NA,NA,NA,NA,NA,NA,NA,NA,NA,NA,NA,NA,NA,NA,NA,NA,NA,NA,NA,NA,NA,NA,NA,NA,NA,NA,NA,NA,NA,NA,NA,NA,NA,NA,NA
Gorilla gorilla,NA,29300000000,37.56,26400000000,702875,2900000000,0.11,77210,90.1023890784983,NA,NA,NA,NA,NA,NA,NA,NA,NA,NA,NA,NA,NA,NA,NA,NA,NA,NA,NA,NA,NA,NA,NA,NA,NA,NA,NA,NA,NA,NA,NA,NA,NA,NA,NA,NA,NA,NA,NA,NA,NA,NA,NA,NA,NA,NA,NA,NA,NA,NA,NA,NA,NA,NA,NA,NA,NA,NA,NA,NA,NA,NA,NA,NA,NA,NA,NA,NA,NA,NA,NA,NA,NA,NA,NA,NA,NA,NA,NA,NA,NA,NA,NA,NA,NA,NA,NA,NA,NA,NA,NA,NA,NA,NA,NA,NA,NA,NA,NA,NA,NA,NA,NA,NA,NA,NA,NA,NA,NA,NA,NA,NA,NA,NA,NA,NA,NA,NA,NA,NA,NA,NA,NA,NA,NA,NA,NA,NA,NA,NA,NA,NA,NA,NA,NA,NA,NA,NA,NA,NA,NA,NA,NA,NA,NA,NA,NA,NA,NA,NA,NA,NA,NA,NA,NA,NA
Heliophobius argenteocinereus,180.51,NA,NA,94820000,NA,NA,NA,NA,NA,NA,NA,25440000,NA,NA,NA,NA,NA,NA,NA,NA,NA,NA,NA,NA,NA,NA,NA,137640000,NA,NA,NA,NA,NA,NA,NA,NA,NA,NA,NA,NA,NA,NA,NA,NA,NA,NA,NA,NA,NA,NA,NA,NA,NA,NA,NA,NA,NA,NA,10300000,NA,NA,NA,NA,NA,NA,NA,NA,NA,NA,NA,NA,NA,NA,NA,NA,NA,NA,NA,NA,NA,NA,NA,NA,NA,NA,NA,NA,NA,NA,NA,NA,NA,NA,NA,NA,NA,NA,NA,NA,NA,NA,NA,NA,NA,NA,NA,NA,NA,NA,NA,NA,NA,NA,NA,NA,NA,NA,NA,NA,NA,NA,NA,NA,NA,NA,NA,NA,NA,NA,NA,NA,NA,NA,NA,NA,NA,NA,NA,34,215,56,115,42,120,5460000,457,60,107,18,127,11920000,28,56,90,1.65,147940000,89660.6060606061,NA,NA,NA,NA,NA,NA,NA,NA
Heterocephalus glaber,30.520000000000003,21225000,0.048,18131135,327280,5482730,0.356,115748,74.1685276796231,14550000,0.184,5730937.5,33374,8398125,1.365,45894,42.2809278350515,15291667,0.16,4981317,31674,10310350,2.125,64145,32.5753693171582,51066667,0.392,28742731,68559.8520408163,24191205,0.900122386733296,61712.2576530612,52.5,NA,NA,NA,NA,NA,NA,NA,NA,NA,NA,NA,NA,NA,NA,NA,NA,NA,NA,NA,NA,NA,NA,NA,5875000,0.021,2656515,108895,3571970,1.516,167991,39.2005106382979,NA,NA,NA,NA,NA,NA,NA,NA,NA,NA,NA,NA,NA,NA,NA,NA,NA,NA,NA,NA,NA,NA,NA,NA,NA,NA,NA,NA,NA,NA,NA,NA,NA,NA,NA,NA,NA,NA,NA,NA,NA,NA,NA,NA,NA,NA,NA,NA,NA,NA,NA,NA,NA,NA,NA,NA,NA,NA,NA,NA,NA,NA,NA,NA,NA,NA,NA,NA,NA,NA,NA,NA,NA,NA,12,48,14,32,17,47,1910000,100,20,39,4.1,29,2860000,10,19,23,0.44,33620000,76409.0909090909,NA,NA,NA,NA,NA,NA,NA,NA
Homo sapiens,70000,85070000000,154.02,69030000000,471660,16040000000,0.232,101020,81.1449394616198,77180000000,1232.93,16340000000,13520,60840000000,3.723,49230,21.1712878984193,8420000000,117.66,690000000,6560,7730000000,11.203,69850,8.19477434679335,170670000000,1508.91,86060000000,57034.5481175153,84610000000,0.983151289797816,56073.5895447707,50.5,NA,NA,NA,NA,NA,NA,NA,2153322000,0.0279,1746.50791204691,NA,NA,NA,NA,0.0404,NA,NA,NA,NA,NA,NA,NA,NA,NA,NA,NA,NA,NA,NA,NA,NA,NA,NA,NA,NA,NA,NA,NA,NA,NA,NA,NA,NA,NA,NA,NA,NA,NA,NA,NA,NA,NA,NA,NA,NA,NA,NA,NA,NA,NA,NA,NA,NA,NA,NA,NA,NA,NA,NA,NA,NA,NA,NA,NA,NA,NA,NA,NA,NA,NA,NA,NA,NA,NA,NA,NA,NA,NA,NA,NA,NA,NA,NA,NA,NA,NA,NA,NA,NA,NA,NA,NA,NA,NA,NA,NA,NA,NA,NA,NA,NA,NA,NA,NA,NA,NA,NA,NA,NA,NA,NA,NA,NA,NA,NA,NA,NA,NA,NA,NA,NA,NA
Hyaena hyaena,40000,3928120000,14.032,3333830000,237588,594290000,0.178,42352.48004561,84.8708797083592,3473040000,67.45,495280000,7343,2977760000,6.012,44147.6649369904,14.2607053186833,984830000,17.732,55490000,3129,929340000,16.749,52410.33160388,5.6344749855305,8385990000,99.214,3884600000,39153.7484629185,4501390000,1.159,45370.5122260971,46.3224974034073,NA,NA,NA,NA,NA,NA,NA,NA,NA,NA,NA,NA,NA,NA,NA,3.366,18240000,5418,7.667,NA,NA,NA,NA,NA,NA,NA,NA,NA,NA,NA,NA,NA,NA,NA,NA,NA,NA,NA,NA,NA,NA,NA,NA,NA,NA,NA,NA,NA,NA,NA,NA,NA,NA,NA,NA,NA,NA,NA,NA,NA,NA,NA,NA,NA,NA,NA,NA,NA,NA,NA,NA,NA,NA,NA,NA,NA,NA,NA,NA,NA,NA,158060000,139820000,41538.9185977421,11.5399215487789,NA,NA,NA,NA,NA,NA,NA,NA,NA,NA,NA,NA,NA,NA,NA,NA,NA,NA,NA,NA,NA,NA,NA,NA,NA,NA,NA,NA,NA,NA,NA,NA,NA,NA,NA,NA,NA,NA,NA,NA,NA,NA,NA,NA,NA,NA,NA
Hydrochoerus hydrochaeris,47500,1728750000,6.632,1157810000,177982,570940000,0.493,86574,66.9738250180767,2154320000,48.175,306501565,6336,1847818435,5.983,38117,14.227299797616,887420000,19.927,108250000,5434,779170000,7.1978752886836,39234,12.1982826620991,4770490000,74.734,1572560385,21042.1011186341,3197929615,2.03358144177084,42790.8263307196,33.6,NA,NA,NA,NA,NA,NA,NA,NA,NA,NA,NA,NA,NA,NA,NA,NA,NA,NA,NA,NA,NA,NA,NA,95950000,1.302,28560310,21864,67389690,2.333,51544,29.7658259510162,NA,NA,NA,NA,NA,NA,NA,NA,NA,NA,NA,NA,NA,NA,NA,NA,NA,NA,NA,NA,NA,NA,NA,NA,NA,NA,NA,NA,NA,NA,NA,NA,NA,NA,NA,NA,NA,NA,NA,NA,NA,NA,NA,NA,NA,NA,NA,NA,NA,NA,NA,NA,NA,NA,NA,NA,NA,NA,NA,NA,NA,NA,NA,NA,NA,NA,NA,NA,NA,NA,NA,NA,NA,NA,NA,NA,NA,NA,NA,NA,NA,NA,NA,NA,NA,NA,NA,NA,NA,NA,NA,NA,NA,NA,NA,NA,NA,NA,NA,NA,NA
Hypsignathus monstrosus,310,NA,0.456468399731026,221298619,484806,NA,NA,NA,NA,NA,1.80577056598175,24343593,13481,NA,NA,NA,NA,NA,1.16986878139686,28877041,24684,NA,NA,NA,NA,NA,3.459,274519253,79363.7620699624,NA,NA,NA,NA,NA,NA,NA,NA,NA,NA,NA,NA,NA,NA,NA,NA,NA,NA,NA,NA,NA,NA,NA,NA,NA,NA,NA,NA,NA,NA,NA,NA,NA,NA,NA,NA,NA,NA,NA,NA,NA,NA,NA,NA,NA,NA,NA,NA,NA,NA,NA,NA,NA,NA,NA,NA,NA,NA,NA,NA,NA,NA,NA,NA,NA,NA,NA,NA,NA,NA,NA,NA,NA,NA,NA,NA,NA,NA,NA,NA,NA,NA,NA,NA,NA,NA,NA,NA,NA,NA,NA,NA,NA,NA,NA,NA,NA,NA,NA,NA,NA,NA,NA,NA,NA,NA,NA,NA,NA,NA,NA,NA,NA,NA,NA,NA,NA,NA,NA,NA,NA,NA,NA,NA,NA,NA,NA,NA,NA,NA,NA,NA,NA,NA,NA,NA
Loxodonta africana,5000000,289215757500,1171.628,250708527536,213983,38507229964,0.154,32866,86.6856390202045,61292239720,2847.594,5593241033,1964,55698998687,26.844,52721,9.12552887372281,28146011000,564.674,741704844,1314,27404306156,36.948,48531,2.63520412892612,473101455749,4618.62,257043473412,55653.7393013497,216057982337,0.840550353094137,46779.7702207586,54.331575244269,7027942907.25,0.0243,5998.44225918978,NA,NA,NA,0.0741,4572401083.112,0.0746,1605.706811825,NA,NA,NA,NA,0.1132,NA,NA,NA,NA,NA,NA,NA,NA,3766250000,41.886,908371986,21687,2857878014,3.146,68230,24.1187384268171,NA,NA,NA,NA,1947703961.2,0.0692,3449.25383708122,NA,20721843761.8062,0.0438,4486.58771706834,NA,NA,NA,NA,NA,NA,NA,NA,NA,NA,NA,NA,NA,NA,NA,NA,NA,NA,NA,NA,NA,NA,NA,NA,NA,NA,NA,NA,NA,NA,NA,NA,NA,NA,NA,NA,NA,NA,NA,NA,NA,NA,NA,NA,NA,NA,NA,NA,NA,NA,NA,NA,NA,NA,NA,NA,NA,NA,NA,NA,NA,NA,NA,NA,NA,NA,NA,NA,NA,NA,NA,NA,NA,NA,NA,NA,NA,NA,NA,NA,NA,NA,NA,NA,NA,NA,NA,NA,NA,NA
Macaca fascicularis,5700,2708000000,5.642,2572600000,455973,135400000,0.053,23999,95,3559800000,36.226,800955000,22110,2758845000,3.444,76156,22.5,325620000,4.294,65449620,15242,260170380,3.975,60589,20.1,6593420000,46.162,3439004620,74498.6053463888,3154415380,0.917246624693397,68333.5942983406,52.2,NA,NA,NA,NA,NA,NA,NA,145595820,0.0409,4019.09733340695,NA,NA,NA,NA,NA,NA,NA,NA,NA,NA,NA,NA,NA,NA,NA,NA,NA,NA,NA,NA,NA,NA,NA,NA,NA,NA,NA,NA,NA,NA,NA,NA,NA,NA,372000000,NA,7.499,11380000,1518,360620000,31.688927943761,48090,0.13,13.97,0.33,3.06,NA,NA,NA,NA,NA,NA,NA,NA,NA,NA,NA,NA,NA,NA,NA,NA,NA,NA,NA,NA,NA,NA,NA,NA,NA,NA,NA,NA,NA,NA,NA,NA,NA,NA,NA,NA,NA,NA,NA,NA,NA,NA,NA,NA,NA,NA,NA,NA,NA,NA,NA,NA,NA,NA,NA,NA,NA,NA,NA,NA,NA,NA,NA,NA,NA,NA,NA,NA,NA,NA,NA,NA,NA,NA,NA,NA
Macaca mulatta,3900,5481030000,7.694,4550000000,590800,931030000,0.205,121010,83.0135941602217,6980000000,69.832,1710000000,24470,5270000000,3.082,75400,24.4985673352436,1088420000,9.204,121900000,12410,966520000,7.929,98420,11.1997206960548,13539060000,87.346,6376160000,72998.8780253246,7162900000,1.1233877443477,82006.0449247819,47.1,NA,NA,NA,NA,NA,NA,NA,NA,NA,NA,NA,NA,NA,NA,NA,NA,NA,NA,NA,NA,NA,NA,NA,19480000,0.088,8473800,96293,11006200,1.299,125070,43.5,NA,NA,NA,NA,NA,NA,NA,NA,NA,NA,NA,NA,NA,389720000,247.46,8.511,10000000,1176,379720000,37.972,45555,0.1,8.88,0.16,2.56,NA,NA,NA,NA,NA,NA,NA,NA,NA,NA,NA,NA,NA,NA,NA,NA,NA,NA,NA,NA,NA,NA,NA,NA,NA,NA,NA,NA,NA,NA,NA,NA,NA,NA,NA,NA,NA,NA,NA,NA,NA,NA,NA,NA,NA,NA,NA,NA,NA,NA,NA,NA,NA,NA,NA,NA,NA,NA,NA,NA,NA,NA,NA,NA,NA,NA,NA,NA,NA,NA,NA,NA,NA,NA,NA,NA
Macaca nemestrina,NA,NA,NA,NA,NA,NA,NA,NA,NA,NA,NA,NA,NA,NA,NA,NA,NA,NA,NA,NA,NA,NA,NA,NA,NA,NA,NA,NA,NA,NA,NA,NA,NA,NA,NA,NA,NA,NA,NA,NA,NA,0.0362,NA,NA,NA,NA,NA,NA,NA,NA,NA,NA,NA,NA,NA,NA,NA,NA,NA,NA,NA,NA,NA,NA,NA,NA,NA,NA,NA,NA,NA,NA,NA,NA,NA,NA,NA,NA,NA,NA,NA,NA,NA,NA,NA,NA,NA,NA,NA,NA,NA,NA,NA,NA,NA,NA,NA,NA,NA,NA,NA,NA,NA,NA,NA,NA,NA,NA,NA,NA,NA,NA,NA,NA,NA,NA,NA,NA,NA,NA,NA,NA,NA,NA,NA,NA,NA,NA,NA,NA,NA,NA,NA,NA,NA,NA,NA,NA,NA,NA,NA,NA,NA,NA,NA,NA,NA,NA,NA,NA,NA,NA,NA,NA,NA,NA,NA,NA,NA,NA,NA,NA,NA,NA,NA
Macaca radiata,8012,2492120000,5.748,2038554160,354655,453565840,0.222,78908,81.8,5464380000,48.274,1655707140,34298,3808672860,2.3,78897,30.3,678000000,7.448,61359000,8238,616641000,10.05,82793,9.05,8634500000,61.47,3755620300,61096.8000650724,4878879700,1.29908758348122,79370.0943549699,43.5,NA,NA,NA,NA,NA,NA,NA,NA,NA,NA,NA,NA,NA,NA,NA,NA,NA,NA,NA,NA,NA,NA,NA,NA,NA,NA,NA,NA,NA,NA,NA,NA,NA,NA,NA,NA,NA,NA,NA,NA,NA,NA,NA,NA,345000000,264.6,7.842,9060000,1173,335940000,37.0794701986755,45664,0.1,11.31,0.24,2.5,NA,NA,NA,NA,NA,NA,NA,NA,NA,NA,NA,NA,NA,NA,NA,NA,NA,NA,NA,NA,NA,NA,NA,NA,NA,NA,NA,NA,NA,NA,NA,NA,NA,NA,NA,NA,NA,NA,NA,NA,NA,NA,NA,NA,NA,NA,NA,NA,NA,NA,NA,NA,NA,NA,NA,NA,NA,NA,NA,NA,NA,NA,NA,NA,NA,NA,NA,NA,NA,NA,NA,NA,NA,NA,NA,NA
Macronycteris commersoni,101.9,NA,0.107286493976527,51875702,483525,NA,NA,NA,NA,NA,0.243098006541998,7877834,32406,NA,NA,NA,NA,NA,0.237991492124235,6965297,29267,NA,NA,NA,NA,NA,0.588,66718833,113467.403061224,NA,NA,NA,NA,NA,NA,NA,NA,NA,NA,NA,NA,NA,NA,NA,NA,NA,NA,NA,NA,NA,NA,NA,NA,NA,NA,NA,NA,NA,NA,NA,NA,NA,NA,NA,NA,NA,NA,NA,NA,NA,NA,NA,NA,NA,NA,NA,NA,NA,NA,NA,NA,NA,NA,NA,NA,NA,NA,NA,NA,NA,NA,NA,NA,NA,NA,NA,NA,NA,NA,NA,NA,NA,NA,NA,NA,NA,NA,NA,NA,NA,NA,NA,NA,NA,NA,NA,NA,NA,NA,NA,NA,NA,NA,NA,NA,NA,NA,NA,NA,NA,NA,NA,NA,NA,NA,NA,NA,NA,NA,NA,NA,NA,NA,NA,NA,NA,NA,NA,NA,NA,NA,NA,NA,NA,NA,NA,NA,NA,NA,NA,NA,NA,NA,NA,NA
Macropus fuliginosus,25855,NA,7.358,1990000000,270449,NA,0.368,NA,NA,NA,40.194,370170000,9210,NA,6.404,NA,NA,NA,15.172,97740000,6442,NA,11.744,NA,NA,NA,62.724,2460000000,39219.4375358714,NA,1.729,NA,NA,NA,0.0084,NA,271030000,11254,4.12,0.058,NA,0.059,NA,NA,NA,NA,NA,0.0703,2.938,44770000,15238,4.076,NA,NA,NA,NA,NA,NA,NA,NA,NA,NA,NA,NA,4.362,21340000,4893,11.821,NA,0.065,NA,NA,NA,0.0396,NA,NA,NA,NA,NA,NA,NA,NA,NA,NA,NA,NA,NA,NA,NA,NA,NA,NA,NA,NA,NA,NA,NA,NA,NA,NA,NA,NA,NA,NA,NA,NA,NA,NA,NA,NA,NA,NA,NA,NA,NA,NA,NA,NA,NA,NA,NA,NA,NA,NA,NA,NA,NA,NA,NA,NA,NA,NA,NA,NA,NA,NA,NA,NA,NA,NA,NA,NA,NA,NA,NA,NA,NA,NA,NA,NA,NA,NA,NA,NA,NA,NA,NA,NA,NA,10.81,76400000,7067,11.723,NA,NA
Marmosops incanus,100,NA,0.158,82400000,521513,NA,0.292,NA,NA,NA,0.408,20410000,50033,NA,1.84,NA,NA,NA,0.344,9240000,26857,NA,2.878,NA,NA,NA,0.91,112050000,123131.868131868,NA,0.788,NA,NA,NA,0.0074,NA,NA,NA,NA,0.0494,NA,0.0485,NA,0.104,3370000,32394,2.695,0.0412,0.06,2580000,43036,1.43,0.092,3070000,33356,2.316,NA,0.084,5520000,65674,NA,0.958,NA,NA,0.148,2800000,18926,3.713,NA,0.0651,NA,NA,NA,0.0296,NA,NA,NA,NA,NA,NA,NA,NA,NA,NA,NA,NA,NA,NA,NA,NA,NA,NA,NA,NA,NA,NA,NA,NA,NA,NA,NA,NA,NA,NA,NA,NA,NA,NA,NA,NA,NA,NA,NA,NA,NA,NA,NA,NA,NA,NA,NA,NA,NA,NA,NA,NA,NA,NA,NA,NA,NA,NA,NA,NA,NA,NA,NA,NA,NA,NA,NA,NA,NA,NA,NA,NA,NA,NA,NA,NA,NA,NA,NA,NA,NA,NA,NA,NA,NA,0.196,6440000,32846,2.514,NA,NA
Megaloglossus woermanni,17.9,NA,0.0793051766641897,49734021,627122,NA,NA,NA,NA,NA,0.30909766173032,11897169,38490,NA,NA,NA,NA,NA,0.15908278004271,4097177,25755,NA,NA,NA,NA,NA,0.55,65728366,119506.12,NA,NA,NA,NA,NA,NA,NA,NA,NA,NA,NA,NA,NA,NA,NA,NA,NA,NA,NA,NA,NA,NA,NA,NA,NA,NA,NA,NA,NA,NA,NA,NA,NA,NA,NA,NA,NA,NA,NA,NA,NA,NA,NA,NA,NA,NA,NA,NA,NA,NA,NA,NA,NA,NA,NA,NA,NA,NA,NA,NA,NA,NA,NA,NA,NA,NA,NA,NA,NA,NA,NA,NA,NA,NA,NA,NA,NA,NA,NA,NA,NA,NA,NA,NA,NA,NA,NA,NA,NA,NA,NA,NA,NA,NA,NA,NA,NA,NA,NA,NA,NA,NA,NA,NA,NA,NA,NA,NA,NA,NA,NA,NA,NA,NA,NA,NA,NA,NA,NA,NA,NA,NA,NA,NA,NA,NA,NA,NA,NA,NA,NA,NA,NA,NA,NA,NA
Mesocricetus auratus,168.1,68640000,0.145,61210000,424002,7430000,0.121,51332,89.1754079254079,59010000,0.446,17140000,39099,41870000,2.507,94271,29.0459244195899,27200000,0.375,5870000,15611,21330000,3.556,55804,21.5808823529412,154860000,0.965,84220000,87274.6113989637,70640000,0.838755639990501,73202.0725388601,54.3,NA,NA,NA,NA,NA,NA,NA,NA,NA,NA,NA,NA,NA,NA,NA,NA,NA,NA,NA,NA,NA,NA,NA,11255100,0.055,5747930,105418,5507170,0.972,96197,51.069559577436,NA,NA,NA,NA,NA,NA,NA,NA,NA,NA,NA,NA,NA,NA,NA,NA,NA,NA,NA,NA,NA,NA,NA,NA,NA,NA,NA,NA,NA,NA,NA,NA,NA,NA,NA,NA,NA,NA,NA,NA,NA,NA,NA,NA,NA,NA,NA,NA,NA,NA,NA,NA,NA,NA,NA,NA,NA,NA,NA,NA,NA,NA,NA,NA,NA,NA,NA,NA,NA,NA,NA,NA,NA,NA,NA,NA,NA,NA,NA,NA,NA,NA,NA,NA,NA,NA,NA,NA,NA,NA,NA,NA,NA,NA,NA,NA,NA,NA,NA,NA,NA
Metachirus nudicaudatus,407,NA,0.342,134130000,392196,NA,0.24,NA,NA,NA,0.992,20190000,20354,NA,3.199,NA,NA,NA,0.674,11270000,16725,NA,4.878,NA,NA,NA,2.008,165590000,82465.1394422311,NA,0.916,NA,NA,NA,0.0104,NA,NA,NA,NA,0.0306,NA,0.0313,NA,0.234,3890000,16618,5.707,0.0353,0.144,4190000,29109,1.899,0.158,3620000,22926,3.182,NA,0.206,31380000,152341,NA,0.647,NA,NA,0.282,3760000,13338,5.653,NA,0.0554,NA,NA,NA,0.0254,NA,NA,NA,NA,NA,NA,NA,NA,NA,NA,NA,NA,NA,NA,NA,NA,NA,NA,NA,NA,NA,NA,NA,NA,NA,NA,NA,NA,NA,NA,NA,NA,NA,NA,NA,NA,NA,NA,NA,NA,NA,NA,NA,NA,NA,NA,NA,NA,NA,NA,NA,NA,NA,NA,NA,NA,NA,NA,NA,NA,NA,NA,NA,NA,NA,NA,NA,NA,NA,NA,NA,NA,NA,NA,NA,NA,NA,NA,NA,NA,NA,NA,NA,NA,NA,0.392,7510000,19161,4.489,NA,NA
Microcebus murinus,60,238820000,0.391,221386140,566205,17433860,0.079,44588,92.7,92960000,0.908,22310400,24571,70649600,3.167,77808,24,61880000,0.5,11014640,22029,50865360,4.618,101731,17.8,393660000,1.799,254711180,141584.869371873,138948820,0.545515198822447,77236.6981656476,64.7,NA,NA,NA,NA,NA,NA,NA,NA,NA,NA,NA,NA,NA,NA,NA,NA,NA,NA,NA,NA,NA,NA,NA,17360000,0.03,7636912,270894,9723088,1.273,341900,43.9914285714286,NA,NA,NA,NA,NA,NA,NA,NA,NA,NA,NA,NA,NA,22950000,NA,0.235,1680000,7150,21270000,12.6607142857143,90398,0.39,11.55,0.66,7.33,NA,NA,NA,NA,NA,NA,NA,NA,NA,NA,NA,NA,NA,NA,NA,NA,NA,NA,NA,NA,NA,NA,NA,NA,NA,NA,NA,NA,NA,NA,NA,NA,NA,NA,NA,NA,NA,NA,NA,NA,NA,NA,NA,NA,NA,NA,NA,NA,NA,NA,NA,NA,NA,NA,NA,NA,NA,NA,NA,NA,NA,NA,NA,NA,NA,NA,NA,NA,NA,NA,NA,NA,NA,NA,NA,NA
Miniopterus schreibersii,11.6,NA,0.0485319852158389,44447776,915845,NA,NA,NA,NA,NA,0.0858064733364199,6116028,71277,NA,NA,NA,NA,NA,0.0860579352746436,5094974,59204,NA,NA,NA,NA,NA,0.219,55658777,254149.666666667,NA,NA,NA,NA,NA,NA,NA,NA,NA,NA,NA,NA,NA,NA,NA,NA,NA,NA,NA,NA,NA,NA,NA,NA,NA,NA,NA,NA,NA,NA,NA,NA,NA,NA,NA,NA,NA,NA,NA,NA,NA,NA,NA,NA,NA,NA,NA,NA,NA,NA,NA,NA,NA,NA,NA,NA,NA,NA,NA,NA,NA,NA,NA,NA,NA,NA,NA,NA,NA,NA,NA,NA,NA,NA,NA,NA,NA,NA,NA,NA,NA,NA,NA,NA,NA,NA,NA,NA,NA,NA,NA,NA,NA,NA,NA,NA,NA,NA,NA,NA,NA,NA,NA,NA,NA,NA,NA,NA,NA,NA,NA,NA,NA,NA,NA,NA,NA,NA,NA,NA,NA,NA,NA,NA,NA,NA,NA,NA,NA,NA,NA,NA,NA,NA,NA,NA
Mops pumilus,5.4,NA,0.0363065668838663,25324375,697515,NA,NA,NA,NA,NA,0.0841103528603641,5632618,66967,NA,NA,NA,NA,NA,0.0847179242886179,4001397,47232,NA,NA,NA,NA,NA,0.208,34958391,168069.1875,NA,NA,NA,NA,NA,NA,NA,NA,NA,NA,NA,NA,NA,NA,NA,NA,NA,NA,NA,NA,NA,NA,NA,NA,NA,NA,NA,NA,NA,NA,NA,NA,NA,NA,NA,NA,NA,NA,NA,NA,NA,NA,NA,NA,NA,NA,NA,NA,NA,NA,NA,NA,NA,NA,NA,NA,NA,NA,NA,NA,NA,NA,NA,NA,NA,NA,NA,NA,NA,NA,NA,NA,NA,NA,NA,NA,NA,NA,NA,NA,NA,NA,NA,NA,NA,NA,NA,NA,NA,NA,NA,NA,NA,NA,NA,NA,NA,NA,NA,NA,NA,NA,NA,NA,NA,NA,NA,NA,NA,NA,NA,NA,NA,NA,NA,NA,NA,NA,NA,NA,NA,NA,NA,NA,NA,NA,NA,NA,NA,NA,NA,NA,NA,NA,NA,NA
Mungos mungo,1500,470000000,1.548,315740000,203966,154260000,0.489,99651.1627906977,67.1787234042553,462330000,9.29,115770000,12462,346560000,2.994,37304.6286329386,25.0405554474077,174050000,3.454,22510000,6518,151540000,6.731,43873.7695425593,12.9330652111462,1106390000,14.292,454020000,31767.422334173,652370000,1.437,45645.81584103,41.0361626551216,8695000,0.0185,5616.92506459948,NA,NA,NA,NA,NA,NA,NA,NA,NA,NA,NA,0.0337,0.428,2660000,6225,8.618,NA,NA,NA,NA,NA,NA,NA,NA,NA,NA,NA,NA,NA,NA,NA,NA,6613900,0.038,1914.85234510712,NA,NA,NA,NA,NA,NA,NA,NA,NA,NA,NA,NA,NA,NA,NA,NA,NA,NA,NA,NA,NA,NA,NA,NA,NA,NA,NA,NA,NA,NA,NA,NA,NA,NA,NA,NA,NA,NA,NA,NA,NA,NA,NA,25620000,22960000,53644.8598130841,10.3825136612022,NA,NA,NA,NA,NA,NA,NA,NA,NA,NA,NA,NA,NA,NA,NA,NA,NA,NA,NA,NA,NA,NA,NA,NA,NA,NA,NA,NA,NA,NA,NA,NA,NA,NA,NA,NA,NA,NA,NA,863394,2017.27570093458,NA,NA,NA,NA,NA,NA
Mus musculus,40.4,49167499,0.056,42219708,746691,6947791,0.165,123493,85.8691388797303,25750000,0.173,13688162,78672,12061838,0.87,68643,53.1579106796117,26810000,0.172,11960000,64301,14850000,1.242,79839,44.6102200671391,101732500,0.402,67873741,168840.151741294,33858759,0.498849164657065,84225.7686567164,65.3,NA,NA,NA,NA,NA,NA,NA,NA,NA,NA,NA,NA,NA,NA,NA,NA,NA,NA,NA,NA,NA,NA,NA,9350000,0.014,3893300,257475,5456700,1.454,371204,41.6395721925134,NA,NA,NA,NA,NA,NA,NA,NA,NA,NA,NA,NA,NA,NA,NA,NA,NA,NA,NA,NA,NA,NA,NA,NA,NA,NA,NA,NA,NA,NA,NA,NA,NA,NA,NA,NA,NA,NA,NA,NA,NA,NA,NA,NA,NA,NA,NA,NA,NA,NA,NA,NA,NA,NA,NA,NA,NA,NA,NA,NA,NA,NA,NA,NA,NA,NA,NA,NA,NA,NA,NA,NA,NA,NA,NA,NA,NA,NA,NA,NA,NA,NA,NA,NA,NA,NA,NA,NA,NA,NA,NA,NA,NA,NA,NA,NA,NA,NA,NA,NA,NA
Mustela putorius furo,800,430860000,0.92,351260000,381810,79600000,0.227,86521.7391304348,81.525321450123,303010000,3.123,38950000,12473,264060000,6.779,84553.3141210375,12.8543612422032,143540000,1.386,14210000,10253,129330000,9.101,93311.6883116883,9.89967953183782,877410000,5.429,404430000,74494.3820224719,472980000,1.253,87121.0167618346,46.0936164392929,8832630,0.0205,9600.6847826087,NA,NA,NA,0.0648,20392573,0.0673,6529.80243355748,NA,NA,NA,NA,0.0879,0.329,3190000,9702,9.182,NA,NA,NA,NA,57520000,0.25,14040000,56150,43480000,3.097,173920,24.4089012517385,NA,NA,NA,NA,12846830,0.0895,9268.99711399711,NA,42115680,0.048,7757.53914164671,NA,NA,NA,NA,NA,NA,NA,NA,NA,NA,NA,NA,NA,NA,NA,NA,NA,NA,NA,NA,NA,NA,NA,NA,NA,NA,NA,NA,NA,NA,NA,NA,NA,NA,NA,NA,NA,NA,NA,32500000,29310000,89088.1458966565,9.81538461538461,NA,NA,NA,NA,NA,NA,NA,NA,NA,NA,NA,NA,NA,NA,NA,NA,NA,NA,NA,NA,NA,NA,NA,NA,NA,NA,NA,NA,NA,NA,NA,NA,NA,NA,NA,NA,NA,NA,NA,2856750,8683.13069908815,NA,NA,NA,NA,NA,NA
Notamacropus parma,4268,NA,1.69,558080000,330225,NA,0.447,NA,NA,NA,9.914,135620000,13680,NA,5.411,NA,NA,NA,4.11,17420000,4238,NA,19.221,NA,NA,NA,15.714,711130000,45254.5500827288,NA,1.733,NA,NA,NA,0.0073,NA,117630000,18707,3.494,0.053900000000000003,NA,0.0555,NA,NA,NA,NA,NA,0.0657,1.238,8480000,6849,13.006,NA,NA,NA,NA,NA,NA,NA,NA,NA,NA,NA,NA,1.162,4770000,4107,15.447,NA,0.0575,NA,NA,NA,0.038,NA,NA,NA,NA,NA,NA,NA,NA,NA,NA,NA,NA,NA,NA,NA,NA,NA,NA,NA,NA,NA,NA,NA,NA,NA,NA,NA,NA,NA,NA,NA,NA,NA,NA,NA,NA,NA,NA,NA,NA,NA,NA,NA,NA,NA,NA,NA,NA,NA,NA,NA,NA,NA,NA,NA,NA,NA,NA,NA,NA,NA,NA,NA,NA,NA,NA,NA,NA,NA,NA,NA,NA,NA,NA,NA,NA,NA,NA,NA,NA,NA,NA,NA,NA,NA,2.948,12650000,4290,20.645,NA,NA
Notamacropus rufogriseus,11110,NA,3.572,1020000000,286273,NA,0.289,NA,NA,NA,16.102,256780000,15947,NA,4.545,NA,NA,NA,7.32,42480000,5803,NA,12.462,NA,NA,NA,26.994,1320000000,48899.7555012225,NA,1.629,NA,NA,NA,0.0092,NA,207740000,21631,2.589,0.0667,NA,0.0692,NA,NA,NA,NA,NA,0.0885,1.796,10770000,5999,14.221,NA,NA,NA,NA,NA,NA,NA,NA,NA,NA,NA,NA,1.39,7420000,5336,16.637,NA,0.0639,NA,NA,NA,0.0428,NA,NA,NA,NA,NA,NA,NA,NA,NA,NA,NA,NA,NA,NA,NA,NA,NA,NA,NA,NA,NA,NA,NA,NA,NA,NA,NA,NA,NA,NA,NA,NA,NA,NA,NA,NA,NA,NA,NA,NA,NA,NA,NA,NA,NA,NA,NA,NA,NA,NA,NA,NA,NA,NA,NA,NA,NA,NA,NA,NA,NA,NA,NA,NA,NA,NA,NA,NA,NA,NA,NA,NA,NA,NA,NA,NA,NA,NA,NA,NA,NA,NA,NA,NA,NA,5.93,35060000,5912,11.579,NA,NA
Oryctolagus cuniculus,4600,521250000,1.412,396671250,280929,124578750,1.222,88229,76.1,326250000,4.448,71448750,16063,254801250,3.566,57284,21.9,277500000,3.272,26085000,7972,251415000,9.63829787234043,76838,9.4,1125000000,9.132,494205000,54117.9369250986,630795000,1.27638328224118,69075.2299605782,43.9,NA,NA,NA,NA,NA,NA,NA,NA,NA,NA,NA,NA,NA,NA,NA,NA,NA,NA,NA,NA,NA,NA,NA,41700000,0.156,18765000,120288,22935000,1.222,147019,45,NA,NA,NA,NA,NA,NA,NA,NA,NA,NA,NA,NA,NA,NA,NA,NA,NA,NA,NA,NA,NA,NA,NA,NA,NA,NA,NA,NA,NA,NA,NA,NA,NA,NA,NA,NA,NA,NA,NA,NA,NA,NA,NA,NA,NA,NA,NA,NA,NA,NA,NA,NA,NA,NA,NA,NA,NA,NA,NA,NA,NA,NA,NA,NA,NA,NA,NA,NA,NA,NA,NA,NA,NA,NA,NA,NA,NA,NA,NA,NA,NA,NA,NA,NA,NA,NA,NA,NA,NA,NA,NA,NA,NA,NA,NA,NA,NA,NA,NA,NA,NA
Osphranter rufus,13154,NA,4.786,1530000000,320282,NA,0.278,NA,NA,NA,NA,NA,NA,NA,NA,NA,NA,NA,NA,NA,NA,NA,NA,NA,NA,NA,NA,NA,NA,NA,NA,NA,NA,NA,0.0158,NA,NA,NA,NA,NA,NA,NA,NA,NA,NA,NA,NA,NA,NA,NA,NA,NA,NA,NA,NA,NA,NA,NA,NA,NA,NA,NA,NA,NA,2.886,19340000,6700,10.765,NA,NA,NA,NA,NA,NA,NA,NA,NA,NA,NA,NA,NA,NA,NA,NA,NA,NA,NA,NA,NA,NA,NA,NA,NA,NA,NA,NA,NA,NA,NA,NA,NA,NA,NA,NA,NA,NA,NA,NA,NA,NA,NA,NA,NA,NA,NA,NA,NA,NA,NA,NA,NA,NA,NA,NA,NA,NA,NA,NA,NA,NA,NA,NA,NA,NA,NA,NA,NA,NA,NA,NA,NA,NA,NA,NA,NA,NA,NA,NA,NA,NA,NA,NA,NA,NA,NA,NA,NA,NA,NA,NA,NA,NA,NA,NA,NA
Otolemur garnettii,946.7,809460000,1.196,743500000,623080,65960000,0.089,54460,91.8513576952536,628160000,6.29,226090000,37820,402070000,1.778,63610,35.9924223127866,168240000,2.131,20800000,9730,147440000,7.088,69040,12.3632905373276,1602590000,10.15,936000000,92216.7487684729,666590000,0.712168803418803,65673.8916256158,58.4,NA,NA,NA,NA,NA,NA,NA,51886016,0.0826,8248.96915739269,NA,NA,NA,NA,NA,NA,NA,NA,NA,NA,NA,NA,NA,64481060,0.2,30237060,149219,34244000,1.133,170505,46.8929325913687,NA,NA,NA,NA,NA,NA,NA,NA,NA,NA,NA,NA,NA,94200000,152,1.528,5730000,3847,88470000,15.4397905759162,59593,0.14,13.08,0.61,6.14,NA,NA,NA,NA,NA,NA,NA,NA,NA,NA,NA,NA,NA,NA,NA,NA,NA,NA,NA,NA,NA,NA,NA,NA,NA,NA,NA,NA,NA,NA,NA,NA,NA,NA,NA,NA,NA,NA,NA,NA,NA,NA,NA,NA,NA,NA,NA,NA,NA,NA,NA,NA,NA,NA,NA,NA,NA,NA,NA,NA,NA,NA,NA,NA,NA,NA,NA,NA,NA,NA,NA,NA,NA,NA,NA,NA
Panthera leo,180000,7093750000,24.882,4049750000,162758,3044000000,0.752,122337.43268226,57.088986784141,7806210000,139.902,545240000,3897,7260970000,13.317,51900.4017097683,6.9846955180555,2165900000,34.162,72040000,2109,2093860000,29.063,61292.0789180961,3.32610000461702,17065870000,198.946,4667030000,23458.7777587888,12398840000,2.657,62322.6403144572,27.347155462921,124140625,0.0175,4989.17390081183,NA,NA,NA,0.103,795452799,0.1019,5685.78575717288,NA,NA,NA,NA,0.0571,3.648,13540000,3711,13.083,NA,NA,NA,NA,NA,NA,NA,NA,NA,NA,NA,NA,NA,NA,NA,NA,210742070,0.0973,6168.90316726187,NA,1129760594,0.0662,5678.72987644889,NA,NA,NA,NA,NA,NA,NA,NA,NA,NA,NA,NA,NA,NA,NA,NA,NA,NA,NA,NA,NA,NA,NA,NA,NA,NA,NA,NA,NA,NA,NA,NA,NA,NA,NA,NA,NA,NA,NA,190650000,177110000,48549.8903508772,7.10201940729085,NA,NA,NA,NA,NA,NA,NA,NA,NA,NA,NA,NA,NA,NA,NA,NA,NA,NA,NA,NA,NA,NA,NA,NA,NA,NA,NA,NA,NA,NA,NA,NA,NA,NA,NA,NA,NA,NA,NA,10886115,2984.13240131579,NA,NA,NA,NA,NA,NA
Papio cynocephalus,8000,8320885000,13.745,7794907300,567109,525977700,0.067,38267,93.6788250288281,10444780000,120.214,2875028372,23916,7569751628,2.633,62969,27.5259830460766,1357959996,17.235,278150760,16136,1079809236,3.882,62656,20.4829863044066,20123625004,151.194,10948086440,72410.8525470587,9175538564,0.838095188075625,60687.1870841436,54.4,NA,NA,NA,NA,NA,NA,NA,398990596,0.0382,3319.00274510456,NA,NA,NA,NA,NA,NA,NA,NA,NA,NA,NA,NA,NA,NA,NA,NA,NA,NA,NA,NA,NA,NA,NA,NA,NA,NA,NA,NA,NA,NA,NA,NA,NA,NA,NA,NA,NA,NA,NA,NA,NA,NA,NA,NA,NA,NA,NA,NA,NA,NA,NA,NA,NA,NA,NA,NA,NA,NA,NA,NA,NA,NA,NA,NA,NA,NA,NA,NA,NA,NA,NA,NA,NA,NA,NA,NA,NA,NA,NA,NA,NA,NA,NA,NA,NA,NA,NA,NA,NA,NA,NA,NA,NA,NA,NA,NA,NA,NA,NA,NA,NA,NA,NA,NA,NA,NA,NA,NA,NA,NA,NA,NA,NA,NA,NA,NA,NA,NA,NA,NA,NA,NA
Parascalops breweri,42.7,107790000,0.102,100780000,997370,7010000,0.07,68795,93.4966137860655,55560000,0.429,15690000,36727,39870000,2.581,93185,28.2397408207343,38510000,0.228,7130000,31276,31380000,4.401,137960,18.5146715138925,201860000,0.759,123600000,162845.849802372,78260000,0.633171521035599,103109.354413702,61.2,NA,NA,NA,NA,NA,NA,NA,NA,NA,NA,NA,NA,NA,NA,NA,NA,NA,NA,NA,NA,NA,NA,NA,27660000,0.049,16750000,333590,10910000,0.651,217440,60.5567606652205,NA,NA,NA,NA,NA,NA,NA,NA,NA,NA,NA,NA,NA,NA,NA,NA,NA,NA,NA,NA,NA,NA,NA,NA,NA,NA,NA,NA,NA,NA,NA,NA,NA,NA,NA,NA,NA,NA,NA,NA,NA,NA,NA,NA,NA,NA,NA,NA,NA,NA,NA,NA,NA,NA,NA,NA,NA,NA,NA,NA,NA,NA,NA,NA,NA,NA,NA,NA,NA,NA,NA,NA,NA,NA,NA,NA,NA,NA,NA,NA,NA,NA,NA,NA,NA,NA,NA,NA,NA,NA,NA,NA,NA,NA,NA,NA,NA,NA,NA,NA,NA
Petrodromus tetradactylus,132.5,145311001,0.304,110653150,362537,34657851,0.299,110153,76.149189833191,74433000,1.239,33947000,27236,40486000,1.202,32550,45.6074590571386,40436000,0.894,12231811,13696,28204189,2.3,31716,30.249804629538,260179795,2.44,156830795,64274.9159836066,103349000,0.6589840981167,42356.1475409836,60.277853243754,1278736.8088,0.0088,4206.37108157895,NA,NA,NA,0.0483,3743979.9,0.0503,3021.77554479419,NA,NA,NA,NA,0.0591,NA,NA,NA,NA,NA,NA,NA,NA,27604000,0.159,12828365,80805,14775635,1.141,91369,46.472848137951,NA,NA,NA,NA,1649788.8,0.0408,1845.40134228188,NA,6686620.7315,0.0257,2740.41833258197,NA,NA,NA,NA,NA,NA,NA,NA,NA,NA,NA,NA,NA,NA,NA,NA,NA,NA,NA,NA,NA,NA,NA,NA,NA,NA,NA,NA,NA,NA,NA,NA,NA,NA,NA,NA,NA,NA,NA,NA,NA,NA,NA,NA,NA,NA,NA,NA,NA,NA,NA,NA,NA,NA,NA,NA,NA,NA,NA,NA,NA,NA,NA,NA,NA,NA,NA,NA,NA,NA,NA,NA,NA,NA,NA,NA,NA,NA,NA,NA,NA,NA,NA,NA,NA,NA,NA,NA,NA,NA
Pongo pygmaeus,NA,28500000000,35.06,26300000000,750143,2200000000,0.084,62750,92.280701754386,NA,NA,NA,NA,NA,NA,NA,NA,NA,NA,NA,NA,NA,NA,NA,NA,NA,NA,NA,NA,NA,NA,NA,NA,NA,NA,NA,NA,NA,NA,NA,NA,NA,NA,NA,NA,NA,NA,NA,NA,NA,NA,NA,NA,NA,NA,NA,NA,NA,NA,NA,NA,NA,NA,NA,NA,NA,NA,NA,NA,NA,NA,NA,NA,NA,NA,NA,NA,NA,NA,NA,NA,NA,NA,NA,NA,NA,NA,NA,NA,NA,NA,NA,NA,NA,NA,NA,NA,NA,NA,NA,NA,NA,NA,NA,NA,NA,NA,NA,NA,NA,NA,NA,NA,NA,NA,NA,NA,NA,NA,NA,NA,NA,NA,NA,NA,NA,NA,NA,NA,NA,NA,NA,NA,NA,NA,NA,NA,NA,NA,NA,NA,NA,NA,NA,NA,NA,NA,NA,NA,NA,NA,NA,NA,NA,NA,NA,NA,NA,NA,NA,NA,NA,NA,NA,NA
Procavia capensis,2517,579378000,2.058,488373000,242415,91005000,0.182,46365,84.2926379669231,564553000,10.478,197933000,19134,366620000,1.883,35203,35.060127215691,232343000,4.317,69358240,16436,162984760,2.351,38353,29.8516589697129,1376275000,16.853,755653000,44837.8923633774,620622000,0.821305546328804,36825.6096837358,54.905669288478,7821603,0.0135,3800.58454810496,NA,NA,NA,0.0678,38107327.5,0.0675,3636.88943500668,NA,NA,NA,NA,0.0654,NA,NA,NA,NA,NA,NA,NA,NA,35700000,0.286,20909490,73110,14790510,0.707,51715,58.57,NA,NA,NA,NA,11198932.6,0.0482,2594.14700023164,NA,57115412.5,0.0415,3389.0353349552,NA,NA,NA,NA,NA,NA,NA,NA,NA,NA,NA,NA,NA,NA,NA,NA,NA,NA,NA,NA,NA,NA,NA,NA,NA,NA,NA,NA,NA,NA,NA,NA,NA,NA,NA,NA,NA,NA,NA,NA,NA,NA,NA,NA,NA,NA,NA,NA,NA,NA,NA,NA,NA,NA,NA,NA,NA,NA,NA,NA,NA,NA,NA,NA,NA,NA,NA,NA,NA,NA,NA,NA,NA,NA,NA,NA,NA,NA,NA,NA,NA,NA,NA,NA,NA,NA,NA,NA,NA,NA
Procyon lotor,6200,1887500000,3.338,1646180000,493162,241320000,0.147,72294.7872977831,87.2148344370861,2204610000,24.491,437940000,18510,1766670000,3.897,72135.4783389817,19.8647379808674,440570000,6.357,48570000,7640,392000000,8.071,61664.3070630801,11.024354813083,4548060000,34.186,2148070000,62834.7861697771,2399990000,1.117,70203.8846311356,47.2304674960313,NA,NA,NA,NA,NA,NA,NA,NA,NA,NA,NA,NA,NA,NA,NA,0.954,15340000,16076,4.564,NA,NA,NA,NA,135750000,0.47,55990000,119119,79760000,1.425,169702.127659574,41.2449355432781,NA,NA,NA,NA,NA,NA,NA,NA,NA,NA,NA,NA,NA,NA,NA,NA,NA,NA,NA,NA,NA,NA,NA,NA,NA,NA,NA,NA,NA,NA,NA,NA,NA,NA,NA,NA,NA,NA,NA,NA,NA,NA,NA,NA,NA,NA,NA,NA,NA,NA,85340000,70000000,73375.2620545073,17.9751581907663,NA,NA,NA,NA,NA,NA,NA,NA,NA,NA,NA,NA,NA,NA,NA,NA,NA,NA,NA,NA,NA,NA,NA,NA,NA,NA,NA,NA,NA,NA,NA,NA,NA,NA,NA,NA,NA,NA,NA,NA,NA,NA,NA,NA,NA,NA,NA
Proechimys guyannensis,223.485,198885000,0.33,162512050,494338,36372950,0.224,110122,81.7115669859466,97919063,0.924,26086024,28321,71833039,2.752,78011,26.6403938117749,86560937,0.824,13492039,16381,73068898,5.462,88667,15.586752486286,383365000,2.078,202090113,97252.2199230029,181274887,0.897000275317774,87235.2680461983,52.7,NA,NA,NA,NA,NA,NA,NA,NA,NA,NA,NA,NA,NA,NA,NA,NA,NA,NA,NA,NA,NA,NA,NA,30270000,0.132,9141540,69254,21128460,2.311,160064,30.2,NA,NA,NA,NA,NA,NA,NA,NA,NA,NA,NA,NA,NA,NA,NA,NA,NA,NA,NA,NA,NA,NA,NA,NA,NA,NA,NA,NA,NA,NA,NA,NA,NA,NA,NA,NA,NA,NA,NA,NA,NA,NA,NA,NA,NA,NA,NA,NA,NA,NA,NA,NA,NA,NA,NA,NA,NA,NA,NA,NA,NA,NA,NA,NA,NA,NA,NA,NA,NA,NA,NA,NA,NA,NA,NA,NA,NA,NA,NA,NA,NA,NA,NA,NA,NA,NA,NA,NA,NA,NA,NA,NA,NA,NA,NA,NA,NA,NA,NA,NA,NA
Rattus norvegicus,315.1,168177499,0.272,139171882,522688,29005617,0.209,108555,82.7529739873228,76705000,0.769,31017192,41092,45687808,1.497,60426,40.4369884622906,65900001,0.683,18678758,27813,47221243,2.587,71760,28.3440936518347,310782500,1.724,188867832,109552.106728538,121914668,0.645502554400053,70716.1647331787,60.7,NA,NA,NA,NA,NA,NA,NA,NA,NA,NA,NA,NA,NA,NA,NA,NA,NA,NA,NA,NA,NA,NA,NA,20342000,0.074,11103272,152373,9238728,0.848,126210,54.5829908563563,NA,NA,NA,NA,NA,NA,NA,NA,NA,NA,NA,NA,NA,NA,NA,NA,NA,NA,NA,NA,NA,NA,NA,NA,NA,NA,NA,NA,NA,NA,NA,NA,NA,NA,NA,NA,NA,NA,NA,NA,NA,NA,NA,NA,NA,NA,NA,NA,NA,NA,NA,NA,NA,NA,NA,NA,NA,NA,NA,NA,NA,NA,NA,NA,NA,NA,NA,NA,NA,NA,NA,NA,NA,NA,NA,NA,NA,NA,NA,NA,NA,NA,NA,NA,NA,NA,NA,NA,NA,NA,NA,NA,NA,NA,NA,NA,NA,NA,NA,NA,NA
Rousettus aegyptiacus,120,NA,0.219666672195536,132436158,602896,NA,NA,NA,NA,NA,0.985394850957763,28859259,29287,NA,NA,NA,NA,NA,0.547872457669572,10936630,19962,NA,NA,NA,NA,NA,1.778,172232047,96868.4178852643,NA,NA,NA,NA,NA,NA,NA,NA,NA,NA,NA,NA,NA,NA,NA,NA,NA,NA,NA,NA,NA,NA,NA,NA,NA,NA,NA,NA,NA,NA,NA,NA,NA,NA,NA,NA,NA,NA,NA,NA,NA,NA,NA,NA,NA,NA,NA,NA,NA,NA,NA,NA,NA,NA,NA,NA,NA,NA,NA,NA,NA,NA,NA,NA,NA,NA,NA,NA,NA,NA,NA,NA,NA,NA,NA,NA,NA,NA,NA,NA,NA,NA,NA,NA,NA,NA,NA,NA,NA,NA,NA,NA,NA,NA,NA,NA,NA,NA,NA,NA,NA,NA,NA,NA,NA,NA,NA,NA,NA,NA,NA,NA,NA,NA,NA,NA,NA,NA,NA,NA,NA,NA,NA,NA,NA,NA,NA,NA,NA,NA,NA,NA,NA,NA,NA,NA
Saguinus midas,NA,NA,NA,NA,NA,NA,NA,NA,NA,NA,NA,NA,NA,NA,NA,NA,NA,NA,NA,NA,NA,NA,NA,NA,NA,NA,NA,NA,NA,NA,NA,NA,NA,NA,NA,NA,NA,NA,NA,NA,NA,0.0272,NA,NA,NA,NA,NA,NA,NA,NA,NA,NA,NA,NA,NA,NA,NA,NA,NA,NA,NA,NA,NA,NA,NA,NA,NA,NA,NA,NA,NA,NA,NA,NA,NA,NA,NA,NA,NA,NA,NA,NA,NA,NA,NA,NA,NA,NA,NA,NA,NA,NA,NA,NA,NA,NA,NA,NA,NA,NA,NA,NA,NA,NA,NA,NA,NA,NA,NA,NA,NA,NA,NA,NA,NA,NA,NA,NA,NA,NA,NA,NA,NA,NA,NA,NA,NA,NA,NA,NA,NA,NA,NA,NA,NA,NA,NA,NA,NA,NA,NA,NA,NA,NA,NA,NA,NA,NA,NA,NA,NA,NA,NA,NA,NA,NA,NA,NA,NA,NA,NA,NA,NA,NA,NA
Saimiri sciureus,859,1953020000,4.3,1820000000,424000,133020000,0.073,30940,93.189009841169,2950000000,20.652,1340000000,64930,1610000000,1.201,77840,45.4237288135593,368120000,5.004,65530000,13090,302590000,4.618,60470,17.8012604585461,5319460000,30.216,3246430000,107440.759862325,2073030000,0.638556814716473,68607.0293884035,61,NA,NA,NA,NA,NA,NA,NA,NA,NA,NA,NA,NA,NA,NA,NA,NA,NA,NA,NA,NA,NA,NA,NA,NA,NA,NA,NA,NA,NA,NA,NA,NA,NA,NA,NA,NA,NA,NA,NA,NA,NA,NA,NA,NA,95930000,169.48,1.602,4690000,2913,91240000,19.454157782516,56888,0.19,5.03,0.14,4.83,NA,NA,NA,NA,NA,NA,NA,NA,NA,NA,NA,NA,NA,NA,NA,NA,NA,NA,NA,NA,NA,NA,NA,NA,NA,NA,NA,NA,NA,NA,NA,NA,NA,NA,NA,NA,NA,NA,NA,NA,NA,NA,NA,NA,NA,NA,NA,NA,NA,NA,NA,NA,NA,NA,NA,NA,NA,NA,NA,NA,NA,NA,NA,NA,NA,NA,NA,NA,NA,NA,NA,NA,NA,NA,NA,NA
Sapajus apella,3340,2735810000,4.6,2490000000,540310,245810000,0.099,53440,91.0150924223539,3690000000,39.178,1140000000,29180,2550000000,2.237,64980,30.8943089430894,567960000,8.43,61850000,7340,506110000,8.183,60040,10.8898513979858,6988260000,52.208,3690520000,70688.7833282256,3297740000,0.893570553743104,63165.4152620288,52.8,NA,NA,NA,NA,NA,NA,NA,105165000,0.0285,2684.28709990301,NA,NA,NA,NA,NA,NA,NA,NA,NA,NA,NA,NA,NA,NA,NA,NA,NA,NA,NA,NA,NA,NA,NA,NA,NA,NA,NA,NA,NA,NA,NA,NA,NA,NA,NA,NA,NA,NA,NA,NA,NA,NA,NA,NA,NA,NA,NA,NA,NA,NA,NA,NA,NA,NA,NA,NA,NA,NA,NA,NA,NA,NA,NA,NA,NA,NA,NA,NA,NA,NA,NA,NA,NA,NA,NA,NA,NA,NA,NA,NA,NA,NA,NA,NA,NA,NA,NA,NA,NA,NA,NA,NA,NA,NA,NA,NA,NA,NA,NA,NA,NA,NA,NA,NA,NA,NA,NA,NA,NA,NA,NA,NA,NA,NA,NA,NA,NA,NA,NA,NA,NA,NA
Sarcophilus harrisii,8200,NA,1.434,601070000,419158,NA,0.224,NA,NA,NA,5.228,71660000,13706,NA,5.112,NA,NA,NA,3.14,20970000,6677,NA,12.2,NA,NA,NA,9.802,693690000,70770.25096919,NA,1.09,NA,NA,NA,0.0105,NA,50950000,14759,3.727,0.0197,NA,0.0218,NA,1.348,6180000,4587,18.96,0.0325,0.634,12640000,19940,4.537,0.652,8220000,12613,6.675,NA,1.004,100320000,99919,NA,1.004,NA,NA,1.14,6560000,5754,12.755,NA,0.0202,NA,NA,NA,0.0158,NA,NA,NA,NA,NA,NA,NA,NA,NA,NA,NA,NA,NA,NA,NA,NA,NA,NA,NA,NA,NA,NA,NA,NA,NA,NA,NA,NA,NA,NA,NA,NA,NA,NA,NA,NA,NA,NA,NA,NA,NA,NA,NA,NA,NA,NA,NA,NA,NA,NA,NA,NA,NA,NA,NA,NA,NA,NA,NA,NA,NA,NA,NA,NA,NA,NA,NA,NA,NA,NA,NA,NA,NA,NA,NA,NA,NA,NA,NA,NA,NA,NA,NA,NA,NA,2,14410000,7203,11.948,NA,NA
Scalopus aquaticus,95.3,176060000,0.153,158550000,1037390,17510000,0.11,114660,90.0545268658412,65220000,0.476,26680000,60461,38540000,1.383,80745,40.9076970254523,62250000,0.37,16560000,44620,45690000,2.759,123600,26.6024096385542,305260000,0.999,203520000,203723.723723724,101740000,0.499901729559748,101841.841841842,66.7,NA,NA,NA,NA,NA,NA,NA,NA,NA,NA,NA,NA,NA,NA,NA,NA,NA,NA,NA,NA,NA,NA,NA,52390000,0.082,34610000,423520,17780000,0.514,215230,66.0622256155755,NA,NA,NA,NA,NA,NA,NA,NA,NA,NA,NA,NA,NA,NA,NA,NA,NA,NA,NA,NA,NA,NA,NA,NA,NA,NA,NA,NA,NA,NA,NA,NA,NA,NA,NA,NA,NA,NA,NA,NA,NA,NA,NA,NA,NA,NA,NA,NA,NA,NA,NA,NA,NA,NA,NA,NA,NA,NA,NA,NA,NA,NA,NA,NA,NA,NA,NA,NA,NA,NA,NA,NA,NA,NA,NA,NA,NA,NA,NA,NA,NA,NA,NA,NA,NA,NA,NA,NA,NA,NA,NA,NA,NA,NA,NA,NA,NA,NA,NA,NA,NA
Sciurus carolinensis,500,453630000,0.874,342832180,392363,110797820,0.336,127682,75.5752882304962,286989334,2.73,77334617,28384,209654717,2.709,76877,26.9468610286402,243517334,1.943,33493401,17616,210023933,7.246,108482,13.7540110389021,984136666,5.548,453660197,81770.0427180966,530476469,1.16932557122705,95615.8019105984,46,NA,NA,NA,NA,NA,NA,NA,NA,NA,NA,NA,NA,NA,NA,NA,NA,NA,NA,NA,NA,NA,NA,NA,67861666,0.212,28845724,137532,39015942,1.478,185359,42.5066546406332,NA,NA,NA,NA,NA,NA,NA,NA,NA,NA,NA,NA,NA,NA,NA,NA,NA,NA,NA,NA,NA,NA,NA,NA,NA,NA,NA,NA,NA,NA,NA,NA,NA,NA,NA,NA,NA,NA,NA,NA,NA,NA,NA,NA,NA,NA,NA,NA,NA,NA,NA,NA,NA,NA,NA,NA,NA,NA,NA,NA,NA,NA,NA,NA,NA,NA,NA,NA,NA,NA,NA,NA,NA,NA,NA,NA,NA,NA,NA,NA,NA,NA,NA,NA,NA,NA,NA,NA,NA,NA,NA,NA,NA,NA,NA,NA,NA,NA,NA,NA,NA
Scotonycteris zenkeri,16.1,NA,0.0860000091067051,47217961,549046,NA,NA,NA,NA,NA,0.323996746696257,12847119,39652,NA,NA,NA,NA,NA,0.177998873402646,5529891,31067,NA,NA,NA,NA,NA,0.588,65594971,111556.073129252,NA,NA,NA,NA,NA,NA,NA,NA,NA,NA,NA,NA,NA,NA,NA,NA,NA,NA,NA,NA,NA,NA,NA,NA,NA,NA,NA,NA,NA,NA,NA,NA,NA,NA,NA,NA,NA,NA,NA,NA,NA,NA,NA,NA,NA,NA,NA,NA,NA,NA,NA,NA,NA,NA,NA,NA,NA,NA,NA,NA,NA,NA,NA,NA,NA,NA,NA,NA,NA,NA,NA,NA,NA,NA,NA,NA,NA,NA,NA,NA,NA,NA,NA,NA,NA,NA,NA,NA,NA,NA,NA,NA,NA,NA,NA,NA,NA,NA,NA,NA,NA,NA,NA,NA,NA,NA,NA,NA,NA,NA,NA,NA,NA,NA,NA,NA,NA,NA,NA,NA,NA,NA,NA,NA,NA,NA,NA,NA,NA,NA,NA,NA,NA,NA,NA,NA
Sorex fumeus,7.8,26160000,0.02,20870000,1038666,5290000,0.253,258073,79.7782874617737,19020000,0.084,9730000,116727,9290000,0.958,111754,51.1566771819138,13840000,0.072,5560000,75941,8280000,1.489,114880,40.1734104046243,59320000,0.176,36460000,207159.090909091,22860000,0.626988480526604,129886.363636364,61.3,NA,NA,NA,NA,NA,NA,NA,NA,NA,NA,NA,NA,NA,NA,NA,NA,NA,NA,NA,NA,NA,NA,NA,6090000,0.012,3330000,289806,2760000,0.829,235249,54.679802955665,NA,NA,NA,NA,NA,NA,NA,NA,NA,NA,NA,NA,NA,NA,NA,NA,NA,NA,NA,NA,NA,NA,NA,NA,NA,NA,NA,NA,NA,NA,NA,NA,NA,NA,NA,NA,NA,NA,NA,NA,NA,NA,NA,NA,NA,NA,NA,NA,NA,NA,NA,NA,NA,NA,NA,NA,NA,NA,NA,NA,NA,NA,NA,NA,NA,NA,NA,NA,NA,NA,NA,NA,NA,NA,NA,NA,NA,NA,NA,NA,NA,NA,NA,NA,NA,NA,NA,NA,NA,NA,NA,NA,NA,NA,NA,NA,NA,NA,NA,NA,NA
Sus scrofa domesticus,100000,2207031251,8.128,1858320313,228632,348710938,0.188,42902,84.1999999845041,3557333758,42.404,307082404,7276,3250251354,10.585,77016,8.63237539377378,1155531250,13.85,58709836,4238,1096821414,18.682,79192,5.08076575168348,6919896258,64.18,2224112553,34654.2934403241,4695783705,2.11130668664501,73165.8414615145,32.1,85632812.5388,0.0388,10535.5330387303,207750000,7375,8.544,0.108011310195764,390711919.157286,0.109832797745959,9214.03450517135,6.728,34400000,5113,17.779,0.1513,1.928,12910000,6695,10.334,2.338,12430000,5317,15.667,86750000,0.822,9195500,11187,77554500,8.434,94348,10.6,4.784,11880000,2483,24.452,130002796,0.112504786002109,9386.48346570397,NA,604534332.20836,0.0873617623254779,9419.35699919539,NA,NA,NA,NA,NA,NA,NA,NA,NA,NA,NA,NA,NA,NA,NA,NA,NA,NA,NA,NA,NA,NA,NA,NA,NA,NA,NA,NA,NA,NA,NA,NA,NA,NA,NA,NA,NA,NA,NA,NA,NA,NA,NA,NA,NA,NA,NA,NA,NA,NA,NA,NA,NA,NA,NA,NA,NA,NA,NA,NA,NA,NA,NA,NA,NA,NA,NA,NA,NA,NA,NA,NA,NA,NA,NA,NA,NA,NA,NA,NA,NA,NA,NA,NA,NA,NA,NA,NA,NA,NA
Tragelaphus strepsiceros,218000,5308593750,31.776,4042494141,127218,1266099609,0.313,39845,76.150000007064,13064871626,213.37,762567178,3574,12302304448,16.133,57657,5.83677513127981,3515369753,61.716,106590230,1727,3408779523,31.98,55233,3.03212001835757,21888835129,306.86,4911651549,16006.1642084338,16977183580,3.45651221602976,55325.5021182298,22.4,96616406.25,0.0182,3040.54652095921,596210000,4644,8.754,0.0645204852055977,837694789.056037,0.0641181033412503,3926.01953909189,30.418,58880000,1936,31.841,0.0548,10.936,28360000,2594,17.868,12.902,26070000,2594,30.546,401063000,5.546,38331562,6912,362731438,8.523,58913,9.55749146642797,18.396,21640000,1176,34.088,276775864.078733,0.0787330731973596,4484.66951971503,NA,1209876202.82772,0.055273667862973,3942.76283265241,NA,NA,NA,NA,NA,NA,NA,NA,NA,NA,NA,NA,NA,NA,NA,NA,NA,NA,NA,NA,NA,NA,NA,NA,NA,NA,NA,NA,NA,NA,NA,NA,NA,NA,NA,NA,NA,NA,NA,NA,NA,NA,NA,NA,NA,NA,NA,NA,NA,NA,NA,NA,NA,NA,NA,NA,NA,NA,NA,NA,NA,NA,NA,NA,NA,NA,NA,NA,NA,NA,NA,NA,NA,NA,NA,NA,NA,NA,NA,NA,NA,NA,NA,NA,NA,NA,NA,NA,NA,NA
Triaenops persicus,13.7,NA,0.0726599416786038,59651487,820968,NA,NA,NA,NA,NA,0.0932490079518258,6039272,64765,NA,NA,NA,NA,NA,0.0848703653529522,4072165,47981,NA,NA,NA,NA,NA,0.251,69762924,277939.93625498,NA,NA,NA,NA,NA,NA,NA,NA,NA,NA,NA,NA,NA,NA,NA,NA,NA,NA,NA,NA,NA,NA,NA,NA,NA,NA,NA,NA,NA,NA,NA,NA,NA,NA,NA,NA,NA,NA,NA,NA,NA,NA,NA,NA,NA,NA,NA,NA,NA,NA,NA,NA,NA,NA,NA,NA,NA,NA,NA,NA,NA,NA,NA,NA,NA,NA,NA,NA,NA,NA,NA,NA,NA,NA,NA,NA,NA,NA,NA,NA,NA,NA,NA,NA,NA,NA,NA,NA,NA,NA,NA,NA,NA,NA,NA,NA,NA,NA,NA,NA,NA,NA,NA,NA,NA,NA,NA,NA,NA,NA,NA,NA,NA,NA,NA,NA,NA,NA,NA,NA,NA,NA,NA,NA,NA,NA,NA,NA,NA,NA,NA,NA,NA,NA,NA,NA
Tupaia glis,172.5,205260000,0.326,185280000,571460,19980000,0.108,61600,90.2660040923707,145970000,1.455,60390000,42900,85580000,1.417,58900,41.3715146948003,109560000,0.919,22480000,25900,87080000,3.874,100320,20.5184373859073,461050000,2.752,261400000,94985.4651162791,199650000,0.763771996939556,72547.238372093,56.7,NA,NA,NA,NA,NA,NA,NA,NA,NA,NA,NA,NA,NA,NA,NA,NA,NA,NA,NA,NA,NA,NA,NA,32768000,0.1,12700000,130173,20068000,1.58,205876,38.75732421875,NA,NA,NA,NA,NA,NA,NA,NA,NA,NA,NA,NA,NA,44650000,102.92,0.607,2690000,4529,41960000,15.5985130111524,69891,0.35,18.07,1.02,6.02,NA,NA,NA,NA,NA,NA,NA,NA,NA,NA,NA,NA,NA,NA,NA,NA,NA,NA,NA,NA,NA,NA,NA,NA,NA,NA,NA,NA,NA,NA,NA,NA,NA,NA,NA,NA,NA,NA,NA,NA,NA,NA,NA,NA,NA,NA,NA,NA,NA,NA,NA,NA,NA,NA,NA,NA,NA,NA,NA,NA,NA,NA,NA,NA,NA,NA,NA,NA,NA,NA,NA,NA,NA,NA,NA,NA
Ursus arctos,350000,11550000000,45.106,9253250000,205145,2296750000,0.248,50918.9464816211,80.1147186147186,10404970000,222,250970000,1130,10154000000,40.459,45738.7387387387,2.41202040947739,2743820000,47.898,81380000,1699,2662440000,32.714,55585.6194413128,2.96593799884832,24698790000,315.004,9585600000,30430.0897766378,15113190000,1.577,47977.7717108354,38.8099983845363,188265000,0.0163,4173.8349665233,NA,NA,NA,0.0823,843843067,0.0811,3801.0948963964,NA,NA,NA,NA,0.0342,4.13,8610000,2085,28.941,NA,NA,NA,NA,NA,NA,NA,NA,NA,NA,NA,NA,NA,NA,NA,NA,98777520,0.036,2062.24727546035,NA,1131204582,0.0458,3591.08005612627,NA,NA,NA,NA,NA,NA,NA,NA,NA,NA,NA,NA,NA,NA,NA,NA,NA,NA,NA,NA,NA,NA,NA,NA,NA,NA,NA,NA,NA,NA,NA,NA,NA,NA,NA,NA,NA,NA,NA,257770000,249160000,60329.2978208232,3.34018698840051,NA,NA,NA,NA,NA,NA,NA,NA,NA,NA,NA,NA,NA,NA,NA,NA,NA,NA,NA,NA,NA,NA,NA,NA,NA,NA,NA,NA,NA,NA,NA,NA,NA,NA,NA,NA,NA,NA,NA,8815734,2134.5602905569,NA,NA,NA,NA,NA,NA
Wallabia bicolor,12066,NA,4.42,1200000000,270575,NA,0.293,NA,NA,NA,15.182,208110000,13708,NA,4.955,NA,NA,NA,10.41,31860000,3061,NA,20.583,NA,NA,NA,30.012,1440000000,47980.8076769292,NA,1.407,NA,NA,NA,0.0171,NA,170420000,17322,3.319,0.0791,NA,0.0768,NA,NA,NA,NA,NA,0.0559,1.566,12970000,8283,8.506,NA,NA,NA,NA,NA,NA,NA,NA,NA,NA,NA,NA,4.014,10510000,2619,20.834,NA,0.0795,NA,NA,NA,0.0509,NA,NA,NA,NA,NA,NA,NA,NA,NA,NA,NA,NA,NA,NA,NA,NA,NA,NA,NA,NA,NA,NA,NA,NA,NA,NA,NA,NA,NA,NA,NA,NA,NA,NA,NA,NA,NA,NA,NA,NA,NA,NA,NA,NA,NA,NA,NA,NA,NA,NA,NA,NA,NA,NA,NA,NA,NA,NA,NA,NA,NA,NA,NA,NA,NA,NA,NA,NA,NA,NA,NA,NA,NA,NA,NA,NA,NA,NA,NA,NA,NA,NA,NA,NA,NA,6.396,21350000,3339,20.459,NA,NA
