"Species","n_bases","Brain_Mass_excl_olfactory_bulb","Brain_Mass_from_volume_or_ecv","Brain_Mass_mass_or_volume","Brain_Mass_measured","Brain_size_sum_of_structures","ratio_max_over_min","flag"
"Alouatta caraya",2,"","","50.7","55.8","",1.101,""
"Alouatta palliata",2,"","","50.04","52.75","",1.054,""
"Alouatta seniculus",2,"","","45.5","51.5","",1.132,""
"Antidorcas marsupialis",2,"105.081","","135","","",1.285,""
"Aotus trivirgatus",3,"15.73","","15.75","17.0292","",1.083,""
"Atelerix albiventris",2,"","","2.24","2.2865","",1.021,""
"Atelerix algirus",2,"","","3.2","3.4333","",1.073,""
"Ateles geoffroyi",2,"","","104.96","107.2","",1.021,""
"Ateles paniscus",2,"","","108.96","108.5","",1.004,""
"Avahi laniger",2,"","","10.49","9.7717","",1.074,""
"Avahi occidentalis",2,"","","7.95","9.67","",1.216,""
"Axis axis",2,"","","219","219","",1,""
"Balaenoptera acutorostrata",2,"2683.9","","2850","","",1.062,""
"Balaenoptera borealis",2,"","","4900","4900","",1,""
"Balaenoptera musculus",2,"","","3636","3636","",1,""
"Balaenoptera physalus",2,"","","5100","7111.43","",1.394,""
"Bathyergus suillus",2,"","","3.75","","3.78",1.008,""
"Bettongia penicillata",2,"","","9.56","9.6","",1.004,""
"Blarina brevicauda",3,"0.347","","0.34","0.39","",1.147,""
"Bos taurus",2,"","","486","540","",1.111,""
"Callicebus moloch",2,"","","19","17.25","",1.101,""
"Callimico goeldii",2,"","","11.4","11","",1.036,""
"Callithrix jacchus",3,"7.78","","7.73","7.1899","",1.082,""
"Callithrix pygmaea",2,"","","4.64","4.2625","",1.089,""
"Callithrix sp.",2,"","","7.78","7.5","",1.037,""
"Callorhinus ursinus",2,"","","334.83","328.6","",1.019,""
"Camelus dromedarius",2,"","","762","762","",1,""
"Canis latrans",2,"","","84.5","86.235","",1.021,""
"Canis lupus",2,"","","130","111.5267","",1.166,""
"Capra hircus",2,"","","115","105","",1.095,""
"Caracal caracal",2,"","","51.9","55.3","",1.066,""
"Castor canadensis",2,"","","52.21","41.1683","",1.268,""
"Cavia porcellus",3,"3.656","","3.656","4","",1.094,""
"Cebus albifrons",2,"","","62.95","77.2333","",1.227,""
"Cercocebus agilis",2,"","","95.3","95.3","",1,""
"Cercopithecus ascanius",2,"","","54.9","66","",1.202,""
"Cercopithecus mitis",2,"","","75","73.975","",1.014,""
"Cheirogaleus major",2,"","","6.8","6.8","",1,""
"Cheirogaleus medius",2,"","","3.34","3.14","",1.064,""
"Chlorocebus aethiops",2,"","","64.13","36.54","",1.755,""
"Chlorocebus pygerythrus",2,"","","62.5774","71.8","",1.147,""
"Choloepus didactylus",2,"","","28.2","36","",1.277,""
"Chrysochloris asiatica",2,"","","0.7","0.7","",1,""
"Chrysochloris stuhlmanni",2,"","","1.06","0.74","",1.432,""
"Colobus angolensis",2,"","","74.4","74.4","",1,""
"Condylura cristata",3,"0.802","","0.802","1.077","",1.343,""
"Crocidura russula",2,"","","0.19","0.19","",1,""
"Crocuta crocuta",2,"","","175","153.2675","",1.142,""
"Cryptomys hottentotus",2,"","","1.17","","0.85",1.376,""
"Cryptotis parva",2,"","","0.12","0.165","",1.375,""
"Cynictis penicillata",2,"","","10.5","12.51","",1.191,""
"Dasyprocta leporina",2,"","","21.26","17.2","",1.236,""
"Dasypus novemcinctus",2,"","","8.5","7.54","",1.127,""
"Dasyurus hallucatus",2,"","","3.38","4.666","",1.38,""
"Daubentonia madagascariensis",2,"","","45.15","45.15","",1,""
"Delphinapterus leucas",2,"","","1921","2083","",1.084,""
"Delphinus delphis",2,"","","797.26","873","",1.095,""
"Desmana moschata",2,"","","4","4","",1,""
"Didelphis marsupialis",2,"","","6.35","5.736","",1.107,""
"Didelphis virginiana",2,"","","6.72","4.36","",1.541,""
"Dinomys branickii",2,"","","26.95","36.3","",1.347,""
"Echinops telfairi",2,"","","0.62","1.2593","",2.031,"DISAGREEMENT>2x"
"Elephantulus fuscipes",2,"","","1.33","1.33","",1,""
"Elephantulus myurus",3,"1.04","","1.37","1.37","",1.317,""
"Equus burchelli",2,"","","587","520.5","",1.128,""
"Equus caballus",2,"","","693","590","",1.175,""
"Erinaceus europaeus",2,"","","3.23","3.225","",1.002,""
"Erythrocebus patas",2,"","","100.2","108","",1.078,""
"Eschrichtius robustus",2,"","","4316.67","4316.67","",1,""
"Eulemur fulvus",2,"","","25.8","23.3","",1.107,""
"Eulemur macaco",2,"","","22.6","28.3","",1.252,""
"Eulemur mongoz",2,"","","24.03","20.75","",1.158,""
"Felis catus",2,"","","25.6","26.7929","",1.047,""
"Galago senegalensis",2,"","","5.9","3.9233","",1.504,""
"Galagoides demidoff",2,"","","3.38","3.34","",1.012,""
"Galemys pyrenaicus",2,"","","1.33","1.33","",1,""
"Giraffa camelopardalis",3,"534.92","","537","675","",1.262,""
"Globicephala macrorhynchus",2,"","","2466","2886.296","",1.17,""
"Globicephala melas",2,"","","2673","2673","",1,""
"Gorilla gorilla",3,"","313.14","454.55","443.119","",1.452,""
"Grampus griseus",2,"","","2551","2098.084","",1.216,""
"Hapalemur griseus",2,"","","14.1","14.7","",1.043,""
"Heliophobius argenteocinereus",2,"","","1.43","","1.65",1.154,""
"Hemicentetes semispinosus",2,"","","0.83","0.83","",1,""
"Hemiechinus auritus",2,"","","1.9","1.4325","",1.326,""
"Heterocephalus glaber",3,"0.392","","0.52","","0.44",1.327,""
"Hippopotamus amphibius",2,"","","720","590","",1.22,""
"Homo sapiens",3,"1508.91","","1509","1365.0984","",1.105,""
"Hydrochoerus hydrochaeris",2,"74.734","","","63.5","",1.177,""
"Hylobates lar",2,"","","93.99","102.25","",1.088,""
"Hylobates muelleri",2,"","","95.31","101.8","",1.068,""
"Indri indri",2,"","","38.3","36","",1.064,""
"Inia geoffrensis",2,"","","633.645","610","",1.039,""
"Kogia breviceps",2,"","","1019","1012","",1.007,""
"Lagenorhynchus acutus",2,"","","1103.17","1200","",1.088,""
"Lagenorhynchus albirostris",2,"","","1126","1126","",1,""
"Lagenorhynchus obliquidens",2,"","","1136.75","1140","",1.003,""
"Lagothrix lagothricha",2,"","","89.35","101","",1.13,""
"Lama glama",2,"","","264.2","216.77","",1.219,""
"Lemur catta",2,"","","21.63","22.3","",1.031,""
"Leontopithecus rosalia",2,"","","13.05","12.7","",1.028,""
"Lepilemur ruficaudatus",2,"","","8.25","7.6","",1.086,""
"Lipotes vexillifer",2,"","","558","558","",1,""
"Lophocebus albigena",2,"","","96.8","107.25","",1.108,""
"Loris tardigradus",2,"","","6","6.75","",1.125,""
"Loxodonta africana",3,"4618.62","","4618","4835","",1.047,""
"Lycaon pictus",2,"","","129","141.5","",1.097,""
"Macaca fascicularis",3,"46.162","","66.93","47.815","",1.45,""
"Macaca fuscata",2,"","","96.8","109.1","",1.127,""
"Macaca maura",2,"","","94.48","83.3","",1.134,""
"Macaca mulatta",4,"87.346","79.1","87.346","81.5854","",1.104,""
"Macaca nemestrina",2,"","","110","36.4","",3.022,"DISAGREEMENT>2x"
"Macaca nigra",2,"","","97.5","94.9","",1.027,""
"Macaca radiata",3,"61.47","","61.47","24.9","",2.469,"DISAGREEMENT>2x"
"Macroderma gigas",2,"","","1.7","1.704","",1.002,""
"Macropus eugenii",2,"","","23.7","23.7","",1,""
"Macropus fuliginosus",2,"","","58","64.8","",1.117,""
"Mandrillus sphinx",2,"","","159.2","158","",1.008,""
"Martes foina",2,"","","20.9","27","",1.292,""
"Megaptera novaeangliae",2,"","","6100","6439","",1.056,""
"Mesocricetus auratus",3,"0.965","","0.965","1.065","",1.104,""
"Mesoplodon densirostris",2,"","","1424.5","1463","",1.027,""
"Mesoplodon europaeus",2,"","","2149","2149","",1,""
"Mesoplodon mirus",2,"","","2355","2355","",1,""
"Microcebus murinus",3,"1.799","","1.84","1.78","",1.034,""
"Microgale cowani",2,"","","0.42","0.42","",1,""
"Microgale mergulus",2,"","","1.15","1.15","",1,""
"Micropotamogale lamottei",2,"","","0.8","0.8","",1,""
"Microtus pinetorum",2,"","","0.56","0.37","",1.514,""
"Miopithecus talapoin",2,"","","34.8","39.5","",1.135,""
"Monodon monoceros",2,"","","2993.7","2997","",1.001,""
"Mungos mungo",2,"","","10.5","10.5","",1,""
"Mus musculus",3,"0.402","","0.402","0.5623","",1.399,""
"Mustela putorius",2,"","","7.87","10.7","",1.36,""
"Myrmecophaga tridactyla",2,"","","84","76","",1.105,""
"Nasalis larvatus",2,"","","83.8","97","",1.158,""
"Neofelis nebulosa",2,"","","68.7","68.3","",1.006,""
"Neomys fodiens",2,"","","0.31","0.32","",1.032,""
"Neophocaena phocaenoides",2,"","","468","468","",1,""
"Nesogale dobsoni",2,"","","0.56","0.56","",1,""
"Nesogale talazaci",2,"","","0.79","0.79","",1,""
"Notamacropus rufogriseus",2,"","","36","28.2","",1.277,""
"Nycticebus coucang",2,"","","12.74","10.19","",1.25,""
"Odocoileus virginianus",2,"","","210","160","",1.313,""
"Orcinus orca",2,"","","6052","5617","",1.077,""
"Ornithorhynchus anatinus",2,"","","10.08","8.75","",1.152,""
"Orycteropus afer",2,"","","79.5","72","",1.104,""
"Oryctolagus cuniculus",3,"9.132","","7.1","9.785","",1.378,""
"Oryzorictes hova",2,"","","0.58","0.58","",1,""
"Otolemur crassicaudatus",2,"","","11.7775","10.3","",1.143,""
"Otolemur garnettii",2,"10.15","","11.4958","","",1.133,""
"Ovis aries",2,"","","175","118","",1.483,""
"Pagophilus groenlandicus",2,"","","275","276","",1.004,""
"Pan paniscus",3,"","332.42","329.7","353.3571","",1.072,""
"Pan troglodytes",2,"","","354.81","373.5393","",1.053,""
"Panthera leo",2,"","","259.5","259","",1.002,""
"Papio anubis",2,"","","152.4","187.65","",1.231,""
"Papio cynocephalus",3,"151.194","","151.19","169.1","",1.118,""
"Papio hamadryas",2,"","","142","170.55","",1.201,""
"Papio ursinus",2,"","","165","214.4","",1.299,""
"Perodicticus potto",2,"","","12.07","12.75","",1.056,""
"Phoca vitulina",2,"","","315","273.75","",1.151,""
"Phocoena phocoena",2,"","","1735","455","",3.813,"DISAGREEMENT>2x"
"Phocoenoides dalli",2,"","","833.67","867","",1.04,""
"Piliocolobus badius",2,"","","78","76.9625","",1.013,""
"Pithecia monachus",2,"","","35","35","",1,""
"Pithecia pithecia",2,"","","32.6","30","",1.087,""
"Platanista gangetica",2,"","","290.5","295","",1.015,""
"Pongo pygmaeus",2,"","","341.99","376.6112","",1.101,""
"Pongo sp.",2,"","","389.495","345.9","",1.126,""
"Potamogale velox",2,"","","4.05","4.12","",1.017,""
"Procavia capensis",3,"16.853","","19.47","15.26","",1.276,""
"Procyon lotor",2,"","","41.07","31.87","",1.289,""
"Propithecus verreauxi",2,"","","26.7","26.7","",1,""
"Pseudorca crassidens",2,"","","4307","4444.5","",1.032,""
"Pteropus giganteus",2,"","","7.78","9","",1.157,""
"Pteropus poliocephalus",2,"","","7.2298","7.2258","",1.001,""
"Pygathrix nemaeus",2,"","","77","77","",1,""
"Rangifer tarandus",2,"","","278","252.9","",1.099,""
"Rattus norvegicus",3,"1.724","","1.724","1.6395","",1.052,""
"Rhynchocyon cirnei",2,"","","5.9","6.1","",1.034,""
"Saguinus geoffroyi",2,"","","14.27","10.5","",1.359,""
"Saguinus midas",2,"","","9.7839","10.3","",1.053,""
"Saguinus mystax",2,"","","11.1","10.1","",1.099,""
"Saguinus oedipus",2,"","","9.64","9.65","",1.001,""
"Saimiri boliviensis",2,"","","24.06","25.5","",1.06,""
"Saimiri sciureus",3,"30.216","","30.216","22.2173","",1.36,""
"Sapajus apella",2,"52.208","","52.508","","",1.006,""
"Sarcophilus harrisii",2,"","","16.09","15.2","",1.059,""
"Scalopus aquaticus",3,"0.999","","0.999","0.57","",1.753,""
"Sciurus carolinensis",3,"5.548","","7.41","5.817","",1.336,""
"Setifer setosus",2,"","","1.51","1.51","",1,""
"Solenodon paradoxus",2,"","","4.67","4.67","",1,""
"Sorex araneus",2,"","","0.23","0.2","",1.15,""
"Sorex cinereus",2,"","","0.17","0.17","",1,""
"Sorex fumeus",2,"0.176","","0.21","","",1.193,""
"Sorex minutus",2,"","","0.13","0.11","",1.182,""
"Sorex palustris",2,"","","0.31","0.28","",1.107,""
"Sotalia fluviatilis",2,"","","688","688","",1,""
"Spermophilus tridecemlineatus",2,"","","2.27","1.53","",1.484,""
"Stenella coeruleoalba",2,"","","883.75","820","",1.078,""
"Suncus murinus",2,"","","0.39","0.38","",1.026,""
"Sus scrofa",2,"","","64.18","112","",1.745,""
"Sus scrofa domesticus",2,"62.5745","","","137.65","",2.2,"DISAGREEMENT>2x"
"Symphalangus syndactylus",2,"","","134.8","138.7","",1.029,""
"Tachyglossus aculeatus",2,"","","20.73","11","",1.885,""
"Talpa europaea",2,"","","1.4","1.41","",1.007,""
"Tarsius bancanus",2,"","","2.7","3","",1.111,""
"Tarsius syrichta",2,"","","3.3587","3.63","",1.081,""
"Tenrec ecaudatus",2,"","","2.84","2.585","",1.099,""
"Trachypithecus francoisi",2,"","","94.4","102.1","",1.082,""
"Tragelaphus strepsiceros",2,"307.2755","","361","","",1.175,""
"Trichechus manatus",2,"","","364","350","",1.04,""
"Trichosurus vulpecula",2,"","","11","12.5","",1.136,""
"Tupaia glis",3,"2.752","","3.2","2.8233","",1.163,""
"Tupaia minor",2,"","","2.58","2.58","",1,""
"Tursiops truncatus",2,"","","1573","1509.5","",1.042,""
"Urogale everetti",2,"","","4.28","4.28","",1,""
"Ursus arctos",2,"","","335.97","385","",1.146,""
"Ursus maritimus",2,"","","507","472.68","",1.073,""
"Varecia variegata",2,"","","31.2","31.5","",1.01,""
"Vulpes vulpes",2,"","","49.64","45.6283","",1.088,""
"Zalophus californianus",2,"","","405","363","",1.116,""
"Ziphius cavirostris",2,"","","2004","2004","",1,""
