"Species","Brain_Mass_excl_olfactory_bulb.g","Brain_Mass_from_volume_or_ecv.g","Brain_Mass_mass_or_volume.g","Brain_Mass_measured.g","Brain_size_sum_of_structures.g"
"Abeomelomys sevia",,,1.49,,
"Acinonyx jubatus",,,111,,
"Acomys cahirinus",,,0.7,,
"Acomys wilsoni",,,0.58,,
"Acrobates pygmaeus",,,0.35,,
"Addax nasomaculatus",,,185,,
"Aepyceros melampus",,,175,,
"Aepyprymnus rufescens",,,12.3,,
"Aeromys tephromelas",,,10.34,,
"Aethomys chrysophilus",,,1.25,,
"Aethomys hindei",,,1.42,,
"Ailuropoda melanoleuca",,,205,,
"Ailurus fulgens",,,46.8,,
"Akodon azarae",,,0.642,,
"Alcelaphus buselaphus",,,284.9,,
"Alcelaphus lichtensteinii",,,357,,
"Alces alces",,,436,,
"Alces americanus",,,407,,
"Allactaga sibirica",,,3.5,,
"Allenopithecus nigroviridis",,,58.021,,
"Alouatta belzebul",,,52.8438,,
"Alouatta caraya",,,50.7,55.8,
"Alouatta guariba",,,49.1,,
"Alouatta macconnelli",,,61.3308,,
"Alouatta palliata",,,50.04,52.75,
"Alouatta pigra",,,51.125,,
"Alouatta sara",,,59.0833,,
"Alouatta seniculus",,,45.5,51.5,
"Amblonyx cinereus",,,,38.1,
"Amblysomus hottentotus",0.812,,,,
"Ametrida centurio",,,0.29,,
"Ametrida centurio (STE)",,,,0.29,
"Ammospermophilus harrisii",,,2.405,,
"Ammospermophilus insularis",,,2.55,,
"Ammospermophilus interpres",,,2.5,,
"Ammospermophilus leucurus",,,2.25,,
"Ammospermophilus nelsoni",,,2.625,,
"Ammotragus lervia",,,209,,
"Anoura caudifer",,,0.4225,,
"Anoura geoffroyi",,,0.583,,
"Antechinomys laniger",,,0.47,,
"Antechinus agilis",,,0.56,,
"Antechinus bellus",,,0.63,,
"Antechinus flavipes",,,0.64,,
"Antechinus leo",,,0.75,,
"Antechinus minimus",,,0.74,,
"Antechinus stuartii",,,0.76,,
"Antechinus subtropicus",,,0.72,,
"Antechinus swainsonii",,,1.09,,
"Antidorcas marsupialis",105.081,,135,,
"Antilocapra americana",,,125.6,,
"Antilope cervicapra",,,110.8,,
"Aonyx capensis",,,94.6,,
"Aonyx cinerea",,,38.09,,
"Aotus azarae",,,20.7,,
"Aotus lemurinus",,,113.5,,
"Aotus sp.",,,,16.35,
"Aotus trivirgatus",15.73,,15.75,17.0292,
"Aplodontia rufa",,,7.04,,
"Apodemus agrarius",,,0.2,,
"Apodemus flavicollis",,,0.7,,
"Apodemus sylvaticus",,,0.59,,
"Ara ararauna",,,,20.7297,
"Arctictis binturong",,,40.85,,
"Arctocebus aureus",,,5.8776,,
"Arctocebus calabarensis",,,6.9214,,
"Arctocephalus australis",,,307.5,,
"Arctocephalus forsteri",,,320,,
"Arctocephalus galapagoensis",,,291.25,,
"Arctocephalus gazella",,,340,,
"Arctocephalus philippii",,,415,,
"Arctocephalus pusillus",,,369.38,,
"Arctocephalus tropicalis",,,326.25,,
"Arctogalidia trivirgata",,,21.98,,
"Arctonyx collaris",,,49.4,,
"Ardops annectans (STE)",,,,0.61,
"Ardops nichollsi",,,0.61,,
"Artibeus cinereus",,,0.4685,,
"Artibeus concolor",,,0.633,,
"Artibeus glaucus",,,0.476,,
"Artibeus jamaicensis",,,0.9803,,
"Artibeus lituratus",,,1.171,,
"Artibeus phaeotis",,,0.448,,
"Artibeus toltecus",,,0.544,,
"Arvicanthis niloticus",,,1.33,,
"Arvicola amphibius",,,1.64,,
"Asellia tridens",,,0.24,,
"Aselliscus stoliczkanus",,,0.15,,
"Aselliscus tricuspidatus",,,0.134,,
"Atelerix albiventris",,,2.24,2.2865,
"Atelerix algirus",,,3.2,3.4333,
"Ateles belzebuth",,,112.7,,
"Ateles chamek",,,99,,
"Ateles fusciceps",,,113.6,,
"Ateles geoffroyi",,,104.96,107.2,
"Ateles hybridus",,,103.0541,,
"Ateles marginatus",,,97,,
"Ateles paniscus",,,108.96,108.5,
"Atelocynus microtis",,,62.18,,
"Atherurus africanus",,,21.89,,
"Atherurus macrourus",,,31.57,,
"Atilax paludinosus",,,28.5,,
"Avahi laniger",,,10.49,9.7717,
"Avahi occidentalis",,,7.95,9.67,
"Axis axis",,,219,219,
"Axis porcinus",,,142,,
"Babyrousa babyrussa",,,127,,
"Balaena mysticetus",,,2738,,
"Balaenoptera acutorostrata",2683.9,,2850,,
"Balaenoptera borealis",,,4900,4900,
"Balaenoptera musculus",,,3636,3636,
"Balaenoptera physalus",,,5100,7111.43,
"Balionycteris maculata",,,0.5107,,
"Barbastella barbastellus",,,0.184,,
"Bassaricyon alleni",,,19.37,,
"Bassaricyon gabbii",,,19.3,,
"Bassariscus astutus",,,16,,
"Bassariscus sumichrasti",,,41.9,,
"Bathyergus suillus",,,3.75,,3.78
"Bdeogale crassicauda",,,16.95,,
"Beamys hindei",,,1.11,,
"Berylmys bowersi",,,4.63,,
"Bettongia gaimardi",,,11.7,,
"Bettongia lesueur",,,10.5,,
"Bettongia penicillata",,,9.56,9.6,
"Bettongia tropica",,,8.92,,
"Bison bison",,,458,,
"Blackheaded parrot (Adapornis personata)",,,,1.92,
"Blarina brevicauda",0.347,,0.34,0.39,
"Bos grunniens",,,334,,
"Bos taurus",,,486,540,
"Bos taurus indicus",,,,462,
"Boselaphus tragocamelus",,,271.75,,
"Brachyphylla cavernarum",,,1.278,,
"Brachyteles arachnoides",,,119.4,,
"Bradypus tridactylus",,,24.9,,
"Bradypus variegatus",,,16.03,,
"Broken Hill/Kabwe",,1205.39,,,
"Bunopithecus hoolock",,,110.6804,,
"Burramys parvus",,,1,,
"C. apella",,66.5,,,
"C. atys",,99.7,,,
"Cabassous unicinctus",,,23.68,,
"Cacajao calvus",,,74.3,,
"Cacajao melanocephalus",,,64.9,,
"Cacatua galerita",,,,10.1307,
"Cacatua goffini",,,,8.2749,
"Caenolestes fuliginosus",,,0.68,,
"Callicebus caligatus",,,17.25,,
"Callicebus cupreus",,,17.1,,
"Callicebus discolor",,,17.5288,,
"Callicebus lugens",,,18.9725,,
"Callicebus medemi",,,19.4359,,
"Callicebus moloch",,,19,17.25,
"Callicebus regulus",,,23,,
"Callicebus torquatus",,,19.1,,
"Callimico goeldii",,,11.4,11,
"Callithrix argentata",,,8,,
"Callithrix aurita",,,7.2,,
"Callithrix geoffroyi",,,19.9,,
"Callithrix humeralifera",,,8.2,,
"Callithrix jacchus",7.78,,7.73,7.1899,
"Callithrix penicillata",,,7.3,,
"Callithrix pygmaea",,,4.64,4.2625,
"Callithrix sp.",,,7.78,7.5,
"Callorhinus ursinus",,,334.83,328.6,
"Callosciurus caniceps",,,6.02,,
"Callosciurus nigrovittatus",,,4.44,,
"Callosciurus notatus",,,4.91,,
"Callosciurus prevostii",,,6.52,,
"Caluromys derbianus",,,3.4,,
"Caluromys lanatus",,,3.1,,
"Caluromys philander",,,3.5,,
"Camelus bactrianus",,,575,,
"Camelus dromedarius",,,762,762,
"Canis adustus",,,50.8,,
"Canis aureus",,,72.2,,
"Canis latrans",,,84.5,86.235,
"Canis lupus",,,130,111.5267,
"Canis lupus familiaris",,,,52.9258,
"Canis mesomelas",,,54.8,,
"Capra hircus",,,115,105,
"Capra hircus domestica",,,,106,
"Capreolus capreolus",,,92.7,,
"Caracal caracal",,,51.9,55.3,
"Cardioderma cor",,,0.6725,,
"Carollia castanea",,,0.4485,,
"Carollia perspicillata",,,0.5087,,
"Casinycteris argynnis",,,0.8648,,
"Castor canadensis",,,52.21,41.1683,
"Castor fiber",,,44.978,,
"Cat (Felis domestica)",,,,32,
"Catopuma temminckii",,,68.03,,
"Cavia aperea",,,4.04,,
"Cavia porcellus",3.656,,3.656,4,
"Cebus albifrons",,,62.95,77.2333,
"Cebus capucinus",,,70.14,,
"Cebus libidinosus",,,64.6854,,
"Cebus nigritus",,,67.066,,
"Cebus olivaceus",,,72.5,,
"Cebus xanthosternos",,,66.0874,,
"Cephalophus dorsalis",,,92.897,,
"Cephalophus leucogaster",,,93,,
"Cephalophus natalensis",,,84.1,,
"Cephalophus nigrifrons",,,85,,
"Cephalophus silvicultor",,,170,,
"Cephalophus zebra",,,83,,
"Cephalorhynchus commersonii",,,725,,
"Cephalorhynchus heavisidii",,,763,,
"Ceratotherium simum",,,643,,
"Cercartetus caudatus",,,0.71,,
"Cercartetus concinnus",,,0.3,,
"Cercartetus lepidus",,,0.36,,
"Cercartetus nanus",,,0.43,,
"Cercocebus agilis",,,95.3,95.3,
"Cercocebus atys",,,86.8,,
"Cercocebus galeritus",,,99.0704,,
"Cercocebus torquatus",,,105.9883,,
"Cercopithecus albogularis",,,70.0998,,
"Cercopithecus ascanius",,,54.9,66,
"Cercopithecus campbelli",,,54.4,,
"Cercopithecus cephus",,,76,,
"Cercopithecus diana",,,55.2,,
"Cercopithecus doggetti",,,65.3565,,
"Cercopithecus erythrotis",,,65.4,,
"Cercopithecus hamlyni",,,65.9,,
"Cercopithecus lhoesti",,,74.2,,
"Cercopithecus lowei",,,51.2,,
"Cercopithecus mitis",,,75,73.975,
"Cercopithecus mona",,,67,,
"Cercopithecus neglectus",,,60.9,,
"Cercopithecus nictitans",,,71.125,,
"Cercopithecus petaurista",,,55.0766,,
"Cercopithecus pogonias",,,59.5648,,
"Cercopithecus sp.",,,,106,
"Cercopithecus wolfi",,,61.45,,
"Cerdocyon thous",,,49.5,,
"Cerkof monkey (Macacus sinicus)",,,,67.5,
"Cervus canadensis",,,,435,
"Cervus elaphus",,,409.3,,
"Cervus nippon",,,200,,
"Chaerephon jobensis",,,0.36,,
"Chaerephon plicatus",,,0.385,,
"Chaeropus ecaudatus",,,2.4,,
"Chaetodipus baileyi",,,0.7,,
"Chaetodipus californicus",,,0.62,,
"Chaetodipus fallax",,,0.54,,
"Chaetodipus formosus",,,0.49,,
"Chaetodipus hispidus",,,0.68,,
"Chaetodipus penicillatus",,,0.46,,
"Chaetodipus spinatus",,,0.48,,
"Chaetophractus villosus",,,16.4,,
"Chalinolobus gouldii",,,0.24,,
"Chalinolobus morio",,,0.1845,,
"Cheirogaleus adipicaudatus",,,3.0374,,
"Cheirogaleus major",,,6.8,6.8,
"Cheirogaleus medius",,,3.34,3.14,
"Cheirogaleus sibreei",,,4.4,,
"Cheirogaleus sp.",,,,5.3,
"Cheiromeles torquatus",,,1.366,,
"Chimp I",,345.95,,,
"Chinchilla lanigera",,,6.8,,
"Chiroderma salvini",,,0.787,,
"Chiroderma trinitatum",,,0.537,,
"Chiroderma villosum",,,0.706,,
"Chironax melanocephalus",,,0.612,,
"Chironectes minimus",,,5.54,,
"Chiropodomys gliroides",,,0.7,,
"Chiropotes chiropotes",,,57.043,,
"Chiropotes israelita",,,55.1348,,
"Chiropotes satanas",,,48.3303,,
"Chlorocebus aethiops",,,64.13,36.54,
"Chlorocebus cynosuros",,,72,,
"Chlorocebus pygerythrus",,,62.5774,71.8,
"Chlorocebus sabaeus",,,64.9133,,
"Choeroniscus godmani",,,0.34,,
"Choeroniscus minor",,,0.389,,
"Choloepus didactylus",,,28.2,36,
"Choloepus hoffmanni",,,24.54,,
"Chrotopterus auritus",,,1.74,,
"Chrysochloris asiatica",,,0.7,0.7,
"Chrysochloris stuhlmanni",,,1.06,0.74,
"Chrysocyon brachyurus",,,120.3,,
"Civettictis civetta",,,37,,
"Clyomys laticeps",,,3.52,,
"Cock (Gallus domest.)",,,,7.59,
"Coendou prehensilis",,,16.73,,
"Coendou rothschildi",,,20.85,,
"Coleura afra",,,0.2585,,
"Colobus angolensis",,,74.4,74.4,
"Colobus guereza",,,83.9,,
"Colobus polykomos",,,70.2,,
"Colobus satanas",,,74.9,,
"Colobus vellerosus",,,73.0708,,
"Columba livia",,,,2.0951,
"Condylura cristata",0.802,,0.802,1.077,
"Conepatus chinga",,,18.7,,
"Conepatus humboldtii",,,12.6,,
"Conepatus leuconotus",,,14.4,,
"Connochaetes taurinus",,,443,,
"Cormura brevirostris",,,0.219,,
"Corvus corax",,,,14.1351,
"Corvus frugilegus",,,,8.3571,
"Corvus mondeula",,,,6.0233,
"Craseonycteris thonglongyai",,,0.087,,
"Cratogeomys fumosus",,,4.19,,
"Cremnomys cutchicus",,,1.67,,
"Cricetomys gambianus",,,6.57,,
"Cricetulus barabensis",,,0.6699,,
"Cricetus cricetus",,,2.2,,
"Cro-Magnon",,1477.34,,,
"Crocidura flavescens",,,,0.44,
"Crocidura fuscomurina",,,0.13,,
"Crocidura russala",,,,0.19,
"Crocidura russula",,,0.19,0.19,
"Crocuta crocuta",,,175,153.2675,
"Crossarchus obscurus",,,9.99,,
"Cryptomys hottentotus",,,1.17,,0.85
"Cryptomys hottentotus natalensis",,,,,1.24
"Cryptomys hottentotus pretoriae",,,,,1.35
"Cryptoprocta ferox",,,32.1,,
"Cryptotis parva",,,0.12,0.165,
"Cuniculus paca",,,35.22,,
"Cuon alpinus",,,94.6,,
"Cyanopica cyanus",,,,3.3927,
"Cyclopes didactylus",,,4.29,,
"Cynictis penicillata",,,10.5,12.51,
"Cynocephalus volans",,,,6.2,
"Cynogale bennettii",,,29.96,,
"Cynomops abrasus",,,0.418,,
"Cynomops greenhalli",,,0.3,,
"Cynomops planirostris",,,0.185,,
"Cynomys gunnisoni",,,5.14,,
"Cynomys leucurus",,,5.77,,
"Cynomys ludovicianus",,,5.69,,
"Cynomys mexicanus",,,5.525,,
"Cynomys parvidens",,,5.58,,
"Cynomys sp.",5.321,,,,
"Cynopterus brachyotis",,,0.9528,,
"Cynopterus horsfieldii",,,1.3495,,
"Cynopterus sphinx",,,1.061,,
"Cystophora cristata",,,455,,
"Cyttarops alecto",,,0.175,,
"Dactylopsila palpator",,,6.91,,
"Dactylopsila tatei",,,4.45,,
"Dactylopsila trivirgata",,,5.83,,
"Dama dama",,,224.5,,
"Damaliscus lunatus",,,290.6,,
"Damaliscus pygargus",,,254.6,,
"Damaliscus pygargus phillipsi",154.805,,,,
"Dasycercus cristicauda",,,1.24,,
"Dasykaluta rosamondae",,,0.54,,
"Dasyprocta leporina",,,21.26,17.2,
"Dasyprocta prymnolopha",17.628,,,,
"Dasyprocta punctata",,,18.34,,
"Dasypus novemcinctus",,,8.5,7.54,
"Dasypus sp.",,,,19,
"Dasyuroides byrnei",,,1.5,,
"Dasyurus albopunctatus",,,3.79,,
"Dasyurus geoffroii",,,5.17,,
"Dasyurus hallucatus",,,3.38,4.666,
"Dasyurus maculatus",,,9.41,,
"Dasyurus spartacus",,,5.3,,
"Dasyurus viverrinus",,,5.33,,
"Daubentonia madagascariensis",,,45.15,45.15,
"Delphinapterus leucas",,,1921,2083,
"Delphinus delphis",,,797.26,873,
"Dendrohyrax arboreus",,,12.3,,
"Dendrohyrax dorsalis",12.8,,,,
"Dendrohyrax sp.",,,3.328,,
"Dendrolagus bennettianus",,,18.5,,
"Dendrolagus dorianus",,,32.3,,
"Dendrolagus goodfellowi",,,28.4,,
"Dendrolagus inustus",,,30.1,,
"Dendrolagus lumholtzi",,,26.2,,
"Dendrolagus matschiei",,,27.5,,
"Dendrolagus scottae",,,29.2,,
"Dendrolagus spadix",,,28.5,,
"Dendrolagus ursinus",,,26.3,,
"Desmana moschata",,,4,4,
"Desmodus rotundus",,,0.916,,
"Diaemus youngi",,,0.971,,
"Diaemus youngi (DES)",,,,1.09,
"Diceros bicornis",,,655,,
"Dicrostonyx groenlandicus",,,0.72,,
"Dicrostonyx richardsoni",,,0.8983,,
"Dicrostonyx torquatus",,,0.84,,
"Didelphis marsupialis",,,6.35,5.736,
"Didelphis sp.",,,,5.3,
"Didelphis virginiana",,,6.72,4.36,
"Dinomys branickii",,,26.95,36.3,
"Diphylla ecaudata",,,0.8015,,
"Dipodillus campestris",,,0.9,,
"Dipodillus dasyurus",,,1.32,,
"Dipodomys agilis",,,1.34,,
"Dipodomys deserti",,,1.74,,
"Dipodomys heermanni",,,1.44,,
"Dipodomys merriami",,,1.1,,
"Dipodomys microps",,,1.22,,
"Dipodomys ordii",,,1.45,,
"Dipodomys panamintinus",,,1.6,,
"Dipodomys spectabilis",,,1.93,,
"Distoechurus pennatus",,,0.94,,
"Dobsonia inermis",,,2.7,,
"Dobsonia moluccensis",,,4.43,,
"Dobsonia praedatrix",,,2.9749,,
"Dog (Canis familiaris)",,,,72.5,
"Dolichotis patagonum",,,30.5,,
"Dolichotis salinicola",,,15.31,,
"Domestic mouse (Mus musculus)",,,,0.35,
"Dorcopsis atrata",,,16.7,,
"Dorcopsis hageni",,,22.5,,
"Dorcopsis luctuosa",,,20.6,,
"Dorcopsis muelleri",,,20.4,,
"Dorcopsulus macleayi",,,13.5,,
"Dorcopsulus vanheurni",,,11.8,,
"Dremomys rufigenis",,,5.41,,
"Dromaius novaehollandiae",,,,21.8109,
"Dromiciops gliroides",,,0.81,,
"Dugong dugon",,,264.67,,
"Echimys chrysurus",,,5.02,,
"Echinops telfairi",,,0.62,1.2593,
"Echinosorex gymnura",,,5.5,,
"Echymipera clara",,,4.48,,
"Echymipera kalubu",,,3.67,,
"Echymipera rufescens",,,3.73,,
"Eidolon helvum",,,4.4325,,
"Eira barbara",,,47.05,,
"Elephantulus fuscipes",,,1.33,1.33,
"Elephantulus intufi",,,1.14,,
"Elephantulus myurus",1.04,,1.37,1.37,
"Elephas maximus",,,5211.25,,
"Elephas sp.",,,,4925,
"Emballonura monticola",,,0.163,,
"Emballonura raffrayana",,,0.174,,
"Emballonura semicaudata",,,0.184,,
"Enhydra lutris",,,119,,
"Eonycteris spelaea",,,1.26,,
"Epomophorus gambianus",,,4.3285,,
"Epomophorus labiatus",,,1.5887,,
"Epomophorus wahlbergi",,,1.9613,,
"Epomops franqueti",,,2.213,,
"Eptesicus brasiliensis",,,0.1983,,
"Eptesicus dimissus",,,0.231,,
"Eptesicus furinalis",,,0.1895,,
"Eptesicus fuscus",,,0.2143,,
"Eptesicus pachyotis",,,0.158,,
"Eptesicus serotinus",,,0.327,,
"Equus asinus",,,434,,
"Equus burchelli",,,587,520.5,
"Equus caballus",,,693,590,
"Equus zebra",,,548,,
"Erethizon dorsata",,,24.6,,
"Erignathus barbatus",,,460,,
"Erinaceus europaeus",,,3.23,3.225,
"Erythrocebus patas",,,100.2,108,
"Eschrichtius robustus",,,4316.67,4316.67,
"Eudorcas thomsonii",,,91.8,,
"Eulemur albifrons",,,21.4474,,
"Eulemur albocollaris",,,22.1,,
"Eulemur coronatus",,,20.651,,
"Eulemur fulvus",,,25.8,23.3,
"Eulemur macaco",,,22.6,28.3,
"Eulemur mongoz",,,24.03,20.75,
"Eulemur rubriventer",,,24.9,,
"Eulemur rufus",,,25.396,,
"Eumetopias jubatus",,,661.25,,
"Eumops auripendulus",,,0.612,,
"Eumops glaucinus",,,0.6565,,
"Eumops perotis",,,0.802,,
"Euoticus elegantulus",,,5.5347,,
"Euoticus pallidus",,,5.1857,,
"Euphractus sexcinctus",,,33.5,,
"Eupleres goudotii",,,17,,
"Felis catus",,,25.6,26.7929,
"Felis chaus",,,37,,
"Felis manul",,,34.47,,
"Felis nigripes",,,20.1,,
"Felis silvestris",,,35.5,,
"Forpus passerinus",,,,1.1464,
"Fossa fossana",,,19.69,,
"Frog (Rana esculenta)",,,,0.117,
"Fukomys anselli",,,,,1.25
"Fukomys damarensis",,,,,1.39
"Fukomys darlingi",,,,,1.23
"Fukomys mechowii",,,,,2.15
"Funambulus pennantii",,,2.1,,
"Funisciurus anerythrus",,,4.14,,
"Funisciurus carruthersi",,,4.48,,
"Funisciurus pyrropus",,,4.38,,
"Furipterus horrens",,,0.127,,
"Galago alleni",,,5.85,,
"Galago cameronensis",,,5.5809,,
"Galago gabonensis",,,5.3574,,
"Galago granti",,,4.0738,,
"Galago matschiei",,,4.6219,,
"Galago moholi",,,3.7052,,
"Galago senegalensis",,,5.9,3.9233,
"Galago sp.",,,,4.8,
"Galago thomasi",,,3.1175,,
"Galago zanzibaricus",,,3.5,,
"Galagoides demidoff",,,3.38,3.34,
"Galea musteloides",,,2.72,,
"Galemys pyrenaicus",,,1.33,1.33,
"Galerella pulverulenta",,,11.02,,
"Galerella sanguinea",,,8.8,,
"Galictis cuja",,,18.8,,
"Galictis vittatus",,,17.97,,
"Galidia elegans",,,10.7,,
"Gallus gallus",,,,2.8195,
"Garrulus glandarius",,,,4.5968,
"Gazella dorcas",,,70.8,,
"Genetta angolensis",,,15.49,,
"Genetta genetta",,,14,,
"Genetta pardina",,,15.4,,
"Genetta servalina",,,16,,
"Genetta tigrina",,,15.35,,
"Geocapromys ingrahami",,,4.46,,
"Geomys breviceps",,,2.29,,
"Geomys bursarius",,,1.83,,
"Geomys pinetis",,,2.51,,
"Georychus capensis",,,,,1.65
"Gerbilliscus afra",,,1.56,,
"Gerbilliscus brantsii",,,1.56,,
"Gerbillurus paeba",,,0.84,,
"Gerbillus gleadowi",,,0.69,,
"Gerbillus nanus",,,0.6,,
"Gerbillus pyramidum",,,0.88,,
"Gibraltar/Forbes Quarry",,1185.58,,,
"Giraffa camelopardalis",534.92,,537,675,
"Glaucomys sabrinus",,,3.01,,
"Glaucomys volans",,,1.71,,
"Glauconycteris beatrix",,,0.144,,
"Glauconycteris poensis",,,0.205,,
"Glischropus tylopus",,,0.099,,
"Globicephala macrorhynchus",,,2466,2886.296,
"Globicephala melas",,,2673,2673,
"Glossophaga longirostris",,,0.435,,
"Glossophaga soricina",,,0.4127,,
"Gorilla beringei",,,491.27,,
"Gorilla gorilla",,313.14,454.55,443.119,
"Gracula religiosa",,,,3.6696,
"Grammomys cometes",,,0.96,,
"Grammomys poensis",,,1.55,,
"Grampus griseus",,,2551,2098.084,
"Grey rat (Mus decomanus gris)",,,,1.705,
"Guinea-pig (Cavia porcellus)",,,,4,
"Gulo gulo",,,72.5,,
"Gymnobelideus leadbeateri",,,2.85,,
"Halichoerus grypus",,,307.5,,
"Hapalemur alaotrensis",,,13.8,,
"Hapalemur griseus",,,14.1,14.7,
"Hapalemur occidentalis",,,14.2,,
"Hapalemur simus",,,,9.53,
"Harpiocephalus harpia",,,0.442,,
"Helarctos malayanus",,,385.5,,
"Heliophobius argenteocinereus",,,1.43,,1.65
"Heliosciurus gambianus",,,3.99,,
"Heliosciurus rufobrachium",,,5.75,,
"Heliosciurus ruwenzorii",,,5.4,,
"Helogale parvula",,,4.8,,
"Hemibelideus lemuroides",,,3.15,,
"Hemicentetes semispinosus",,,0.83,0.83,
"Hemiechinus auritus",,,1.9,1.4325,
"Hemigalus derbyanus",,,18.9,,
"Hemitragus jemlahicus",,,166,,
"Hen (Gallus domest.)",,,,3.3,
"Herpestes edwardsi",,,10.49,,
"Herpestes fuscus",,,12.55,,
"Herpestes ichneumon",,,23.3,,
"Herpestes javanicus",,,7.2,,
"Herpestes naso",,,25.53,,
"Herpestes smithii",,,14.6,,
"Herpestes urva",,,20.91,,
"Herpestes vitticollis",,,25.79,,
"Hesperoptenus blanfordi",,,0.158,,
"Heterocephalus glaber",0.392,,0.52,,0.44
"Heterohyrax brucei",,,12.27,,
"Heteromys desmarestianus",,,1.13,,
"Hexaprotodon liberiensis",,,215,,
"Hippopotamus amphibius",,,720,590,
"Hipposideros armiger",,,0.8,,
"Hipposideros ater",,,0.198,,
"Hipposideros bicolor",,,0.2383,,
"Hipposideros caffer",,,0.313,,
"Hipposideros calcaratus",,,0.369,,
"Hipposideros cervinus",,,0.214,,
"Hipposideros diadema",,,0.715,,
"Hipposideros fulvus",,,0.236,,
"Hipposideros galeritus",,,0.279,,
"Hipposideros halophyllus",,,0.152,,
"Hipposideros lankadiva",,,0.733,,
"Hipposideros larvatus",,,0.4165,,
"Hipposideros lekaguli",,,0.584,,
"Hipposideros maggietaylorae",,,0.5425,,
"Hipposideros pomona",,,0.233,,
"Hipposideros ridleyi",,,0.269,,
"Hipposideros ruber",,,0.265,,
"Hipposideros speoris",,,0.284,,
"Hipposideros turpis",,,0.599,,
"Hippotragus equinus",,,387.9,,
"Hippotragus niger",,,282,,
"Histriophoca fasciata",,,248.75,,
"Holochilus chacarius",,,1.61,,
"Holochilus sciureus",,,1.41,,
"Homo sapiens",1508.91,,1509,1365.0984,
"Homo sapiens (MRI)",,1302,,,
"Hoplomys gymnurus",,,4.13,,
"Horse (Equus caballus)",,,,532,
"Hyaena brunnea",,,106.7,,
"Hyaena hyaena",,,97.5,,
"Hybomys trivirgatus",,,1.1,,
"Hydrictis maculicollis",,,33,,
"Hydrochoeris hydrochaeris",,,75,,
"Hydrochoerus hydrochaeris",74.734,,,63.5,
"Hydromys chrysogaster",,,4.33,,
"Hydropotes inermis",,,52,,
"Hydrurga leptonyx",,,712.5,,
"Hyemoschus aquaticus",,,25.2,,
"Hylobates",,74.1,,,
"Hylobates agilis",,,88.1,,
"Hylobates klossii",,,87.9913,,
"Hylobates lar",,,93.99,102.25,
"Hylobates moloch",,,103,,
"Hylobates muelleri",,,95.31,101.8,
"Hylobates pileatus",,,84.6852,,
"Hylobates sp.",,,,118,
"Hylochoerus meinertzhageni",,,141,,
"Hylopetes spadiceus",,,1.87,,
"Hypsignathus monstrosus",,,3.4148,,
"Hypsugo crassulus",,,0.132,,
"Hypsugo imbricatus",,,0.137,,
"Hypsugo pulveratus",,,0.143,,
"Hystrix africaeaustralis",,,35.71,,
"Hystrix brachyura",,,37.64,,
"Hystrix cristata",,,32.4,,
"Hystrix indica",,,44.07,,
"Hystrix sumatrae",,,27.04,,
"Ichneumia albicauda",,,28.3,,
"Ictonyx libyca",,,4.48,,
"Ictonyx striatus",,,8.5,,
"Indri indri",,,38.3,36,
"Inia geoffrensis",,,633.645,610,
"Iomys horsfieldii",,,3.38,,
"Isoodon macrourus",,,4.42,,
"Isoodon obesulus",,,4.03,,
"Isthmomys pirrensis",,,1.71,,
"Jaculus jaculus",,,1.53,,
"Jaculus orientalis",,,2.5,,
"Kerivoula papillosa",,,0.31,,
"Kerivoula pellucida",,,0.203,,
"Kerivoula phalaena",,,0.116,,
"KNM-ER 1470",,710.95,,,
"KNM-ER 1805",,546.07,,,
"KNM-ER 1813",,495.28,,,
"KNM-ER 23000",,466.76,,,
"KNM-ER 3733",,765.1,,,
"KNM-ER 3883",,722.47,,,
"KNM-WT 15000",,823.52,,,
"Kobus ellipsiprymnus",,,290,,
"Kobus kob",,,204,,
"Kobus leche",,,222.7,,
"Kogia breviceps",,,1019,1012,
"Kogia sima",,,622,,
"Kogia simus",,,,622,
"La Chapelle I",,1516.76,,,
"La Ferrassie I",,1575.83,,,
"Lagenorhynchus acutus",,,1103.17,1200,
"Lagenorhynchus albirostris",,,1126,1126,
"Lagenorhynchus obliquidens",,,1136.75,1140,
"Lagenorhynchus obscurus",,,886.1,,
"Lagidium viscacia",,,15.08,,
"Lagorchestes conspicillatus",,,14,,
"Lagorchestes hirsutus",,,7.77,,
"Lagorchestes leporides",,,12.6,,
"Lagostomus maximus",,,12.66,,
"Lagostrophus fasciatus",,,7,,
"Lagothrix cana",,,99.3441,,
"Lagothrix lagothricha",,,89.35,101,
"Lagothrix poeppigii",,,99.23,,
"Lagurus lagurus",,,0.42,,
"Lama glama",,,264.2,216.77,
"Lama glama domesticus",,,,216.7667,
"Lasiorhinus latifrons",,,55.5,,
"Lasiurus borealis",,,0.17,,
"Lavia frons",,,0.644,,
"Lemmus lemmus",,,0.86,,
"Lemmus sibiricus",,,1.49,,
"Lemmus trimucronatus",,,0.9,,
"Lemniscomys striatus",,,0.85,,
"Lemur catta",,,21.63,22.3,
"Leontopithecus chrysomelas",,,11.8427,,
"Leontopithecus rosalia",,,13.05,12.7,
"Leopardus geoffroyi",,,34,,
"Leopardus pardalis",,,63.1,,
"Leopoldamys edwardsi",,,4.81,,
"Leopoldamys sabanus",,,3.98,,
"Leopoldamys siporanus",,,3.39,,
"Lepilemur dorsalis",,,6.7,,
"Lepilemur edwardsi",,,7.25,,
"Lepilemur leucopus",,,6.8697,,
"Lepilemur microdon",,,9.75,,
"Lepilemur mustelinus",,,9.5599,,
"Lepilemur ruficaudatus",,,8.25,7.6,
"Leptailurus serval",,,54.1,,
"Leptonychotes weddellii",,,564.17,,
"Leptonycteris curasoae",,,0.5875,,
"Leptonycteris nivalis",,,0.5855,,
"Lepus americanus",,,9.72,,
"Lepus arcticus",,,15.8,,
"Lepus californicus",,,13.23,,
"Lepus capensis",,,10.78,,
"Lepus europaeus",,,14.35,,
"Lepus nigricollis",,,11.49,,
"Lepus timidus",,,15.1,,
"Liomys irroratus",,,1.06,,
"Liomys pictus",,,0.77,,
"Liomys salvini",,,0.77,,
"Lionycteris spurrelli",,,0.352,,
"Lipotes vexillifer",,,558,558,
"Lissodelphis borealis",,,1162,,
"Lissonycteris angolensis",,,1.762,,
"Litocranius walleri",,,117.5,,
"Lobodon carcinophaga",,,586.25,,
"Lonchophylla mordax",,,0.432,,
"Lonchophylla thomasi",,,0.3435,,
"Lonchorhina aurita",,,0.377,,
"Lonchorhina aurita (PHN)",,,,0.377,
"Lontra canadensis",,,50.5,,
"Lontra felina",,,38.9,,
"Lontra longicaudis",,,57.4,,
"Lophocebus albigena",,,96.8,107.25,
"Lophocebus aterrimus",,,101.5909,,
"Lophuromys flavopunctatus",,,1.01,,
"Lophuromys sikapusi",,,1.13,,
"Loris lydekkerianus",,,6.3,,
"Loris tardigradus",,,6,6.75,
"Loxodonta africana",4618.62,,4618,4835,
"Lutra lutra",,,39,,
"Lutreolina crassicaudata",,,3.41,,
"Lutrogale perspicillata",,,61,,
"Lycalopex culpaeus",,,51.4,,
"Lycalopex griseus",,,42.47,,
"Lycalopex gymnocercus",,,40,,
"Lycaon pictus",,,129,141.5,
"Lynx canadensis",,,69.5,,
"Lynx lynx",,,68.5,,
"Lynx rufus",,,65,,
"Macaca arctoides",,,100.7,,
"Macaca assamensis",,,90.5,,
"Macaca cyclopis",,,82,,
"Macaca fascicularis",46.162,,66.93,47.815,
"Macaca fuscata",,,96.8,109.1,
"Macaca hecki",,,94.6,,
"Macaca leonina",,,85.5981,,
"Macaca maura",,,94.48,83.3,
"Macaca mulatta",87.346,79.1,87.346,81.5854,
"Macaca nemestrina",,,110,36.4,
"Macaca nigra",,,97.5,94.9,
"Macaca ochreata",,,97.98,,
"Macaca radiata",61.47,,61.47,24.9,
"Macaca silenus",,,85,,
"Macaca sinica",,,58.15,,
"Macaca sylvanus",,,87.7,,
"Macaca tonkeana",,,93.7,,
"Macroderma gigas",,,1.7,1.704,
"Macroglossus minimus",,,0.607,,
"Macroglossus sobrinus",,,0.692,,
"Macronycteris commersoni",,,0.7448,,
"Macrophyllum macrophyllum",,,0.321,,
"Macropus agilis",,,33.3,,
"Macropus antilopinus",,,56.8,,
"Macropus dorsalis",,,29.2,,
"Macropus eugenii",,,23.7,23.7,
"Macropus fuliginosus",,,58,64.8,
"Macropus giganteus",,,69.8,,
"Macropus greyi",,,25,,
"Macropus irma",,,24.7,,
"Macropus parryi",,,41.3,,
"Macropus robustus",,,59,,
"Macrotis lagotis",,,6.57,,
"Macrotis leucura",,,4.3,,
"Macrotus californicus",,,0.39,,
"Madoqua kirkii",,,37,,
"Makalata didelphoides",,,3.45,,
"Makalata macrura",,,3.89,,
"Malacomys edwardsi",,,1.18,,
"Mandrillus leucophaeus",,,148,,
"Mandrillus sphinx",,,159.2,158,
"Manis javanica",,,13.7,,
"Manis pentadactyla",,,17.64,,
"Manis tricuspis",,,9.4,,
"Marmosa mexicana",,,1,,
"Marmosa murina",,,1.1,,
"Marmosa robinsoni",,,0.7,,
"Marmosa rubra",,,1.2,,
"Marmot (Arctomys marmota)",,,,13.2,
"Marmota baibacina",,,13.75,,
"Marmota bobak",,,12.56,,
"Marmota broweri",,,13.94,,
"Marmota caligata",,,14.63,,
"Marmota camtschatica",,,12.63,,
"Marmota caudata",,,14.28,,
"Marmota flaviventris",,,12.27,,
"Marmota himalayana",,,16.71,,
"Marmota marmota",,,14.25,,
"Marmota menzbieri",,,11.4,,
"Marmota monax",,,14.185,,
"Marmota olympus",,,15.43,,
"Marmota sibirica",,,13.74,,
"Marmota vancouverensis",,,13.68,,
"Martes americana",,,15.8,,
"Martes flavigula",,,34.12,,
"Martes foina",,,20.9,27,
"Martes martes",,,18,,
"Martes pennanti",,,29,,
"Martes zibellina",,,18.5,,
"Massoutiera mzabi",,,2.32,,
"Mastomys natalensis",,,0.719,,
"Maxomys surifer",,,2.54,,
"Maxomys whiteheadi",,,1.62,,
"Mazama americana",,,56,,
"Megaderma lyra",,,0.8935,,
"Megaderma spasma",,,0.667,,
"Megadontomys thomasi",,,1.26,,
"Megaerops ecaudatus",,,0.8223,,
"Megaerops niphanae",,,0.958,,
"Megaloglossus woermanni",,,0.6795,,
"Megaptera novaeangliae",,,6100,6439,
"Meles meles",,,45.5,,
"Mellivora capensis",,,72.97,,
"Melogale personata",,,61.4,,
"Melomys cervinipes",,,1.31,,
"Melomys rufescens",,,1.29,,
"Melonycteris melanops",,,1.288,,
"Melonycteris woodfordi",,,1.0185,,
"Melopsittacus undulatus",,,,1.3165,
"Melursus ursinus",,,267,,
"Mephitis mephitis",,,10.15,,
"Meriones hurrianae",,,0.97,,
"Meriones unguiculatus",,,1.13,,
"Mesechinus dauuricus",,,2.9,,
"Mesembriomys gouldii",,,4.59,,
"Mesocricetus auratus",0.965,,0.965,1.065,
"Mesomys hispidus",,,2.64,,
"Mesophylla macconnelli",,,0.3445,,
"Mesoplodon densirostris",,,1424.5,1463,
"Mesoplodon europaeus",,,2149,2149,
"Mesoplodon mirus",,,2355,2355,
"Metachirus nudicaudatus",,,3.5,,
"Micaelamys namaquensis",,,0.89,,
"Microcebus murinus",1.799,,1.84,1.78,
"Microcebus rufus",,,1.7164,,
"Microdipodops megacephalus",,,0.56,,
"Microdipodops pallidus",,,0.55,,
"Microgale cowani",,,0.42,0.42,
"Microgale mergulus",,,1.15,1.15,
"Micromys minutus",,,0.29,,
"Micronycteris megalotis",,,0.274,,
"Micronycteris minuta",,,0.286,,
"Micronycteris schmidtorum",,,0.308,,
"Microperoryctes longicauda",,,3.81,,
"Micropotamogale lamottei",,,0.8,0.8,
"Micropteropus pusillus",,,0.82,,
"Microtus agrestis",,,0.74,,
"Microtus arvalis",,,0.55,,
"Microtus californicus",,,0.78,,
"Microtus guentheri",,,0.69,,
"Microtus longicaudus",,,0.7,,
"Microtus montanus",,,0.69,,
"Microtus ochrogaster",,,0.71,,
"Microtus oregoni",,,0.52,,
"Microtus pennsylvanicus",,,0.74,,
"Microtus pinetorum",,,0.56,0.37,
"Microtus townsendii",,,0.88,,
"Mimon crenulatum",,,0.3337,,
"Miniopterus australis",,,0.17,,
"Miniopterus fuscus",,,0.265,,
"Miniopterus inflatus",,,0.3265,,
"Miniopterus magnater",,,0.324,,
"Miniopterus medius",,,0.2712,,
"Miniopterus pusillus",,,0.216,,
"Miniopterus schreibersii",,,0.2703,,
"Miniopterus tristis",,,0.333,,
"Miopithecus ogouensis",,,37.351,,
"Miopithecus talapoin",,,34.8,39.5,
"Mirounga angustirostris",,,670,,
"Mirounga leonina",,,1205,,
"Mirza coquereli",,,5.7959,,
"Molossops temminckii",,,0.181,,
"Molossus molossus",,,0.2847,,
"Monachus monachus",,,480,,
"Monachus schauinslandi",,,370,,
"Monodelphis brevicaudata",,,0.9,,
"Monodelphis domestica",,,,0.79,
"Monodon monoceros",,,2993.7,2997,
"Monophyllus plethodon",,,0.4125,,
"Mops condylurus",,,0.4223,,
"Mops leucostigma",,,0.39,,
"Mops mops",,,0.4725,,
"Mops niveiventer",,,0.432,,
"Mops pumilus",,,0.274,,
"Mormoops megalophylla",,,0.4003,,
"Mormopterus beccarii",,,0.233,,
"Mormopterus jugularis",,,0.22,,
"Moschiola meminna",,,16.93,,
"Mungos mungo",,,10.5,10.5,
"Muntiacus muntjak",,,124.5,,
"Murexechinus melanurus",,,0.65,,
"Murexia longicaudata",,,1.68,,
"Murina cyclotis",,,0.265,,
"Murina huttoni",,,0.258,,
"Murina tubinaris",,,0.217,,
"Mus booduga",,,0.31,,
"Mus musculoides",,,0.96,,
"Mus musculus",0.402,,0.402,0.5623,
"Mus platythrix",,,0.5,,
"Mus sp.",,,,0.5,
"Mustela altaica",,,4.48,,
"Mustela erminea",,,4.57,,
"Mustela frenata",,,4,,
"Mustela lutreola",,,8.5,,
"Mustela lutreolina",,,8.5,,
"Mustela nigripes",,,8.5,,
"Mustela nivalis",,,2,,
"Mustela putorius",,,7.87,10.7,
"Mustela putorius furo",,,,5.226,
"Mustela sibirica",,,6,,
"Mustela vison",,,7,,
"Mydaus javanensis",,,19.49,,
"Mydaus marchei",,,14.87,,
"Myiopsitta monachus",,,,3.4204,
"Myocastor coypus",,,17.09,,
"Myodes gapperi",,,0.56,,
"Myodes glareolus",,,0.52,,
"Myodes rufocanus",,,0.61,,
"Myodes rutilus",,,0.56,,
"Myoictis melas",,,2.05,,
"Myonycteris torquata",,,1.1159,,
"Myopus schisticolor",,,0.56,,
"Myotis adversus",,,0.2545,,
"Myotis albescens",,,0.126,,
"Myotis altarium",,,0.24,,
"Myotis annectans",,,0.221,,
"Myotis bechsteinii",,,0.26,,
"Myotis bocagii",,,0.2,,
"Myotis dasycneme",,,0.31,,
"Myotis daubentonii",,,0.23,,
"Myotis fortidens",,,0.1325,,
"Myotis hasseltii",,,0.188,,
"Myotis horsfieldii",,,0.197,,
"Myotis lucifugus",,,0.1613,,
"Myotis montivagus",,,0.17,,
"Myotis muricola",,,0.125,,
"Myotis myotis",,,0.489,,
"Myotis mystacinus",,,0.1572,,
"Myotis nattereri",,,0.22,,
"Myotis nigricans",,,0.127,,
"Myotis riparius",,,0.173,,
"Myotis siligorensis",,,0.103,,
"Myotis tricolor",,,0.259,,
"Myotis velifer",,,0.2,,
"Myotis yumanensis",,,0.13,,
"Myoxus glis",,,1.9,,
"Myrmecobius fasciatus",,,4.25,,
"Myrmecophaga tridactyla",,,84,76,
"Mystromys albicaudatus",,,1.39,,
"Nandinia binotata",,,17.3,,
"Nanger dama",,,150,,
"Nanger granti",,,139,,
"Napaeozapus insignis",,,0.48,,
"Nasalis larvatus",,,83.8,97,
"Nasua narica",,,44.17,,
"Nasua nasua",,,37.5,,
"Natalus tumidirostris",,,0.245,,
"Neofelis nebulosa",,,68.7,68.3,
"Neofiber alleni",,,2.72,,
"Neomys fodiens",,,0.31,0.32,
"Neophascogale lorentzi",,,2.45,,
"Neophoca cinerea",,,388.75,,
"Neophocaena asiaeorientalis",,,,422,
"Neophocaena phocaenoides",,,468,468,
"Neoromicia flavescens",,,0.19,,
"Neoromicia nanus",,,0.1,,
"Neotoma albigula",,,2.17,,
"Neotoma cinerea",,,2.65,,
"Neotoma floridana",,,3.04,,
"Neotoma fuscipes",,,2.66,,
"Neotoma micropus",,,2.66,,
"Neotragus moschatus",,,32,,
"Nesogale dobsoni",,,0.56,0.56,
"Nesogale talazaci",,,0.79,0.79,
"Nestor notabilis",,,,13.5916,
"Neurotrichus gibbsii",,,0.91,,
"Ningaui ridei",,,0.24,,
"Ningaui yvonnae",,,0.26,,
"Noctilio albiventris",,,0.5735,,
"Noctilio leporinus",,,1.184,,
"Nomascus gabriellae",,,119.375,,
"Notamacropus parma",,,18.7,,
"Notamacropus rufogriseus",,,36,28.2,
"Notiosorex crawfordi",,,0.15,,
"Notomys alexis",,,0.96,,
"Notopteris macdonaldi",,,1.4528,,
"Notoryctes caurinus",,,0.78,,
"Nyctalus noctula",,,0.362,,
"Nyctereutes procyonoides",,,28.5,,
"Nycteris arge",,,0.3557,,
"Nycteris grandis",,,0.7355,,
"Nycteris hispida",,,0.284,,
"Nycteris javanica",,,0.475,,
"Nycteris macrotis",,,0.389,,
"Nycteris nana",,,0.239,,
"Nycteris thebaica",,,0.2785,,
"Nycteris tragata",,,0.476,,
"Nycticebus bengalensis",,,13.5,,
"Nycticebus coucang",,,12.74,10.19,
"Nycticebus pygmaeus",,,7.8,,
"Nyctimene albiventer",,,0.825,,
"Nyctimene robinsoni",,,1.2307,,
"Nyctimene vizcaccia",,,0.988,,
"Nyctomys sumichrasti",,,1.08,,
"Nyctophilus geoffroyi",,,0.167,,
"Nyctophilus timoriensis",,,0.254,,
"Nymphicus hollandicus",,,,2.2053,
"Ochotona hyperborea",,,2.22,,
"Ochotona princeps",,,2.39,,
"Ochotona rufescens",,,2.75,,
"Ochrotomys nuttalli",,,0.7,,
"Octodon degus",,,2.1,,
"Odobenus rosmarus",,,1410.25,,
"Odocoileus hemionus",,,189.3,,
"Odocoileus virginianus",,,210,160,
"Odocoileus virginiatus",,,,160,
"Okapia johnstoni",,,501,,
"Oligoryzomys longicaudatus",,,0.67,,
"Ommatophoca rossii",,,495,,
"Ondatra zibethicus",,,5.03,,
"Onychogalea fraenata",,,14.7,,
"Onychogalea lunata",,,10.2,,
"Onychogalea unguifera",,,16.7,,
"Onychomys leucogaster",,,0.8,,
"Onychomys torridus",,,0.59,,
"Orcinus orca",,,6052,5617,
"Oreotragus oreotragus",,,59.4,,
"Ornithorhynchus anatinus",,,10.08,8.75,
"Orthogeomys cherriei",,,3.47,,
"Orthogeomys heterodus",,,4.31,,
"Orthogeomys hispidus",,,3.98,,
"Orycteropus afer",,,79.5,72,
"Oryctolagus cuniculus",9.132,,7.1,9.785,
"Oryx beisa",,,282,,
"Oryx gazella",,,292,,
"Oryzomys palustris",,,0.88,,
"Oryzorictes hova",,,0.58,0.58,
"Osphranter rufus",,,62.4,,
"Otaria flavescens",,,506.25,,
"Otocyon megalotis",,,26.09,,
"Otolemur crassicaudatus",,,11.7775,10.3,
"Otolemur garnettii",10.15,,11.4958,,
"Otolemur monteiri",,,11.4,,
"Otomops martiensseni",,,0.7555,,
"Otomys angoniensis",,,0.42,,
"Otomys irroratus",,,1.38,,
"Ototylomys phyllotis",,,1.33,,
"Ourebia ourebi",,,58.3,,
"Ovis ammon",,,140,,
"Ovis ammon f. aries",,,,111.7833,
"Ovis ammon musimon",,,,133.025,
"Ovis aries",,,175,118,
"P. cynoceph",,143.3,,,
"Pagophilus groenlandicus",,,275,276,
"Paguma larvata",,,30.9,,
"Pan paniscus",,332.42,329.7,353.3571,
"Pan troglodytes",,,354.81,373.5393,
"Panthera leo",,,259.5,259,
"Panthera onca",,,149,,
"Panthera pardus",,,135,,
"Panthera pardus orientalis",,,,125.5,
"Panthera tigris",,,269.73,,
"Panthera tigris altaica",,,,279.3,
"Papio anubis",,,152.4,187.65,
"Papio cynocephalus",151.194,,151.19,169.1,
"Papio cynocephalus anubis",,,,109.6417,
"Papio hamadryas",,,142,170.55,
"Papio papio",,,142.5,,
"Papio ursinus",,,165,214.4,
"Paracynictis selousi",,,15.8,,
"Paradoxurus hermaphroditus",,,25.95,,
"Paradoxurus zeylonensis",,,17.81,,
"Paraechinus hypomelas",,,2.4,,
"Paramelomys levipes",,,1.86,,
"Paramelomys rubex",,,1.27,,
"Paramurexia rothschildi",,,1.09,,
"Parantechinus apicalis",,,1.2,,
"Paranyctimene raptor",,,0.731,,
"Parascalops breweri",0.759,,,,
"Paraxerus cepapi",,,2.85,,
"Parus major",,,,0.9403,
"Pecari tajacu",,,101.5,,
"Pectinator spekei",,,1.93,,
"Pelea capreolus",,,121,,
"Penthetor lucasi",,,0.9475,,
"Penthetor lucasi (PTN)",,,,0.98,
"Perameles bougainville",,,3.21,,
"Perameles gunnii",,,4.5,,
"Perameles nasuta",,,4.96,,
"Perodicticus potto",,,12.07,12.75,
"Perognathus flavus",,,0.31,,
"Perognathus longimembris",,,0.33,,
"Perognathus parvus",,,0.49,,
"Peromyscus aztecus",,,0.92,,
"Peromyscus boylii",,,0.71,,
"Peromyscus californicus",,,0.91,,
"Peromyscus crinitus",,,0.53,,
"Peromyscus eremicus",,,0.54,,
"Peromyscus gossypinus",,,0.68,,
"Peromyscus grandis",,,1.53,,
"Peromyscus guatemalensis",,,1.16,,
"Peromyscus leucopus",,,0.6,,
"Peromyscus maniculatus",,,0.57,,
"Peromyscus megalops",,,1.12,,
"Peromyscus melanocarpus",,,1.03,,
"Peromyscus melanophrys",,,0.94,,
"Peromyscus melanotis",,,0.63,,
"Peromyscus merriami",,,0.56,,
"Peromyscus mexicanus",,,1.02,,
"Peromyscus polionotus",,,0.42,,
"Peromyscus truei",,,0.75,,
"Peromyscus yucatanicus",,,0.7,,
"Peropteryx macrotis",,,0.1566,,
"Peropteryx trinitatis",,,0.1495,,
"Peroryctes raffrayana",,,6.33,,
"Petaurista elegans",,,7.76,,
"Petaurista petaurista",,,11.77,,
"Petauroides volans",,,4.69,,
"Petaurus abidi",,,3.83,,
"Petaurus australis",,,5.71,,
"Petaurus biacensis",,,1.68,,
"Petaurus breviceps",,,2.09,,
"Petaurus norfolcensis",,,3.02,,
"Petrodromus tetradactylus",2.44,,,,
"Petrogale assimilis",,,17.5,,
"Petrogale brachyotis",,,15.75,,
"Petrogale concinna",,,11,,
"Petrogale godmani",,,18,,
"Petrogale herberti",,,21.2,,
"Petrogale inornata",,,17,,
"Petrogale lateralis",,,19.2,,
"Petrogale mareeba",,,17,,
"Petrogale penicillata",,,23.9,,
"Petrogale persephone",,,21.5,,
"Petrogale xanthopus",,,23,,
"Petropseudes dahli",,,5.038,,
"Phacochoerus aethiopicus",,,125,,
"Phacochoerus africanus",,,132.5,,
"Phalanger carmelitae",,,8.49,,
"Phalanger gymnotis",,,13,,
"Phalanger intercastellanus",,,7.35,,
"Phalanger lullulae",,,6.09,,
"Phalanger mimicus",,,8.13,,
"Phalanger orientalis",,,7.37,,
"Phalanger ornatus",,,7.02,,
"Phalanger rothschildi",,,6.14,,
"Phalanger sericeus",,,9.96,,
"Phalanger vestitus",,,9.54,,
"Phaner electromontis",,,7.2,,
"Phaner furcifer",,,6.47,,
"Phaner pallescens",,,6.6814,,
"Phascogale calura",,,0.91,,
"Phascogale tapoatafa",,,1.81,,
"Phascolarctos cinereus",,,20.2,,
"Phascolosorex dorsalis",,,1.11,,
"Phascomurexia naso",,,0.77,,
"Philander opossum",,,3.83,,
"Philantomba maxwellii",,,38,,
"Philantomba monticola",,,48,,
"Phoca largha",,,253.75,,
"Phoca sp.",,,,187,
"Phoca vitulina",,,315,273.75,
"Phocarctos hookeri",,,393.75,,
"Phocoena phocoena",,,1735,455,
"Phocoena spinipinnis",,,597,,
"Phocoenoides dalli",,,833.67,867,
"Phocoenoides truei",,,,876,
"Phoniscus atrox",,,0.188,,
"Phylloderma stenops",,,1.338,,
"Phyllostomus discolor",,,1.1013,,
"Phyllostomus elongatus",,,0.885,,
"Phyllostomus hastatus",,,1.5318,,
"Physeter catadon",,,,7818,
"Physeter catodon",,,8183,,
"Pica pica",,,,5.4253,
"Pigeon (Columba domest.)",,,,1.91,
"Piliocolobus badius",,,78,76.9625,
"Piliocolobus kirkii",,,57.25,,
"Piliocolobus tephrosceles",,,70.9519,,
"Pipistrellus ceylonicus",,,0.182,,
"Pipistrellus coromandra",,,0.105,,
"Pipistrellus javanicus",,,0.119,,
"Pipistrellus kuhlii",,,0.166,,
"Pipistrellus papuanus",,,0.11,,
"Pipistrellus subflavus",,,0.125,,
"Pipistrellus tenuis",,,0.113,,
"Pith VIII /Sangiran 17",,949.01,,,
"Pithecia irrorata",,,39.5,,
"Pithecia monachus",,,35,35,
"Pithecia pithecia",,,32.6,30,
"Planigale gilesi",,,0.17,,
"Planigale ingrami",,,0.15,,
"Planigale maculata",,,0.2,,
"Planigale novaeguineae",,,0.27,,
"Planigale tenuirostris",,,0.14,,
"Platanista gangetica",,,290.5,295,
"Platanista minor",,,,164,
"Platycercus eximius",,,,2.7159,
"Platyrrhinus brachycephalus",,,0.583,,
"Platyrrhinus helleri",,,0.4897,,
"Platyrrhinus infuscus",,,1.11,,
"Platyrrhinus lineatus",,,0.741,,
"Platyrrhinus vittatus",,,1.175,,
"Plecotus auritus",,,0.238,,
"Podomys floridanus",,,0.94,,
"Poecilogale albinucha",,,4.5,,
"Pogonomys macrourus",,,1.43,,
"Pogonomys sylvestris",,,1.13,,
"Pongo",,433.13,,,
"Pongo pygmaeus",,,341.99,376.6112,
"Pongo sp.",,,389.495,345.9,
"Pontoporia blainvillei",,,,220,
"Potamochoerus porcus",,,138,,
"Potamogale velox",,,4.05,4.12,
"Potorous platyops",,,6.3,,
"Potorous tridactylus",,,9.53,,
"Potos flavus",,,33.08,,
"Praomys daltoni",,,0.68,,
"Praomys morio",,,0.84,,
"Praomys tullbergi",,,0.86,,
"Presbytis chrysomelas",,,72.1121,,
"Presbytis comata",,,80.3,,
"Presbytis femoralis",,,73.7357,,
"Presbytis frontata",,,81.0169,,
"Presbytis hosei",,,60,,
"Presbytis melalophos",,,59.2,,
"Presbytis natunae",,,57.19,,
"Presbytis potenziani",,,57,,
"Presbytis rubicunda",,,71.0151,,
"Presbytis siamensis",,,60.9421,,
"Presbytis thomasi",,,72.9324,,
"Priodontes maximus",,,81,,
"Prionailurus bengalensis",,,29.37,,
"Prionailurus planiceps",,,21.98,,
"Prionailurus rubiginosus",,,18.92,,
"Prionailurus viverrinus",,,46.53,,
"Prionodon linsang",,,8.5,,
"Prionodon pardicolor",,,9.03,,
"Procavia capensis",16.853,,19.47,15.26,
"Procavia sp.",,,4.317,,
"Procolobus verus",,,52.6004,,
"Procyon cancrivorus",,,61.56,,
"Procyon lotor",,,41.07,31.87,
"Proechimys brevicauda",,,2.95,,
"Proechimys guyannensis",2.078,,,,
"Proechimys semispinosus",,,6.87,,
"Profelis aurata",,,57.97,,
"Prolemur simus",,,27.1449,,
"Propithecus coquereli",,,30.1941,,
"Propithecus deckenii",,,30.1512,,
"Propithecus diadema",,,39.7993,,
"Propithecus edwardsi",,,39.5,,
"Propithecus verreauxi",,,26.7,26.7,
"Proteles cristata",,,35.2,,
"Protoxerus stangeri",,,11.33,,
"Psammomys obesus",,,1.3,,
"Pseudantechinus bilarni",,,0.65,,
"Pseudantechinus macdonnellensis",,,0.49,,
"Pseudantechinus roryi",,,0.42,,
"Pseudocheirus peregrinus",,,4.52,,
"Pseudochirops albertisii",,,4.68,,
"Pseudochirops archeri",,,5.87,,
"Pseudochirops corinnae",,,5.36,,
"Pseudochirops coronatus",,,5.13,,
"Pseudochirops cupreus",,,7.54,,
"Pseudochirulus canescens",,,1.8,,
"Pseudochirulus caroli",,,3.2,,
"Pseudochirulus forbesi",,,3.36,,
"Pseudochirulus herbertensis",,,4.32,,
"Pseudochirulus mayeri",,,2.01,,
"Pseudochirulus schlegeli",,,2.8,,
"Pseudomys australis",,,1.16,,
"Pseudomys hermannsburgensis",,,1.08,,
"Pseudorca crassidens",,,4307,4444.5,
"Psittacula eupatria",,,,5.6994,
"Psittacus erithacus",,,,8.8273,
"Pteromyscus pulverulentus",,,3.55,,
"Pteronotus davyi",,,0.32,,
"Pteronotus gymnonotus",,,0.343,,
"Pteronotus parnellii",,,0.5315,,
"Pteronotus personatus",,,0.234,,
"Pteronura brasiliensis",,,85.6,,
"Pteropus alecto",,,7.0397,,
"Pteropus conspicillatus",,,8.35,,
"Pteropus giganteus",,,7.78,9,
"Pteropus hypomelanus",,,5.302,,
"Pteropus lylei",,,6.1297,,
"Pteropus macrotis",,,6.1297,,
"Pteropus mahaganus",,,5.28,,
"Pteropus melanotus",,,10.6,,
"Pteropus neohibernicus",,,9.114,,
"Pteropus poliocephalus",,,7.2298,7.2258,
"Pteropus rufus",,,7.25,,
"Pteropus samoensis",,,5.792,,
"Pteropus scapulatus",,,5.36,,
"Pteropus temminckii",,,4.89,,
"Pteropus tonganus",,,6.075,,
"Pteropus vampyrus",,,9.654,,
"Puma concolor",,,154,,
"Puma yagouaroundi",,,40.9,,
"Pusa caspica",,,162.5,,
"Pusa hispida",,,196.25,,
"Pusa sibirica",,,187.5,,
"Pygathrix nemaeus",,,77,77,
"Pygathrix nigripes",,,82.7476,,
"Rabbit (Race III) (Oryctolagus cuniculus)",,,,11.7,
"Rabbit (Race X) (Oryctolagus cuniculus)",,,,9.1,
"Rangifer tarandus",,,278,252.9,
"Raphicerus campestris",,,51.3,,
"Raphicerus melanotis",,,55,,
"Rattus exulans",,,0.89,,
"Rattus fuscipes",,,1.69,,
"Rattus lutreolus",,,1.64,,
"Rattus morotaiensis",,,1.92,,
"Rattus niobe",,,1.1,,
"Rattus nitidus",,,1.7,,
"Rattus norvegicus",1.724,,1.724,1.6395,
"Rattus sordidus",,,1.7,,
"Rattus sp.",,,,1.79,
"Rattus tunneyi",,,1.41,,
"Rattus verecundus",,,1.48,,
"Ratufa affinis",,,9.85,,
"Ratufa bicolor",,,11.01,,
"Ratufa indica",,,11.4,,
"Redunca arundinum",,,136.8,,
"Redunca fulvorufula",,,109,,
"Redunca redunca",,,123,,
"Regulus regulus",,,,0.3566,
"Reithrodontomys megalotis",,,0.4,,
"Rhabdomys pumilio",,,0.69,,
"Rhinoceros unicornis",,,786,,
"Rhinolophus acuminatus",,,0.302,,
"Rhinolophus affinis",,,0.3475,,
"Rhinolophus capensis",,,0.256,,
"Rhinolophus clivosus",,,0.242,,
"Rhinolophus coelophyllus",,,0.259,,
"Rhinolophus cornutus",,,0.194,,
"Rhinolophus eloquens",,,0.4045,,
"Rhinolophus ferrumequinum",,,0.35,,
"Rhinolophus hildebrandtii",,,0.63,,
"Rhinolophus hipposideros",,,0.1495,,
"Rhinolophus landeri",,,0.276,,
"Rhinolophus lepidus",,,0.1883,,
"Rhinolophus luctus",,,0.5905,,
"Rhinolophus macrotis",,,0.208,,
"Rhinolophus malayanus",,,0.202,,
"Rhinolophus megaphyllus",,,0.2605,,
"Rhinolophus mehelyi",,,0.31,,
"Rhinolophus paradoxolophus",,,0.267,,
"Rhinolophus pearsonii",,,0.332,,
"Rhinolophus pusillus",,,0.164,,
"Rhinolophus robinsoni",,,0.2785,,
"Rhinolophus stheno",,,0.285,,
"Rhinolophus thomasi",,,0.233,,
"Rhinolophus trifoliatus",,,0.351,,
"Rhinolophus yunanensis",,,0.439,,
"Rhinonicteris aurantia",,,0.249,,
"Rhinophylla pumilio",,,0.356,,
"Rhinopithecus roxellana",,,117.757,,
"Rhinopoma hardwickii",,,0.275,,
"Rhinopoma microphyllum",,,0.4035,,
"Rhinosciurus laticaudatus",,,4.28,,
"Rhogeessa parvula",,,0.111,,
"Rhogeessa tumida",,,0.1055,,
"Rhynchocyon cirnei",,,5.9,6.1,
"Rhynchocyon petersi",,,5.4,,
"Rhynchogale melleri",,,16.95,,
"Rhyncholestes raphanurus",,,0.65,,
"Rhynchomeles prattorum",,,4.9,,
"Rhynchonycteris naso",,,0.11,,
"Rousettus aegyptiacus",,,2.2608,,
"Rousettus amplexicaudatus",,,1.6273,,
"Rupicapra rupicapra",,,117.8,,
"S. sciureus",,23.1,,,
"Saccolaimus saccolaimus",,,0.6705,,
"Saccopteryx bilineata",,,0.2252,,
"Saccopteryx canescens",,,0.13,,
"Saccopteryx leptura",,,0.1605,,
"Saccostomus campestris",,,0.82,,
"Saguinus fuscicollis",,,7.9,,
"Saguinus geoffroyi",,,14.27,10.5,
"Saguinus labiatus",,,10.0117,,
"Saguinus leucopus",,,9.702,,
"Saguinus midas",,,9.7839,10.3,
"Saguinus mystax",,,11.1,10.1,
"Saguinus niger",,,9.4811,,
"Saguinus nigricollis",,,8.9,,
"Saguinus oedipus",,,9.64,9.65,
"Saguinus pileatus",,,9.5552,,
"Saimiri boliviensis",,,24.06,25.5,
"Saimiri oerstedii",,,22.45,,
"Saimiri sciureus",30.216,,30.216,22.2173,
"Salanoia concolor",,,11.02,,
"Sapajus apella",52.208,,52.508,,
"Sarcophilus harrisii",,,16.09,15.2,
"Scalopus aquaticus",0.999,,0.999,0.57,
"Scapanus townsendii",,,2.02,,
"Sciurus aberti",,,7.44,,
"Sciurus aureogaster",,,7.81,,
"Sciurus carolinensis",5.548,,7.41,5.817,
"Sciurus granatensis",,,5.91,,
"Sciurus niger",,,7.91,,
"Sciurus vulgaris",,,5.93,,
"Scotomanes ornatus",,,0.384,,
"Scotonycteris zenkeri",,,0.71,,
"Scotophilus dinganii",,,0.4385,,
"Scotophilus heathii",,,0.476,,
"Scotophilus kuhlii",,,0.3423,,
"Scotophilus nigrita",,,1.046,,
"Scotorepens sanborni",,,0.158,,
"Scotozous dormeri",,,0.143,,
"Semnopithecus ajax",,,132.0574,,
"Semnopithecus dussumieri",,,90.0925,,
"Semnopithecus entellus",,,111.5,,
"Semnopithecus hypoleucos",,,88.3,,
"Semnopithecus priam",,,83.0685,,
"Semnopithecus schistaceus",,,129.2495,,
"Setifer setosus",,,1.51,1.51,
"Setonix brachyurus",,,13.9,,
"Sheep (Ovis aries)",,,,102,
"Sigmodon hispidus",,,1.14,,
"Simias concolor",,,56.2,,
"Sminthopsis bindi",,,0.35,,
"Sminthopsis crassicaudata",,,0.36,,
"Sminthopsis douglasi",,,0.35,,
"Sminthopsis griseoventer",,,0.49,,
"Sminthopsis hirtipes",,,0.41,,
"Sminthopsis leucopus",,,0.41,,
"Sminthopsis macroura",,,0.4,,
"Sminthopsis murina",,,0.44,,
"Sminthopsis virginiae",,,0.34,,
"Solenodon paradoxus",,,4.67,4.67,
"Sorex araneus",,,0.23,0.2,
"Sorex arcticus",,,0.27,,
"Sorex cinereus",,,0.17,0.17,
"Sorex fumeus",0.176,,0.21,,
"Sorex hoyi",,,0.09,,
"Sorex minutus",,,0.13,0.11,
"Sorex monticolus",,,0.23,,
"Sorex ornatus",,,0.12,,
"Sorex palustris",,,0.31,0.28,
"Sorex sp.",,,,0.25,
"Sorex trowbridgii",,,0.21,,
"Sorex vagrans",,,0.17,,
"Soricidae sp.",,,,0.218,
"Sotalia fluviatilis",,,688,688,
"Spalacopus cyanus",,,1.58,,
"Spalax ehrenbergi",,,1.88,,
"Spalax leucodon",,,3,,
"Sparrow (Passer domesticus)",,,,1,
"Speothos venaticus",,,40.5,,
"Spermophilopsis leptodactylus",,,6.18,,
"Spermophilus adocetus",,,3.01,,
"Spermophilus alashanicus",,,2.89,,
"Spermophilus armatus",,,3.09,,
"Spermophilus atricapillus",,,5.24,,
"Spermophilus beecheyi",,,5.42,,
"Spermophilus beldingi",,,2.96,,
"Spermophilus brunneus",,,2.11,,
"Spermophilus canus",,,1.6,,
"Spermophilus citellus",,,2.89,,
"Spermophilus columbianus",,,3.95,,
"Spermophilus dauricus",,,2.75,,
"Spermophilus elegans",,,2.76,,
"Spermophilus erythrogenys",,,3.44,,
"Spermophilus franklinii",,,3.96,,
"Spermophilus fulvus",,,4.55,,
"Spermophilus lateralis",,,3.06,,
"Spermophilus madrensis",,,2.715,,
"Spermophilus major",,,4.12,,
"Spermophilus mexicanus",,,3.5,,
"Spermophilus mohavensis",,,2.03,,
"Spermophilus mollis",,,1.67,,
"Spermophilus musicus",,,2.62,,
"Spermophilus parryii",,,5.78,,
"Spermophilus perotensis",,,2.79,,
"Spermophilus pygmaeus",,,2.44,,
"Spermophilus relictus",,,3.49,,
"Spermophilus richardsonii",,,3.18,,
"Spermophilus saturatus",,,3.38,,
"Spermophilus spilosoma",,,2.37,,
"Spermophilus suslicus",,,2.55,,
"Spermophilus tereticaudus",,,1.68,,
"Spermophilus townsendii",,,1.89,,
"Spermophilus tridecemlineatus",,,2.27,1.53,
"Spermophilus undulatus",,,3.73,,
"Spermophilus variegatus",,,7.01,,
"Spermophilus washingtoni",,,1.8,,
"Spermophilus xanthoprymnus",,,3.04,,
"Sphaerias blanfordi",,,0.832,,
"Sphaeronycteris toxophyllum",,,0.537,,
"Sphiggurus vestitus",,,11.71,,
"Spilocuscus kraemeri",,,11.5,,
"Spilocuscus maculatus",,,13.4,,
"Spilocuscus rufoniger",,,16.8,,
"Spilogale gracilis",,,6.81,,
"Spilogale putorius",,,5,,
"Stenella attenuata",,,779.83,,
"Stenella coeruleoalba",,,883.75,820,
"Stenella longirostris",,,450,,
"Steno bredanensis",,,1541.9,,
"Strigocuscus pelengensis",,,6.22,,
"STS 19",,450.59,,,
"Sturnira lilium",,,0.5843,,
"Sturnira ludovici",,,0.676,,
"Sturnira tildae",,,0.7255,,
"Sturnus vulgaris",,,,1.8553,
"Suncus etruscus",,,0.07,,
"Suncus murinus",,,0.39,0.38,
"Sundamys muelleri",,,3.5,,
"Surdisorex polulus",,,0.4,,
"Suricata suricatta",,,10.3,,
"Sus scrofa",,,64.18,112,
"Sus scrofa domesticus",62.5745,,,137.65,
"Swallow (Hirundo rustica)",,,,0.5135,
"Swanscombe",,1184.63,,,
"Syconycteris australis",,,0.592,,
"Sylvia atricapilla",,,,0.7743,
"Sylvicapra grimmia",,,77.2,,
"Sylvilagus audubonii",,,6.07,,
"Sylvilagus bachmani",,,6.58,,
"Sylvilagus brasiliensis",,,4.5,,
"Sylvilagus floridanus",,,7.56,,
"Symphalangus syndactylus",,,134.8,138.7,
"Synaptomys cooperi",,,0.59,,
"Syncerus caffer",,,647.5,,
"Tachyglossus aculeatus",,,20.73,11,
"Tachyoryctes splendens",,,1.88,,
"Tadarida aegyptiaca",,,0.393,,
"Taenipygia guttata",,,,0.4935,
"Talpa europaea",,,1.4,1.41,
"Tamandua tetradactyla",,,27.5,,
"Tamias amoenus",,,1.39,,
"Tamias cinereicollis",,,1.8,,
"Tamias dorsalis",,,1.98,,
"Tamias minimus",,,1.6,,
"Tamias palmeri",,,1.99,,
"Tamias panamintinus",,,1.83,,
"Tamias quadrimaculatus",,,2.16,,
"Tamias quadrivittatus",,,1.7,,
"Tamias speciosus",,,1.86,,
"Tamias striatus",,,2.17,,
"Tamias townsendii",,,2.44,,
"Tamiasciurus hudsonicus",,,3.83,,
"Tamiops mcclellandii",,,1.95,,
"Taphozous australis",,,0.5035,,
"Taphozous hildegardeae",,,0.5425,,
"Taphozous longimanus",,,0.47,,
"Taphozous mauritianus",,,0.5505,,
"Taphozous melanopogon",,,0.536,,
"Taphozous theobaldi",,,0.681,,
"Tapirus bairdii",,,85,,
"Tapirus indicus",,,265,,
"Tapirus terrestris",,,180.5,,
"Tarsipes rostratus",,,0.36,,
"Tarsius bancanus",,,2.7,3,
"Tarsius dentatus",,,2.9954,,
"Tarsius sp.",,,,3.6,
"Tarsius syrichta",,,3.3587,3.63,
"Tarsius tarsier",,,3.4,,
"Tatera indica",,,1.84,,
"Taurotragus derbianus",,,534,,
"Taurotragus oryx",,,440,,
"Taxidea taxus",,,48.9,,
"Tayassu pecari",,,145.8,,
"Tenrec ecaudatus",,,2.84,2.585,
"Theropithecus gelada",,,130,,
"Thomomys bottae",,,1.47,,
"Thomomys bulbivorus",,,2.2,,
"Thomomys talpoides",,,1.24,,
"Thryonomys swinderianus",,,13.28,,
"Thylacinus cynocephalus",,,51.19,,
"Thylamys elegans",,,0.71,,
"Thylamys pallidior",,,0.72,,
"Thylogale billardierii",,,22.1,,
"Thylogale browni",,,18.3,,
"Thylogale brunii",,,17.5,,
"Thylogale stigmatica",,,17.8,,
"Thylogale thetis",,,19.2,,
"Thyroptera tricolor",,,0.23,,
"Thyroptera tricolor (THY)",,,,0.23,
"Tolypeutes matacus",,,8.86,,
"Tonatia bidens",,,0.788,,
"Trachops cirrhosus",,,0.9115,,
"Trachypithecus auratus",,,63.6,,
"Trachypithecus cristatus",,,55,,
"Trachypithecus francoisi",,,94.4,102.1,
"Trachypithecus geei",,,81.3,,
"Trachypithecus germaini",,,76,,
"Trachypithecus johnii",,,84.6,,
"Trachypithecus obscurus",,,60,,
"Trachypithecus phayrei",,,72.8401,,
"Trachypithecus pileatus",,,103.6408,,
"Trachypithecus vetulus",,,60.4,,
"Tragelaphus angasii",,,230,,
"Tragelaphus buxtoni",,,330,,
"Tragelaphus eurycerus",,,389,,
"Tragelaphus imberbis",,,219,,
"Tragelaphus scriptus",,,165,,
"Tragelaphus spekii",,,145,,
"Tragelaphus strepsiceros",307.2755,,361,,
"Tragulus javanicus",,,15.8,,
"Tragulus napu",,,18.5,,
"Triaenops persicus",,,0.2705,,
"Trichechus manatus",,,364,350,
"Trichosurus caninus",,,11.9,,
"Trichosurus vulpecula",,,11,12.5,
"Trichys fasciculata",,,13.05,,
"Trinil 2/Pith I",,928.2,,,
"Tscherskia triton",,,1.29,,
"Tupaia belangeri",,,,2.806,
"Tupaia glis",2.752,,3.2,2.8233,
"Tupaia javanica",,,2.3,,
"Tupaia minor",,,2.58,2.58,
"Tupaia sp.",,,3.04,,
"Turdus merula",,,,1.8872,
"Tursiops aduncus",,,1498,,
"Tursiops truncatus",,,1573,1509.5,
"Tylonycteris pachypus",,,0.077,,
"Tylonycteris robustula",,,0.116,,
"Tyto alba",,,,5.6177,
"Uncia uncia",,,101.5,,
"Uranomys ruddi",,,0.77,,
"Urocyon cinereoargenteus",,,37.28,,
"Urocyon littoralis",,,27.7,,
"Uroderma bilobatum",,,0.5773,,
"Urogale everetti",,,4.28,4.28,
"Ursus americanus",,,248,,
"Ursus arctos",,,335.97,385,
"Ursus maritimus",,,507,472.68,
"Ursus sp.",,,,350,
"Ursus thibetanus",,,269,,
"Vampyressa pusilla",,,0.394,,
"Vampyrodes caraccioli",,,0.947,,
"Vampyrum spectrum",,,2.8685,,
"Varecia rubra",,,31.0839,,
"Varecia variegata",,,31.2,31.5,
"Vespadelus pumilus",,,0.122,,
"Vespertilio murinus",,,0.445,,
"Vicugna vicugna",,,199.9,,
"Viverra civettina",,,42.1,,
"Viverra megaspila",,,36.6,,
"Viverra tangalunga",,,24.1,,
"Viverra zibetha",,,37,,
"Viverricula indica",,,16.78,,
"Vombatus ursinus",,,59,,
"Vormela peregusna",,,4.8,,
"Vulpes bengalensis",,,24.5,,
"Vulpes chama",,,33.5,,
"Vulpes lagopus",,,35.5,,
"Vulpes pallida",,,25.03,,
"Vulpes rueppellii",,,25.8,,
"Vulpes velox",,,32.1,,
"Vulpes vulpes",,,49.64,45.6283,
"Vulpes zerda",,,17.3,,
"Wallabia bicolor",,,32.9,,
"White mouse (mus musculus albus)",,,,0.4275,
"White rat (Mus decom. alb.)",,,,1.8615,
"Wyulda squamicaudata",,,10.1,,
"Xerus erythropus",,,6.68,,
"Xerus inauris",,,7.65,,
"Xerus rutilus",,,5.09,,
"Zaedyus pichiy",,,7.98,,
"Zaglossus bruijni",,,37.35,,
"Zaglossus sp.",,,,53,
"Zalophus californianus",,,405,363,
"Zapus hudsonius",,,0.55,,
"Zapus princeps",,,0.5,,
"Zapus trinotatus",,,0.5,,
"Zh Loc E /III",,859.54,,,
"Zhoukoudian Locus LI",,1162.65,,,
"Ziphius cavirostris",,,2004,2004,
"Zygogeomys trichopus",,,3.95,,
