"Species","Measure","n_sources","n_teams","pooled_g","spread_max_over_min","flag","per_source"
"Pan troglodytes","Brain_Mass_measured",48,11,373.5393,1.49,"","Armstrong1979(Armstrong,secondary)=405.50 | Armstrong1979(Armstrong,secondary)=405.50 | Armstrong1979(Armstrong,secondary)=405.50 | Armstrong1979(Armstrong,secondary)=405.50 | Armstrong1979(Armstrong,secondary)=405.50 | Armstrong1979(Armstrong,secondary)=405.50 | Armstrong1979(Armstrong,secondary)=405.50 | Armstrong1979(Armstrong,secondary)=405.50 | Armstrong1979(Armstrong,secondary)=405.50 | Armstrong1979(Armstrong,secondary)=405.50 | Armstrong1979(Armstrong,secondary)=405.50 | Armstrong1979(Armstrong,secondary)=405.50 | Armstrong1979(Armstrong,secondary)=405.50 | Armstrong1979(Armstrong,secondary)=405.50 | Karl2024(Karl,primary)=407.50 | deSousa2010(Zilles,primary)=359.50 | deSousa2010(Zilles,primary)=440.00 | deSousa2010(Zilles,primary)=420.00 | Bauernfeind2013(Zilles,primary)=374.00 | Bauernfeind2013(Zilles,primary)=341.20 | Bauernfeind2013(Zilles,primary)=312.90 | Garwicz2009(Garwicz,secondary)=382.00 | Collins2016(Collins,info)=344.00 | Collins2016(Collins,info)=344.00 | Collins2016(Collins,info)=344.00 | Collins2016(Collins,info)=344.00 | Collins2016(Collins,info)=344.00 | Collins2016(Collins,info)=344.00 | Collins2016(Collins,info)=344.00 | Collins2016(Collins,info)=344.00 | deSousa2009(deSousa,secondary)=360.00 | deSousa2009(deSousa,secondary)=387.00 | Stimpson2015(Stimpson,secondary)=341.20 | Stimpson2015(Stimpson,secondary)=346.60 | Stimpson2015(Stimpson,secondary)=401.80 | Stimpson2015(Stimpson,secondary)=327.80 | Stimpson2015(Stimpson,secondary)=375.50 | Stimpson2015(Stimpson,secondary)=348.10 | Stimpson2015(Stimpson,secondary)=312.90 | Sherwood2003(Sherwood,secondary)=405.00 | Stephan1981(Stephan_collection,primary)=405.00 | deSousa2013(Zilles,secondary)=406.50 | Lewitus2014(Lewitus,secondary)=392.06 | Lewitus2013(Lewitus,secondary)=392.06 | Stephan1970(Stephan_collection,primary)=420.00 | Stephan1970(Stephan_collection,primary)=420.00 | Brodmann1913(Brodmann,primary)=295.00 | Frahm1998(Stephan_collection,secondary)=405.00"
"Homo sapiens","Brain_Mass_measured",46,10,1365.0984,1.81,"","Armstrong1979(Armstrong,secondary)=1890.00 | Armstrong1979(Armstrong,secondary)=1890.00 | Armstrong1979(Armstrong,secondary)=1890.00 | Armstrong1979(Armstrong,secondary)=1200.00 | Armstrong1979(Armstrong,secondary)=1200.00 | Armstrong1979(Armstrong,secondary)=1200.00 | Armstrong1979(Armstrong,secondary)=1500.00 | Armstrong1979(Armstrong,secondary)=1500.00 | Armstrong1979(Armstrong,secondary)=1500.00 | Armstrong1979(Armstrong,secondary)=1500.00 | Armstrong1979(Armstrong,secondary)=1890.00 | Armstrong1979(Armstrong,secondary)=1890.00 | Armstrong1979(Armstrong,secondary)=1200.00 | Armstrong1979(Armstrong,secondary)=1200.00 | Armstrong1979(Armstrong,secondary)=1500.00 | Armstrong1979(Armstrong,secondary)=1500.00 | Armstrong1979(Armstrong,secondary)=1500.00 | Armstrong1979(Armstrong,secondary)=1500.00 | Karl2024(Karl,primary)=1336.00 | Krompecher1966(Krompecher,secondary)=1273.70 | deSousa2010(Zilles,primary)=1437.00 | deSousa2010(Zilles,primary)=1757.00 | deSousa2010(Zilles,primary)=1270.00 | deSousa2010(Zilles,primary)=1349.00 | deSousa2010(Zilles,primary)=1360.00 | deSousa2010(Zilles,primary)=1046.00 | deSousa2010(Zilles,primary)=1142.00 | deSousa2010(Zilles,primary)=1350.00 | deSousa2010(Zilles,primary)=1216.00 | deSousa2010(Zilles,primary)=1110.00 | Bauernfeind2013(Zilles,primary)=1639.60 | Bauernfeind2013(Zilles,primary)=1483.00 | Bauernfeind2013(Zilles,primary)=1349.00 | Bauernfeind2013(Zilles,primary)=1320.00 | Bauernfeind2013(Zilles,primary)=1242.00 | Garwicz2009(Garwicz,secondary)=1350.00 | deSousa2009(deSousa,secondary)=1350.00 | deSousa2009(deSousa,secondary)=1110.00 | Sherwood2003(Sherwood,secondary)=1250.00 | Stephan1981(Stephan_collection,primary)=1330.00 | deSousa2013(Zilles,secondary)=1303.70 | Lewitus2014(Lewitus,secondary)=1300.00 | Stephan1970(Stephan_collection,primary)=1330.00 | Stephan1970(Stephan_collection,primary)=1330.00 | Brodmann1913(Brodmann,primary)=1590.00 | Brodmann1913(Brodmann,primary)=1327.00"
"Gorilla gorilla","Brain_Mass_measured",32,8,443.119,1.44,"","Armstrong1979(Armstrong,secondary)=540.00 | Armstrong1979(Armstrong,secondary)=540.00 | Armstrong1979(Armstrong,secondary)=540.00 | Armstrong1979(Armstrong,secondary)=540.00 | Armstrong1979(Armstrong,secondary)=540.00 | Armstrong1979(Armstrong,secondary)=540.00 | Armstrong1979(Armstrong,secondary)=540.00 | Armstrong1979(Armstrong,secondary)=540.00 | Armstrong1979(Armstrong,secondary)=540.00 | Armstrong1979(Armstrong,secondary)=540.00 | Armstrong1979(Armstrong,secondary)=540.00 | Armstrong1979(Armstrong,secondary)=540.00 | Armstrong1979(Armstrong,secondary)=540.00 | Armstrong1979(Armstrong,secondary)=540.00 | Armstrong1979(Armstrong,secondary)=540.00 | Armstrong1979(Armstrong,secondary)=540.00 | deSousa2010(Zilles,primary)=376.00 | deSousa2010(Zilles,primary)=450.00 | Bauernfeind2013(Zilles,primary)=450.00 | Bauernfeind2013(Zilles,primary)=420.00 | Bauernfeind2013(Zilles,primary)=419.00 | Bauernfeind2013(Zilles,primary)=376.00 | Garwicz2009(Garwicz,secondary)=500.00 | deSousa2009(deSousa,secondary)=376.00 | Sherwood2003(Sherwood,secondary)=505.90 | Stephan1981(Stephan_collection,primary)=500.00 | deSousa2013(Zilles,secondary)=376.00 | Lewitus2014(Lewitus,secondary)=477.44 | Lewitus2013(Lewitus,secondary)=477.44 | Stephan1970(Stephan_collection,primary)=465.00 | Stephan1970(Stephan_collection,primary)=465.00 | MacLeod2000(MacLeod,secondary)=429.40"
"Hylobates lar","Brain_Mass_measured",22,6,102.25,1.47,"","Armstrong1979(Armstrong,secondary)=101.90 | Armstrong1979(Armstrong,secondary)=101.90 | Armstrong1979(Armstrong,secondary)=101.90 | Armstrong1979(Armstrong,secondary)=101.90 | Armstrong1979(Armstrong,secondary)=101.90 | Armstrong1979(Armstrong,secondary)=101.90 | Armstrong1979(Armstrong,secondary)=101.90 | Armstrong1979(Armstrong,secondary)=101.90 | Armstrong1979(Armstrong,secondary)=101.90 | Armstrong1979(Armstrong,secondary)=101.90 | Armstrong1979(Armstrong,secondary)=101.90 | Armstrong1979(Armstrong,secondary)=101.90 | Jacobs2018(Jacobs,info)=134.80 | Jacobs2018(Jacobs,info)=134.80 | deSousa2010(Zilles,primary)=92.00 | deSousa2010(Zilles,primary)=120.00 | Bauernfeind2013(Zilles,primary)=92.00 | deSousa2009(deSousa,secondary)=120.00 | Stephan1981(Stephan_collection,primary)=102.00 | deSousa2013(Zilles,secondary)=106.00 | Lewitus2014(Lewitus,secondary)=101.52 | Lewitus2013(Lewitus,secondary)=101.52"
"Canis lupus familiaris","Brain_Mass_measured",20,3,52.9258,11.32,"DISAGREEMENT>2x","Schleifenbaum1973(Schleifenbaum,primary)=11.03 | Schleifenbaum1973(Schleifenbaum,primary)=17.25 | Schleifenbaum1973(Schleifenbaum,primary)=27.23 | Schleifenbaum1973(Schleifenbaum,primary)=37.10 | Schleifenbaum1973(Schleifenbaum,primary)=39.17 | Schleifenbaum1973(Schleifenbaum,primary)=58.00 | Schleifenbaum1973(Schleifenbaum,primary)=73.12 | Schleifenbaum1973(Schleifenbaum,primary)=75.98 | Schleifenbaum1973(Schleifenbaum,primary)=85.41 | Schleifenbaum1973(Schleifenbaum,primary)=8.46 | Schleifenbaum1973(Schleifenbaum,primary)=9.31 | Schleifenbaum1973(Schleifenbaum,primary)=7.97 | Schleifenbaum1973(Schleifenbaum,primary)=15.28 | Schleifenbaum1973(Schleifenbaum,primary)=35.10 | Schleifenbaum1973(Schleifenbaum,primary)=37.33 | Schleifenbaum1973(Schleifenbaum,primary)=59.65 | Schleifenbaum1973(Schleifenbaum,primary)=74.69 | Schleifenbaum1973(Schleifenbaum,primary)=90.25 | Garwicz2009(Garwicz,secondary)=70.20 | Brodmann1913(Brodmann,primary)=63.50"
"Canis lupus","Brain_Mass_measured",15,1,111.5267,12.49,"DISAGREEMENT>2x","Schleifenbaum1973(Schleifenbaum,primary)=13.00 | Schleifenbaum1973(Schleifenbaum,primary)=75.20 | Schleifenbaum1973(Schleifenbaum,primary)=121.20 | Schleifenbaum1973(Schleifenbaum,primary)=135.00 | Schleifenbaum1973(Schleifenbaum,primary)=49.20 | Schleifenbaum1973(Schleifenbaum,primary)=102.00 | Schleifenbaum1973(Schleifenbaum,primary)=152.40 | Schleifenbaum1973(Schleifenbaum,primary)=115.70 | Schleifenbaum1973(Schleifenbaum,primary)=119.00 | Schleifenbaum1973(Schleifenbaum,primary)=125.00 | Schleifenbaum1973(Schleifenbaum,primary)=117.40 | Schleifenbaum1973(Schleifenbaum,primary)=121.00 | Schleifenbaum1973(Schleifenbaum,primary)=132.60 | Schleifenbaum1973(Schleifenbaum,primary)=131.80 | Schleifenbaum1973(Schleifenbaum,primary)=162.40"
"Pan paniscus","Brain_Mass_measured",15,3,353.3571,1.34,"","deSousa2010(Zilles,primary)=392.00 | deSousa2010(Zilles,primary)=324.00 | deSousa2010(Zilles,primary)=337.00 | Bauernfeind2013(Zilles,primary)=395.00 | Bauernfeind2013(Zilles,primary)=337.00 | Bauernfeind2013(Zilles,primary)=324.00 | deSousa2009(deSousa,secondary)=324.00 | Stimpson2015(Stimpson,secondary)=353.30 | Stimpson2015(Stimpson,secondary)=337.00 | Stimpson2015(Stimpson,secondary)=307.40 | Stimpson2015(Stimpson,secondary)=326.70 | Stimpson2015(Stimpson,secondary)=313.20 | Stimpson2015(Stimpson,secondary)=305.10 | Stimpson2015(Stimpson,secondary)=295.70 | deSousa2013(Zilles,secondary)=364.50"
"Papio cynocephalus anubis","Brain_Mass_measured",14,2,109.6417,3.47,"DISAGREEMENT>2x","Young2013(Young,info)=173.40 | Young2013(Young,info)=165.30 | Young2013(Young,info)=159.70 | Young2013(Young,info)=173.40 | Young2013(Young,info)=165.30 | Young2013(Young,info)=159.70 | Young2013(Young,info)=173.40 | Young2013(Young,info)=165.30 | Young2013(Young,info)=159.70 | Young2013(Young,info)=173.40 | Young2013(Young,info)=165.30 | Young2013(Young,info)=159.70 | Turner2016(Turner,info)=56.30 | Turner2016(Turner,info)=50.00"
"Macaca mulatta","Brain_Mass_measured",13,8,81.5854,2.86,"DISAGREEMENT>2x","Nudo1995(Nudo,primary)=53.70 | Garwicz2009(Garwicz,secondary)=93.80 | Finlay2006(Finlay,primary)=95.00 | Changizi2005(Changizi,primary)=84.64 | Changizi2005(Changizi,primary)=84.64 | Stephan1981(Stephan_collection,primary)=93.00 | deSousa2013(Zilles,secondary)=78.00 | Turner2016(Turner,info)=33.20 | Lewitus2014(Lewitus,secondary)=89.22 | Lewitus2013(Lewitus,secondary)=89.22 | Stephan1970(Stephan_collection,primary)=93.00 | Stephan1970(Stephan_collection,primary)=93.00 | Frahm1998(Stephan_collection,secondary)=93.00"
"Aotus trivirgatus","Brain_Mass_measured",10,5,17.0292,1.14,"","Finlay2006(Finlay,primary)=18.20 | Sherwood2003(Sherwood,secondary)=18.20 | Changizi2005(Changizi,primary)=16.34 | Changizi2005(Changizi,primary)=16.34 | Stephan1981(Stephan_collection,primary)=17.10 | Lewitus2014(Lewitus,secondary)=17.40 | Lewitus2013(Lewitus,secondary)=17.40 | Stephan1970(Stephan_collection,primary)=16.00 | Stephan1970(Stephan_collection,primary)=16.00 | Frahm1998(Stephan_collection,secondary)=17.10"
"Callithrix jacchus","Brain_Mass_measured",10,5,7.1899,1.44,"","Nudo1995(Nudo,primary)=5.48 | Finlay2006(Finlay,primary)=7.90 | Changizi2005(Changizi,primary)=7.78 | Changizi2005(Changizi,primary)=7.78 | Stephan1981(Stephan_collection,primary)=7.60 | Lewitus2014(Lewitus,secondary)=7.61 | Lewitus2013(Lewitus,secondary)=7.61 | Stephan1970(Stephan_collection,primary)=7.60 | Stephan1970(Stephan_collection,primary)=7.60 | Frahm1998(Stephan_collection,secondary)=7.60"
"Pongo pygmaeus","Brain_Mass_measured",10,5,376.6112,1.39,"","Krompecher1966(Krompecher,secondary)=316.00 | deSousa2010(Zilles,primary)=440.00 | deSousa2010(Zilles,primary)=369.00 | deSousa2010(Zilles,primary)=345.00 | Bauernfeind2013(Zilles,primary)=376.00 | Bauernfeind2013(Zilles,primary)=345.00 | deSousa2009(deSousa,secondary)=369.00 | Sherwood2003(Sherwood,secondary)=413.30 | deSousa2013(Zilles,secondary)=384.67 | Lewitus2014(Lewitus,secondary)=347.75"
"Erinaceus europaeus","Brain_Mass_measured",9,6,3.225,1.77,"","Nudo1995(Nudo,primary)=2.26 | Garwicz2009(Garwicz,secondary)=3.50 | Finlay2006(Finlay,primary)=3.29 | Stephan1981(Stephan_collection,primary)=3.35 | Lewitus2014(Lewitus,secondary)=3.50 | Lewitus2013(Lewitus,secondary)=3.50 | Stephan1970(Stephan_collection,primary)=3.35 | Stephan1970(Stephan_collection,primary)=3.35 | Brodmann1913(Brodmann,primary)=4.00"
"Galago senegalensis","Brain_Mass_measured",9,5,3.9233,2,"","Nudo1995(Nudo,primary)=2.40 | Sherwood2003(Sherwood,secondary)=4.80 | Changizi2005(Changizi,primary)=4.57 | Stephan1981(Stephan_collection,primary)=4.80 | Lewitus2014(Lewitus,secondary)=4.80 | Lewitus2013(Lewitus,secondary)=4.80 | Stephan1970(Stephan_collection,primary)=4.80 | Stephan1970(Stephan_collection,primary)=4.80 | Frahm1998(Stephan_collection,secondary)=4.80"
"Saimiri sciureus","Brain_Mass_measured",9,6,22.2173,1.46,"","Karl2024(Karl,primary)=24.90 | Nudo1995(Nudo,primary)=17.04 | Finlay2006(Finlay,primary)=24.00 | Changizi2005(Changizi,primary)=22.48 | Stephan1981(Stephan_collection,primary)=24.00 | Lewitus2014(Lewitus,secondary)=22.98 | Lewitus2013(Lewitus,secondary)=22.98 | Stephan1970(Stephan_collection,primary)=22.00 | Stephan1970(Stephan_collection,primary)=22.00"
"Cebus albifrons","Brain_Mass_measured",8,3,77.2333,1.13,"","Bauernfeind2013(Zilles,primary)=79.80 | Stephan1981(Stephan_collection,primary)=71.00 | Lewitus2014(Lewitus,secondary)=71.23 | Stephan1970(Stephan_collection,primary)=73.00 | Stephan1970(Stephan_collection,primary)=80.00 | Stephan1970(Stephan_collection,primary)=73.00 | Stephan1970(Stephan_collection,primary)=80.00 | Frahm1998(Stephan_collection,secondary)=71.00"
"Felis catus","Brain_Mass_measured",8,6,26.7929,1.63,"","Nudo1995(Nudo,primary)=19.08 | Garwicz2009(Garwicz,secondary)=28.40 | Finlay2006(Finlay,primary)=30.00 | Changizi2005(Changizi,primary)=27.09 | Changizi2005(Changizi,primary)=27.09 | Lewitus2014(Lewitus,secondary)=31.18 | Lewitus2013(Lewitus,secondary)=31.18 | Brodmann1913(Brodmann,primary)=31.00"
"Lophocebus albigena","Brain_Mass_measured",8,3,107.25,1.07,"","Bauernfeind2013(Zilles,primary)=110.50 | Stephan1981(Stephan_collection,primary)=104.00 | deSousa2013(Zilles,secondary)=110.50 | Lewitus2014(Lewitus,secondary)=103.38 | Lewitus2013(Lewitus,secondary)=103.38 | Stephan1970(Stephan_collection,primary)=104.00 | Stephan1970(Stephan_collection,primary)=104.00 | Frahm1998(Stephan_collection,secondary)=104.00"
"Loris tardigradus","Brain_Mass_measured",8,4,6.75,1.05,"","Bauernfeind2013(Zilles,primary)=6.90 | Sherwood2003(Sherwood,secondary)=6.60 | Stephan1981(Stephan_collection,primary)=6.60 | Lewitus2014(Lewitus,secondary)=6.63 | Lewitus2013(Lewitus,secondary)=6.63 | Stephan1970(Stephan_collection,primary)=6.60 | Stephan1970(Stephan_collection,primary)=6.60 | Frahm1998(Stephan_collection,secondary)=6.60"
"Saguinus oedipus","Brain_Mass_measured",8,4,9.65,1.12,"","Jacobs2018(Jacobs,info)=8.90 | Jacobs2018(Jacobs,info)=8.90 | Bauernfeind2013(Zilles,primary)=9.30 | Stephan1981(Stephan_collection,primary)=10.00 | Lewitus2014(Lewitus,secondary)=9.80 | Stephan1970(Stephan_collection,primary)=10.00 | Stephan1970(Stephan_collection,primary)=10.00 | Frahm1998(Stephan_collection,secondary)=10.00"
"Cercopithecus ascanius","Brain_Mass_measured",7,3,66,1.15,"","Jacobs2018(Jacobs,info)=58.40 | Jacobs2018(Jacobs,info)=58.40 | Stephan1981(Stephan_collection,primary)=67.00 | deSousa2013(Zilles,secondary)=61.50 | Stephan1970(Stephan_collection,primary)=65.00 | Stephan1970(Stephan_collection,primary)=65.00 | Frahm1998(Stephan_collection,secondary)=67.00"
"Cercopithecus mitis","Brain_Mass_measured",7,3,73.975,1.13,"","Bauernfeind2013(Zilles,primary)=71.60 | Stephan1981(Stephan_collection,primary)=75.00 | deSousa2013(Zilles,secondary)=73.30 | Lewitus2014(Lewitus,secondary)=67.00 | Stephan1970(Stephan_collection,primary)=76.00 | Stephan1970(Stephan_collection,primary)=76.00 | Frahm1998(Stephan_collection,secondary)=75.00"
"Galagoides demidoff","Brain_Mass_measured",7,3,3.34,1.02,"","Bauernfeind2013(Zilles,primary)=3.30 | Stephan1981(Stephan_collection,primary)=3.38 | Lewitus2014(Lewitus,secondary)=3.35 | Lewitus2013(Lewitus,secondary)=3.35 | Stephan1970(Stephan_collection,primary)=3.38 | Stephan1970(Stephan_collection,primary)=3.38 | Frahm1998(Stephan_collection,secondary)=3.38"
"Indri indri","Brain_Mass_measured",7,3,36,1.14,"","Bauernfeind2013(Zilles,primary)=33.70 | Stephan1981(Stephan_collection,primary)=38.30 | Lewitus2014(Lewitus,secondary)=37.35 | Lewitus2013(Lewitus,secondary)=37.35 | Stephan1970(Stephan_collection,primary)=38.30 | Stephan1970(Stephan_collection,primary)=38.30 | Frahm1998(Stephan_collection,secondary)=38.30"
"Miopithecus talapoin","Brain_Mass_measured",7,3,39.5,1.05,"","Stephan1981(Stephan_collection,primary)=40.00 | deSousa2013(Zilles,secondary)=41.10 | Lewitus2014(Lewitus,secondary)=39.10 | Lewitus2013(Lewitus,secondary)=39.10 | Stephan1970(Stephan_collection,primary)=39.00 | Stephan1970(Stephan_collection,primary)=39.00 | Frahm1998(Stephan_collection,secondary)=40.00"
"Otolemur crassicaudatus","Brain_Mass_measured",7,3,10.3,1.15,"","Sherwood2003(Sherwood,secondary)=11.80 | Stephan1981(Stephan_collection,primary)=10.30 | Lewitus2014(Lewitus,secondary)=10.60 | Lewitus2013(Lewitus,secondary)=10.60 | Stephan1970(Stephan_collection,primary)=10.30 | Stephan1970(Stephan_collection,primary)=10.30 | Frahm1998(Stephan_collection,secondary)=10.30"
"Perodicticus potto","Brain_Mass_measured",7,4,12.75,1.24,"","Bauernfeind2013(Zilles,primary)=11.50 | Sherwood2003(Sherwood,secondary)=14.30 | Stephan1981(Stephan_collection,primary)=14.00 | Lewitus2014(Lewitus,secondary)=13.54 | Lewitus2013(Lewitus,secondary)=13.54 | Stephan1970(Stephan_collection,primary)=14.00 | Stephan1970(Stephan_collection,primary)=14.00"
"Piliocolobus badius","Brain_Mass_measured",7,3,76.9625,1.04,"","Bauernfeind2013(Zilles,primary)=75.00 | Stephan1981(Stephan_collection,primary)=78.00 | deSousa2013(Zilles,secondary)=76.85 | Lewitus2014(Lewitus,secondary)=76.75 | Lewitus2013(Lewitus,secondary)=76.75 | Stephan1970(Stephan_collection,primary)=78.00 | Stephan1970(Stephan_collection,primary)=78.00"
"Tupaia glis","Brain_Mass_measured",7,4,2.8233,1.29,"","Nudo1995(Nudo,primary)=2.48 | Sherwood2003(Sherwood,secondary)=3.20 | Stephan1981(Stephan_collection,primary)=3.20 | Lewitus2014(Lewitus,secondary)=3.03 | Lewitus2013(Lewitus,secondary)=3.03 | Stephan1970(Stephan_collection,primary)=3.15 | Stephan1970(Stephan_collection,primary)=3.15"
"Alouatta seniculus","Brain_Mass_measured",6,3,51.5,1.08,"","Sherwood2003(Sherwood,secondary)=52.00 | Stephan1981(Stephan_collection,primary)=52.00 | Lewitus2014(Lewitus,secondary)=54.95 | Stephan1970(Stephan_collection,primary)=51.00 | Stephan1970(Stephan_collection,primary)=51.00 | Frahm1998(Stephan_collection,secondary)=52.00"
"Avahi laniger","Brain_Mass_measured",6,3,9.7717,1.11,"","Bauernfeind2013(Zilles,primary)=9.60 | Stephan1981(Stephan_collection,primary)=10.49 | Lewitus2014(Lewitus,secondary)=10.65 | Lewitus2013(Lewitus,secondary)=10.65 | Stephan1970(Stephan_collection,primary)=9.67 | Stephan1970(Stephan_collection,primary)=9.67"
"Callicebus moloch","Brain_Mass_measured",6,2,17.25,1.23,"","Stephan1981(Stephan_collection,primary)=19.00 | Lewitus2014(Lewitus,secondary)=19.00 | Lewitus2013(Lewitus,secondary)=19.00 | Stephan1970(Stephan_collection,primary)=15.50 | Stephan1970(Stephan_collection,primary)=15.50 | Frahm1998(Stephan_collection,secondary)=19.00"
"Cheirogaleus major","Brain_Mass_measured",6,2,6.8,1.06,"","Stephan1981(Stephan_collection,primary)=6.80 | Lewitus2014(Lewitus,secondary)=6.43 | Lewitus2013(Lewitus,secondary)=6.43 | Stephan1970(Stephan_collection,primary)=6.80 | Stephan1970(Stephan_collection,primary)=6.80 | Frahm1998(Stephan_collection,secondary)=6.80"
"Daubentonia madagascariensis","Brain_Mass_measured",6,3,45.15,1.01,"","Sherwood2003(Sherwood,secondary)=45.20 | Stephan1981(Stephan_collection,primary)=45.15 | Lewitus2014(Lewitus,secondary)=44.89 | Lewitus2013(Lewitus,secondary)=44.89 | Stephan1970(Stephan_collection,primary)=45.15 | Stephan1970(Stephan_collection,primary)=45.15"
"Erythrocebus patas","Brain_Mass_measured",6,4,108,1.15,"","Sherwood2003(Sherwood,secondary)=106.60 | Stephan1981(Stephan_collection,primary)=108.00 | deSousa2013(Zilles,secondary)=94.20 | Lewitus2014(Lewitus,secondary)=105.65 | Lewitus2013(Lewitus,secondary)=105.65 | Frahm1998(Stephan_collection,secondary)=108.00"
"Lagothrix lagothricha","Brain_Mass_measured",6,3,101,1.06,"","Sherwood2003(Sherwood,secondary)=101.00 | Stephan1981(Stephan_collection,primary)=101.00 | Lewitus2014(Lewitus,secondary)=95.58 | Lewitus2013(Lewitus,secondary)=95.58 | Stephan1970(Stephan_collection,primary)=101.00 | Stephan1970(Stephan_collection,primary)=101.00"
"Microcebus murinus","Brain_Mass_measured",6,2,1.78,1.04,"","Stephan1981(Stephan_collection,primary)=1.78 | Lewitus2014(Lewitus,secondary)=1.85 | Lewitus2013(Lewitus,secondary)=1.85 | Stephan1970(Stephan_collection,primary)=1.78 | Stephan1970(Stephan_collection,primary)=1.78 | Frahm1998(Stephan_collection,secondary)=1.78"
"Nycticebus coucang","Brain_Mass_measured",6,3,10.19,1.59,"","Nudo1995(Nudo,primary)=7.88 | Stephan1981(Stephan_collection,primary)=12.50 | Lewitus2014(Lewitus,secondary)=11.73 | Lewitus2013(Lewitus,secondary)=11.73 | Stephan1970(Stephan_collection,primary)=12.50 | Stephan1970(Stephan_collection,primary)=12.50"
"Ovis ammon f. aries","Brain_Mass_measured",6,1,111.7833,1.25,"","Ebinger1974(Ebinger,primary)=125.00 | Ebinger1974(Ebinger,primary)=120.00 | Ebinger1974(Ebinger,primary)=113.90 | Ebinger1974(Ebinger,primary)=102.40 | Ebinger1974(Ebinger,primary)=109.60 | Ebinger1974(Ebinger,primary)=99.80"
"Propithecus verreauxi","Brain_Mass_measured",6,3,26.7,1.01,"","Sherwood2003(Sherwood,secondary)=26.70 | Stephan1981(Stephan_collection,primary)=26.70 | Lewitus2014(Lewitus,secondary)=26.90 | Lewitus2013(Lewitus,secondary)=26.90 | Stephan1970(Stephan_collection,primary)=26.70 | Stephan1970(Stephan_collection,primary)=26.70"
"Saguinus midas","Brain_Mass_measured",6,2,10.3,1.02,"","Stephan1981(Stephan_collection,primary)=10.30 | Lewitus2014(Lewitus,secondary)=10.50 | Lewitus2013(Lewitus,secondary)=10.50 | Stephan1970(Stephan_collection,primary)=10.30 | Stephan1970(Stephan_collection,primary)=10.30 | Frahm1998(Stephan_collection,secondary)=10.30"
"Varecia variegata","Brain_Mass_measured",6,3,31.5,1.58,"","Bauernfeind2013(Zilles,primary)=31.50 | Stephan1981(Stephan_collection,primary)=31.50 | Lewitus2014(Lewitus,secondary)=49.83 | Lewitus2013(Lewitus,secondary)=49.83 | Stephan1970(Stephan_collection,primary)=31.50 | Stephan1970(Stephan_collection,primary)=31.50"
"Callithrix pygmaea","Brain_Mass_measured",5,3,4.2625,1.1,"","Jacobs2018(Jacobs,info)=4.10 | Jacobs2018(Jacobs,info)=4.10 | Bauernfeind2013(Zilles,primary)=4.20 | Stephan1981(Stephan_collection,primary)=4.50 | Frahm1998(Stephan_collection,secondary)=4.15"
"Cheirogaleus medius","Brain_Mass_measured",5,2,3.14,1.04,"","Stephan1981(Stephan_collection,primary)=3.14 | Lewitus2014(Lewitus,secondary)=3.01 | Lewitus2013(Lewitus,secondary)=3.01 | Stephan1970(Stephan_collection,primary)=3.14 | Stephan1970(Stephan_collection,primary)=3.14"
"Echinops telfairi","Brain_Mass_measured",5,3,1.2593,4.09,"DISAGREEMENT>2x","Finlay2006(Finlay,primary)=0.62 | Changizi2005(Changizi,primary)=2.54 | Stephan1981(Stephan_collection,primary)=0.62 | Stephan1970(Stephan_collection,primary)=0.62 | Stephan1970(Stephan_collection,primary)=0.62"
"Eulemur fulvus","Brain_Mass_measured",5,2,23.3,1.21,"","Stephan1981(Stephan_collection,primary)=23.30 | Lewitus2014(Lewitus,secondary)=28.10 | Lewitus2013(Lewitus,secondary)=28.10 | Stephan1970(Stephan_collection,primary)=23.30 | Stephan1970(Stephan_collection,primary)=23.30"
"Lepilemur ruficaudatus","Brain_Mass_measured",5,2,7.6,1.01,"","Stephan1981(Stephan_collection,primary)=7.60 | Lewitus2014(Lewitus,secondary)=7.50 | Lewitus2013(Lewitus,secondary)=7.50 | Stephan1970(Stephan_collection,primary)=7.60 | Stephan1970(Stephan_collection,primary)=7.60"
"Macaca fascicularis","Brain_Mass_measured",5,4,47.815,1.82,"","Nudo1995(Nudo,primary)=38.03 | deSousa2010(Zilles,primary)=57.60 | deSousa2009(deSousa,secondary)=58.00 | Sherwood2003(Sherwood,secondary)=69.20 | deSousa2013(Zilles,secondary)=57.60"
"Mus musculus","Brain_Mass_measured",5,5,0.5623,2,"","Karl2024(Karl,primary)=0.40 | Garwicz2009(Garwicz,secondary)=0.45 | Changizi2005(Changizi,primary)=0.49 | Lewitus2014(Lewitus,secondary)=0.55 | Brodmann1913(Brodmann,primary)=0.80"
"Panthera leo","Brain_Mass_measured",5,3,259,110.61,"DISAGREEMENT>2x","Jacobs2018(Jacobs,info)=223.50 | Jacobs2018(Jacobs,info)=223.50 | Lewitus2014(Lewitus,secondary)=247.21 | Lewitus2013(Lewitus,secondary)=24721.00 | Brodmann1913(Brodmann,primary)=259.00"
"Papio anubis","Brain_Mass_measured",5,4,187.65,1.18,"","Karl2024(Karl,primary)=174.30 | Sherwood2003(Sherwood,secondary)=175.10 | Stephan1981(Stephan_collection,primary)=201.00 | deSousa2013(Zilles,secondary)=206.50 | Frahm1998(Stephan_collection,secondary)=201.00"
"Procyon lotor","Brain_Mass_measured",5,3,31.87,1.26,"","Jacobs2018(Jacobs,info)=40.00 | Jacobs2018(Jacobs,info)=40.00 | Nudo1995(Nudo,primary)=31.87 | Lewitus2014(Lewitus,secondary)=40.02 | Lewitus2013(Lewitus,secondary)=40.02"
"Rattus norvegicus","Brain_Mass_measured",5,4,1.6395,1.6,"","Nudo1995(Nudo,primary)=1.50 | Garwicz2009(Garwicz,secondary)=2.00 | Changizi2005(Changizi,primary)=1.78 | Changizi2005(Changizi,primary)=1.78 | Lewitus2014(Lewitus,secondary)=2.41"
"Sorex araneus","Brain_Mass_measured",5,2,0.2,1,"","Stephan1981(Stephan_collection,primary)=0.20 | Lewitus2014(Lewitus,secondary)=0.20 | Lewitus2013(Lewitus,secondary)=0.20 | Stephan1970(Stephan_collection,primary)=0.20 | Stephan1970(Stephan_collection,primary)=0.20"
"Talpa europaea","Brain_Mass_measured",5,3,1.41,1.76,"","Stephan1981(Stephan_collection,primary)=1.02 | Lewitus2014(Lewitus,secondary)=1.02 | Stephan1970(Stephan_collection,primary)=1.02 | Stephan1970(Stephan_collection,primary)=1.02 | Brodmann1913(Brodmann,primary)=1.80"
"Ateles geoffroyi","Brain_Mass_measured",4,2,107.2,1.02,"","Bauernfeind2013(Zilles,primary)=106.40 | Stephan1981(Stephan_collection,primary)=108.00 | Stephan1970(Stephan_collection,primary)=108.00 | Stephan1970(Stephan_collection,primary)=108.00"
"Callimico goeldii","Brain_Mass_measured",4,2,11,1,"","Stephan1981(Stephan_collection,primary)=11.00 | Lewitus2014(Lewitus,secondary)=10.95 | Lewitus2013(Lewitus,secondary)=10.95 | Frahm1998(Stephan_collection,secondary)=11.00"
"Crocidura flavescens","Brain_Mass_measured",4,2,0.44,1.07,"","Stephan1981(Stephan_collection,primary)=0.44 | Lewitus2014(Lewitus,secondary)=0.41 | Stephan1970(Stephan_collection,primary)=0.44 | Stephan1970(Stephan_collection,primary)=0.44"
"Dasypus novemcinctus","Brain_Mass_measured",4,3,7.54,1.59,"","Nudo1995(Nudo,primary)=7.54 | Garwicz2009(Garwicz,secondary)=12.00 | Lewitus2014(Lewitus,secondary)=10.75 | Lewitus2013(Lewitus,secondary)=10.75"
"Elephantulus fuscipes","Brain_Mass_measured",4,2,1.33,1,"","Stephan1981(Stephan_collection,primary)=1.33 | Lewitus2014(Lewitus,secondary)=1.33 | Stephan1970(Stephan_collection,primary)=1.33 | Stephan1970(Stephan_collection,primary)=1.33"
"Equus caballus","Brain_Mass_measured",4,3,590,1.22,"","Garwicz2009(Garwicz,secondary)=585.00 | Lewitus2014(Lewitus,secondary)=712.00 | Lewitus2013(Lewitus,secondary)=712.00 | Brodmann1913(Brodmann,primary)=590.00"
"Galemys pyrenaicus","Brain_Mass_measured",4,2,1.33,1,"","Stephan1981(Stephan_collection,primary)=1.33 | Lewitus2014(Lewitus,secondary)=1.33 | Stephan1970(Stephan_collection,primary)=1.33 | Stephan1970(Stephan_collection,primary)=1.33"
"Mustela putorius","Brain_Mass_measured",4,3,10.7,1.3,"","Jacobs2018(Jacobs,info)=8.30 | Jacobs2018(Jacobs,info)=8.30 | Lewitus2014(Lewitus,secondary)=8.25 | Brodmann1913(Brodmann,primary)=10.70"
"Neomys fodiens","Brain_Mass_measured",4,2,0.32,1,"","Stephan1981(Stephan_collection,primary)=0.32 | Lewitus2014(Lewitus,secondary)=0.32 | Stephan1970(Stephan_collection,primary)=0.32 | Stephan1970(Stephan_collection,primary)=0.32"
"Oryctolagus cuniculus","Brain_Mass_measured",4,3,9.785,1.85,"","Nudo1995(Nudo,primary)=7.57 | Lewitus2014(Lewitus,secondary)=6.50 | Lewitus2013(Lewitus,secondary)=6.50 | Brodmann1913(Brodmann,primary)=12.00"
"Ovis ammon musimon","Brain_Mass_measured",4,1,133.025,1.02,"","Ebinger1974(Ebinger,primary)=135.00 | Ebinger1974(Ebinger,primary)=132.40 | Ebinger1974(Ebinger,primary)=132.50 | Ebinger1974(Ebinger,primary)=132.20"
"Pithecia monachus","Brain_Mass_measured",4,1,35,1,"","Stephan1981(Stephan_collection,primary)=35.00 | Stephan1970(Stephan_collection,primary)=35.00 | Stephan1970(Stephan_collection,primary)=35.00 | Frahm1998(Stephan_collection,secondary)=35.00"
"Potamogale velox","Brain_Mass_measured",4,2,4.12,1.07,"","Stephan1981(Stephan_collection,primary)=4.16 | Lewitus2014(Lewitus,secondary)=3.88 | Stephan1970(Stephan_collection,primary)=4.10 | Stephan1970(Stephan_collection,primary)=4.10"
"Procavia capensis","Brain_Mass_measured",4,3,15.26,1.54,"","Karl2024(Karl,primary)=18.10 | Nudo1995(Nudo,primary)=12.42 | Lewitus2014(Lewitus,secondary)=19.17 | Lewitus2013(Lewitus,secondary)=19.17"
"Pteropus poliocephalus","Brain_Mass_measured",4,3,7.2258,1,"","Finlay2006(Finlay,primary)=7.23 | Sherwood2003(Sherwood,secondary)=7.20 | Changizi2005(Changizi,primary)=7.22 | Changizi2005(Changizi,primary)=7.22"
"Pygathrix nemaeus","Brain_Mass_measured",4,3,77,1.23,"","Stephan1981(Stephan_collection,primary)=77.00 | deSousa2013(Zilles,secondary)=69.00 | Lewitus2014(Lewitus,secondary)=84.83 | Lewitus2013(Lewitus,secondary)=84.83"
"Sciurus carolinensis","Brain_Mass_measured",4,3,5.817,1.32,"","Nudo1995(Nudo,primary)=4.93 | Finlay2006(Finlay,primary)=6.00 | Changizi2005(Changizi,primary)=6.52 | Changizi2005(Changizi,primary)=6.52"
"Sorex minutus","Brain_Mass_measured",4,2,0.11,1,"","Stephan1981(Stephan_collection,primary)=0.11 | Lewitus2014(Lewitus,secondary)=0.11 | Stephan1970(Stephan_collection,primary)=0.11 | Stephan1970(Stephan_collection,primary)=0.11"
"Tarsius syrichta","Brain_Mass_measured",4,3,3.63,1.1,"","Sherwood2003(Sherwood,secondary)=4.00 | Lewitus2014(Lewitus,secondary)=3.83 | Stephan1970(Stephan_collection,primary)=3.63 | Stephan1970(Stephan_collection,primary)=3.63"
"Tenrec ecaudatus","Brain_Mass_measured",4,2,2.585,1.01,"","Stephan1981(Stephan_collection,primary)=2.57 | Stephan1970(Stephan_collection,primary)=2.57 | Stephan1970(Stephan_collection,primary)=2.57 | Brodmann1913(Brodmann,primary)=2.60"
"Tupaia belangeri","Brain_Mass_measured",4,3,2.806,1.26,"","Garwicz2009(Garwicz,secondary)=3.15 | Finlay2006(Finlay,primary)=2.50 | Changizi2005(Changizi,primary)=3.11 | Changizi2005(Changizi,primary)=3.11"
"Antidorcas marsupialis","Brain_Mass_excl_olfactory_bulb",3,2,105.081,1.04,"","HerculanoHouzel2015(HerculanoHouzel,primary)=106.07 | Kazu2014(Kazu,primary)=102.10 | Kazu2015(Kazu,primary)=106.07"
"Atelerix algirus","Brain_Mass_measured",3,1,3.4333,1.11,"","Stephan1981(Stephan_collection,primary)=3.20 | Stephan1970(Stephan_collection,primary)=3.55 | Stephan1970(Stephan_collection,primary)=3.55"
"Avahi occidentalis","Brain_Mass_measured",3,2,9.67,1,"","Stephan1981(Stephan_collection,primary)=9.67 | Lewitus2014(Lewitus,secondary)=9.69 | Lewitus2013(Lewitus,secondary)=9.69"
"Bos taurus","Brain_Mass_measured",3,3,540,1.18,"","Garwicz2009(Garwicz,secondary)=456.00 | Lewitus2013(Lewitus,secondary)=462.00 | Brodmann1913(Brodmann,primary)=540.00"
"Choloepus didactylus","Brain_Mass_measured",3,2,36,10,"DISAGREEMENT>2x","Karl2024(Karl,primary)=36.00 | Lewitus2014(Lewitus,secondary)=7.70 | Lewitus2013(Lewitus,secondary)=77.00"
"Chrysochloris stuhlmanni","Brain_Mass_measured",3,1,0.74,1,"","Stephan1981(Stephan_collection,primary)=0.74 | Stephan1970(Stephan_collection,primary)=0.74 | Stephan1970(Stephan_collection,primary)=0.74"
"Crocidura russula","Brain_Mass_measured",3,1,0.19,1,"","Stephan1981(Stephan_collection,primary)=0.19 | Stephan1970(Stephan_collection,primary)=0.19 | Stephan1970(Stephan_collection,primary)=0.19"
"Damaliscus pygargus phillipsi","Brain_Mass_excl_olfactory_bulb",3,2,154.805,1,"","HerculanoHouzel2015(HerculanoHouzel,primary)=154.72 | Kazu2014(Kazu,primary)=155.07 | Kazu2015(Kazu,primary)=154.72"
"Desmana moschata","Brain_Mass_measured",3,1,4,1,"","Stephan1981(Stephan_collection,primary)=4.00 | Stephan1970(Stephan_collection,primary)=4.00 | Stephan1970(Stephan_collection,primary)=4.00"
"Didelphis marsupialis","Brain_Mass_measured",3,2,5.736,1.22,"","Finlay2006(Finlay,primary)=6.30 | Changizi2005(Changizi,primary)=5.17 | Changizi2005(Changizi,primary)=5.17"
"Didelphis virginiana","Brain_Mass_measured",3,2,4.36,1.54,"","Nudo1995(Nudo,primary)=4.36 | Lewitus2014(Lewitus,secondary)=6.72 | Lewitus2013(Lewitus,secondary)=6.72"
"Giraffa camelopardalis","Brain_Mass_excl_olfactory_bulb",3,2,534.92,1.02,"","HerculanoHouzel2015(HerculanoHouzel,primary)=537.22 | Kazu2014(Kazu,primary)=528.03 | Kazu2015(Kazu,primary)=537.22"
"Hemicentetes semispinosus","Brain_Mass_measured",3,1,0.83,1,"","Stephan1981(Stephan_collection,primary)=0.83 | Stephan1970(Stephan_collection,primary)=0.83 | Stephan1970(Stephan_collection,primary)=0.83"
"Lemur catta","Brain_Mass_measured",3,3,22.3,1.15,"","Karl2024(Karl,primary)=22.30 | Sherwood2003(Sherwood,secondary)=25.60 | Lewitus2014(Lewitus,secondary)=23.05"
"Leontopithecus rosalia","Brain_Mass_measured",3,2,12.7,1.01,"","Jacobs2018(Jacobs,info)=12.80 | Jacobs2018(Jacobs,info)=12.80 | Bauernfeind2013(Zilles,primary)=12.70"
"Loxodonta africana","Brain_Mass_measured",3,3,4835,1.17,"","Karl2024(Karl,primary)=4835.00 | Garwicz2009(Garwicz,secondary)=4480.00 | Lewitus2014(Lewitus,secondary)=5253.56"
"Microgale mergulus","Brain_Mass_measured",3,1,1.15,1,"","Stephan1981(Stephan_collection,primary)=1.15 | Stephan1970(Stephan_collection,primary)=1.15 | Stephan1970(Stephan_collection,primary)=1.15"
"Mustela putorius furo","Brain_Mass_measured",3,3,5.226,1.58,"","Garwicz2009(Garwicz,secondary)=7.10 | Changizi2005(Changizi,primary)=5.23 | Lewitus2013(Lewitus,secondary)=8.25"
"Nasalis larvatus","Brain_Mass_measured",3,2,97,1.51,"","Stephan1981(Stephan_collection,primary)=97.00 | deSousa2013(Zilles,secondary)=64.25 | Frahm1998(Stephan_collection,secondary)=97.00"
"Nesogale talazaci","Brain_Mass_measured",3,1,0.79,1,"","Stephan1981(Stephan_collection,primary)=0.79 | Stephan1970(Stephan_collection,primary)=0.79 | Stephan1970(Stephan_collection,primary)=0.79"
"Ovis aries","Brain_Mass_measured",3,3,118,1.19,"","Garwicz2009(Garwicz,secondary)=140.00 | Lewitus2014(Lewitus,secondary)=125.00 | Brodmann1913(Brodmann,primary)=118.00"
"Papio hamadryas","Brain_Mass_measured",3,2,170.55,1.14,"","Jacobs2018(Jacobs,info)=159.10 | Jacobs2018(Jacobs,info)=159.10 | Lewitus2014(Lewitus,secondary)=182.00"
"Phocoena phocoena","Brain_Mass_measured",3,3,455,1.18,"","Manger2006(Manger,secondary)=477.00 | Lewitus2014(Lewitus,secondary)=537.00 | Brodmann1913(Brodmann,primary)=455.00"
"Rattus norvegicus","Brain_Mass_mass_or_volume",3,2,1.724,5.74,"DISAGREEMENT>2x","Burger2019(Burger,secondary)=1.40 | Burger2019(Burger,secondary)=8.03 | HerculanoHouzel2015(HerculanoHouzel,primary)=1.72"
"Rhynchocyon cirnei","Brain_Mass_measured",3,1,6.1,1,"","Stephan1981(Stephan_collection,primary)=6.10 | Stephan1970(Stephan_collection,primary)=6.10 | Stephan1970(Stephan_collection,primary)=6.10"
"Setifer setosus","Brain_Mass_measured",3,1,1.51,1,"","Stephan1981(Stephan_collection,primary)=1.51 | Stephan1970(Stephan_collection,primary)=1.51 | Stephan1970(Stephan_collection,primary)=1.51"
"Solenodon paradoxus","Brain_Mass_measured",3,1,4.67,1,"","Stephan1981(Stephan_collection,primary)=4.67 | Stephan1970(Stephan_collection,primary)=4.67 | Stephan1970(Stephan_collection,primary)=4.67"
"Suncus murinus","Brain_Mass_measured",3,1,0.38,1,"","Stephan1981(Stephan_collection,primary)=0.38 | Stephan1970(Stephan_collection,primary)=0.38 | Stephan1970(Stephan_collection,primary)=0.38"
"Sus scrofa domesticus","Brain_Mass_excl_olfactory_bulb",3,2,62.5745,1.11,"","HerculanoHouzel2015(HerculanoHouzel,primary)=64.18 | Kazu2014(Kazu,primary)=57.76 | Kazu2015(Kazu,primary)=64.18"
"Tragelaphus strepsiceros","Brain_Mass_excl_olfactory_bulb",3,2,307.2755,1.01,"","HerculanoHouzel2015(HerculanoHouzel,primary)=306.86 | Kazu2014(Kazu,primary)=308.52 | Kazu2015(Kazu,primary)=306.86"
"Trichechus manatus","Brain_Mass_measured",3,2,350,1.09,"","Karl2024(Karl,primary)=350.00 | Lewitus2014(Lewitus,secondary)=382.00 | Lewitus2013(Lewitus,secondary)=382.00"
"Tursiops truncatus","Brain_Mass_measured",3,2,1509.5,1.03,"","Manger2006(Manger,secondary)=1530.00 | Lewitus2014(Lewitus,secondary)=1489.00 | Lewitus2013(Lewitus,secondary)=1489.00"
"Urogale everetti","Brain_Mass_measured",3,1,4.28,1,"","Stephan1981(Stephan_collection,primary)=4.28 | Stephan1970(Stephan_collection,primary)=4.28 | Stephan1970(Stephan_collection,primary)=4.28"
"Alouatta palliata","Brain_Mass_measured",2,1,52.75,1,"","Lewitus2014(Lewitus,secondary)=52.75 | Lewitus2013(Lewitus,secondary)=52.75"
"Amblonyx cinereus","Brain_Mass_measured",2,1,38.1,1,"","Jacobs2018(Jacobs,info)=38.10 | Jacobs2018(Jacobs,info)=38.10"
"Aotus trivirgatus","Brain_Mass_mass_or_volume",2,2,15.75,1.02,"","Burger2019(Burger,secondary)=16.04 | HerculanoHouzel2015(HerculanoHouzel,primary)=15.75"
"Atelerix albiventris","Brain_Mass_measured",2,2,2.2865,2.52,"DISAGREEMENT>2x","Nudo1995(Nudo,primary)=1.30 | Changizi2005(Changizi,primary)=3.27"
"Blarina brevicauda","Brain_Mass_mass_or_volume",2,2,0.34,1.17,"","Burger2019(Burger,secondary)=0.29 | HerculanoHouzel2015(HerculanoHouzel,primary)=0.34"
"Bos taurus","Brain_Mass_mass_or_volume",2,2,486,1.07,"","Burger2019(Burger,secondary)=452.80 | HerculanoHouzel2015(HerculanoHouzel,primary)=486.00"
"Callorhinus ursinus","Brain_Mass_measured",2,1,328.6,1,"","Jacobs2018(Jacobs,info)=328.60 | Jacobs2018(Jacobs,info)=328.60"
"Capra hircus","Brain_Mass_measured",2,2,105,1.01,"","Lewitus2013(Lewitus,secondary)=106.00 | Brodmann1913(Brodmann,primary)=105.00"
"Caracal caracal","Brain_Mass_measured",2,1,55.3,1,"","Jacobs2018(Jacobs,info)=55.30 | Jacobs2018(Jacobs,info)=55.30"
"Castor canadensis","Brain_Mass_measured",2,1,41.1683,1,"","Lewitus2014(Lewitus,secondary)=41.17 | Lewitus2013(Lewitus,secondary)=41.17"
"Cavia porcellus","Brain_Mass_mass_or_volume",2,2,3.656,1.32,"","Burger2019(Burger,secondary)=4.83 | HerculanoHouzel2015(HerculanoHouzel,primary)=3.66"
"Chlorocebus pygerythrus","Brain_Mass_measured",2,1,71.8,1,"","Jacobs2018(Jacobs,info)=71.80 | Jacobs2018(Jacobs,info)=71.80"
"Cock (Gallus domest.)","Brain_Mass_measured",2,1,7.59,3.13,"DISAGREEMENT>2x","Krompecher1966(Krompecher,secondary)=11.50 | Krompecher1966(Krompecher,secondary)=3.68"
"Colobus angolensis","Brain_Mass_measured",2,1,74.4,1,"","Bauernfeind2013(Zilles,primary)=74.40 | deSousa2013(Zilles,secondary)=74.40"
"Condylura cristata","Brain_Mass_mass_or_volume",2,2,0.802,1.71,"","Burger2019(Burger,secondary)=1.37 | HerculanoHouzel2015(HerculanoHouzel,primary)=0.80"
"Crocuta crocuta","Brain_Mass_measured",2,1,153.2675,1,"","Lewitus2014(Lewitus,secondary)=153.26 | Lewitus2013(Lewitus,secondary)=153.27"
"Cryptotis parva","Brain_Mass_measured",2,2,0.165,3.13,"DISAGREEMENT>2x","Nudo1995(Nudo,primary)=0.08 | Finlay2006(Finlay,primary)=0.25"
"Cynictis penicillata","Brain_Mass_measured",2,1,12.51,1,"","Lewitus2014(Lewitus,secondary)=12.51 | Lewitus2013(Lewitus,secondary)=12.51"
"Delphinus delphis","Brain_Mass_measured",2,2,873,1.28,"","Manger2006(Manger,secondary)=765.00 | Lewitus2014(Lewitus,secondary)=981.00"
"Dog (Canis familiaris)","Brain_Mass_measured",2,1,72.5,1.34,"","Krompecher1966(Krompecher,secondary)=62.00 | Krompecher1966(Krompecher,secondary)=83.00"
"Equus burchelli","Brain_Mass_mass_or_volume",2,1,587,1.09,"","Burger2019(Burger,secondary)=562.00 | Burger2019(Burger,secondary)=612.00"
"Erinaceus europaeus","Brain_Mass_mass_or_volume",2,2,3.23,1.14,"","Burger2019(Burger,secondary)=3.67 | HerculanoHouzel2015(HerculanoHouzel,primary)=3.23"
"Eulemur mongoz","Brain_Mass_measured",2,1,20.75,1,"","Lewitus2014(Lewitus,secondary)=20.75 | Lewitus2013(Lewitus,secondary)=20.75"
"Giraffa camelopardalis","Brain_Mass_mass_or_volume",2,2,537,1.3,"","Burger2019(Burger,secondary)=700.00 | HerculanoHouzel2015(HerculanoHouzel,primary)=537.00"
"Grampus griseus","Brain_Mass_measured",2,2,2098.084,1.55,"","Manger2006(Manger,secondary)=2551.00 | Lewitus2014(Lewitus,secondary)=1645.17"
"Grey rat (Mus decomanus gris)","Brain_Mass_measured",2,1,1.705,1.05,"","Krompecher1966(Krompecher,secondary)=1.66 | Krompecher1966(Krompecher,secondary)=1.75"
"Hapalemur simus","Brain_Mass_measured",2,1,9.53,1,"","Stephan1970(Stephan_collection,primary)=9.53 | Stephan1970(Stephan_collection,primary)=9.53"
"Hemiechinus auritus","Brain_Mass_measured",2,2,1.4325,1.97,"","Nudo1995(Nudo,primary)=0.96 | Stephan1981(Stephan_collection,primary)=1.90"
"Homo sapiens","Brain_Mass_mass_or_volume",2,2,1509,1.21,"","Burger2019(Burger,secondary)=1250.43 | HerculanoHouzel2015(HerculanoHouzel,primary)=1509.00"
"Hydrochoerus hydrochaeris","Brain_Mass_measured",2,1,63.5,1,"","Lewitus2014(Lewitus,secondary)=63.50 | Lewitus2013(Lewitus,secondary)=63.50"
"Hylobates muelleri","Brain_Mass_measured",2,1,101.8,1,"","Bauernfeind2013(Zilles,primary)=101.80 | deSousa2013(Zilles,secondary)=101.80"
"Loxodonta africana","Brain_Mass_mass_or_volume",2,2,4618,1.18,"","Burger2019(Burger,secondary)=5436.40 | HerculanoHouzel2015(HerculanoHouzel,primary)=4618.00"
"Lycaon pictus","Brain_Mass_measured",2,1,141.5,1,"","Jacobs2018(Jacobs,info)=141.50 | Jacobs2018(Jacobs,info)=141.50"
"Macaca mulatta","Brain_Mass_mass_or_volume",2,2,87.346,1.01,"","Burger2019(Burger,secondary)=87.99 | HerculanoHouzel2015(HerculanoHouzel,primary)=87.35"
"Macaca radiata","Brain_Mass_mass_or_volume",2,2,61.47,1.13,"","Burger2019(Burger,secondary)=69.40 | HerculanoHouzel2015(HerculanoHouzel,primary)=61.47"
"Macaca radiata","Brain_Mass_measured",2,1,24.9,1.01,"","Turner2016(Turner,info)=25.00 | Turner2016(Turner,info)=24.80"
"Macropus fuliginosus","Brain_Mass_measured",2,1,64.8,1,"","Lewitus2014(Lewitus,secondary)=64.80 | Lewitus2013(Lewitus,secondary)=64.80"
"Mandrillus sphinx","Brain_Mass_measured",2,2,158,1.01,"","Lewitus2014(Lewitus,secondary)=159.40 | Brodmann1913(Brodmann,primary)=158.00"
"Mesocricetus auratus","Brain_Mass_mass_or_volume",2,2,0.965,1.04,"","Burger2019(Burger,secondary)=1.00 | HerculanoHouzel2015(HerculanoHouzel,primary)=0.96"
"Mesocricetus auratus","Brain_Mass_measured",2,2,1.065,1.11,"","Garwicz2009(Garwicz,secondary)=1.12 | Lewitus2014(Lewitus,secondary)=1.01"
"Mungos mungo","Brain_Mass_measured",2,1,10.5,1,"","Jacobs2018(Jacobs,info)=10.50 | Jacobs2018(Jacobs,info)=10.50"
"Mus musculus","Brain_Mass_mass_or_volume",2,2,0.402,1.01,"","Burger2019(Burger,secondary)=0.40 | HerculanoHouzel2015(HerculanoHouzel,primary)=0.40"
"Notamacropus rufogriseus","Brain_Mass_measured",2,2,28.2,1.34,"","Karl2024(Karl,primary)=28.20 | Lewitus2014(Lewitus,secondary)=37.80"
"Ornithorhynchus anatinus","Brain_Mass_measured",2,2,8.75,1.06,"","Changizi2005(Changizi,primary)=9.00 | Brodmann1913(Brodmann,primary)=8.50"
"Oryctolagus cuniculus","Brain_Mass_mass_or_volume",2,2,7.1,1.56,"","Burger2019(Burger,secondary)=11.09 | HerculanoHouzel2015(HerculanoHouzel,primary)=7.10"
"Pagophilus groenlandicus","Brain_Mass_measured",2,1,276,1,"","Jacobs2018(Jacobs,info)=276.00 | Jacobs2018(Jacobs,info)=276.00"
"Panthera pardus orientalis","Brain_Mass_measured",2,1,125.5,1,"","Jacobs2018(Jacobs,info)=125.50 | Jacobs2018(Jacobs,info)=125.50"
"Panthera tigris altaica","Brain_Mass_measured",2,1,279.3,1,"","Jacobs2018(Jacobs,info)=279.30 | Jacobs2018(Jacobs,info)=279.30"
"Papio cynocephalus","Brain_Mass_mass_or_volume",2,2,151.19,1.03,"","Burger2019(Burger,secondary)=156.10 | HerculanoHouzel2015(HerculanoHouzel,primary)=151.19"
"Papio ursinus","Brain_Mass_measured",2,1,214.4,1,"","Jacobs2018(Jacobs,info)=214.40 | Jacobs2018(Jacobs,info)=214.40"
"Phoca vitulina","Brain_Mass_measured",2,1,273.75,1,"","Lewitus2014(Lewitus,secondary)=273.75 | Lewitus2013(Lewitus,secondary)=273.75"
"Pigeon (Columba domest.)","Brain_Mass_measured",2,1,1.91,1.13,"","Krompecher1966(Krompecher,secondary)=2.03 | Krompecher1966(Krompecher,secondary)=1.79"
"Pongo sp.","Brain_Mass_measured",2,1,345.9,1.07,"","Bauernfeind2013(Zilles,primary)=358.00 | Bauernfeind2013(Zilles,primary)=333.80"
"Pteropus giganteus","Brain_Mass_measured",2,1,9,1,"","Lewitus2014(Lewitus,secondary)=9.00 | Lewitus2013(Lewitus,secondary)=9.00"
"Saimiri boliviensis","Brain_Mass_measured",2,1,25.5,1,"","Jacobs2018(Jacobs,info)=25.50 | Jacobs2018(Jacobs,info)=25.50"
"Saimiri sciureus","Brain_Mass_mass_or_volume",2,2,30.216,1.29,"","Burger2019(Burger,secondary)=23.35 | HerculanoHouzel2015(HerculanoHouzel,primary)=30.22"
"Sapajus apella","Brain_Mass_mass_or_volume",2,2,52.508,1.36,"","Burger2019(Burger,secondary)=71.30 | HerculanoHouzel2015(HerculanoHouzel,primary)=52.51"
"Scalopus aquaticus","Brain_Mass_mass_or_volume",2,2,0.999,1.48,"","Burger2019(Burger,secondary)=1.48 | HerculanoHouzel2015(HerculanoHouzel,primary)=1.00"
"Sus scrofa","Brain_Mass_mass_or_volume",2,2,64.18,2.65,"DISAGREEMENT>2x","Burger2019(Burger,secondary)=169.80 | HerculanoHouzel2015(HerculanoHouzel,primary)=64.18"
"Sus scrofa","Brain_Mass_measured",2,2,112,122.9,"DISAGREEMENT>2x","Lewitus2013(Lewitus,secondary)=13765.00 | Brodmann1913(Brodmann,primary)=112.00"
"Swallow (Hirundo rustica)","Brain_Mass_measured",2,1,0.5135,1.09,"","Krompecher1966(Krompecher,secondary)=0.54 | Krompecher1966(Krompecher,secondary)=0.49"
"Symphalangus syndactylus","Brain_Mass_measured",2,1,138.7,1,"","deSousa2010(Zilles,primary)=138.70 | Bauernfeind2013(Zilles,primary)=138.70"
"Tachyglossus aculeatus","Brain_Mass_measured",2,2,11,2.5,"DISAGREEMENT>2x","Changizi2005(Changizi,primary)=11.00 | Lewitus2014(Lewitus,secondary)=27.50"
"Tarsius sp.","Brain_Mass_measured",2,1,3.6,1,"","Stephan1981(Stephan_collection,primary)=3.60 | Frahm1998(Stephan_collection,secondary)=3.60"
"Ursus maritimus","Brain_Mass_measured",2,1,472.68,1,"","Lewitus2014(Lewitus,secondary)=472.68 | Lewitus2013(Lewitus,secondary)=472.68"
"Vulpes vulpes","Brain_Mass_measured",2,1,45.6283,1,"","Lewitus2014(Lewitus,secondary)=45.63 | Lewitus2013(Lewitus,secondary)=45.63"
"White mouse (mus musculus albus)","Brain_Mass_measured",2,1,0.4275,1.01,"","Krompecher1966(Krompecher,secondary)=0.42 | Krompecher1966(Krompecher,secondary)=0.43"
"White rat (Mus decom. alb.)","Brain_Mass_measured",2,1,1.8615,1.08,"","Krompecher1966(Krompecher,secondary)=1.93 | Krompecher1966(Krompecher,secondary)=1.79"
"Zalophus californianus","Brain_Mass_measured",2,1,363,1,"","Lewitus2014(Lewitus,secondary)=363.00 | Lewitus2013(Lewitus,secondary)=363.00"
