"data_file","data_filename"
"____Collections and Specimen notes/Disco_study_list_public.csv","Disco_study_list_public.csv"
"__merging_brain_mass/brain_mass_source_columns.csv","brain_mass_source_columns.csv"
"__merging_cellcounts/standardized_term_by_reference/AvelinodeSouza_etal_2025_TABLE1_standardized_terms.csv","AvelinodeSouza_etal_2025_TABLE1_standardized_terms.csv"
"__merging_cellcounts/standardized_term_by_reference/Burish_etal_2010_Table1_standardized_terms.csv","Burish_etal_2010_Table1_standardized_terms.csv"
"__merging_cellcounts/standardized_term_by_reference/DosSantos_etal_2017_TableS1_standardized_terms.csv","DosSantos_etal_2017_TableS1_standardized_terms.csv"
"__merging_cellcounts/standardized_term_by_reference/DosSantos_etal_2020_Table1_standardized_terms.csv","DosSantos_etal_2020_Table1_standardized_terms.csv"
"__merging_cellcounts/standardized_term_by_reference/DosSantos_etal_2020_unpublished_standardized_terms.csv","DosSantos_etal_2020_unpublished_standardized_terms.csv"
"__merging_cellcounts/standardized_term_by_reference/Gabi_etal_2016_Table1_standardized_terms.csv","Gabi_etal_2016_Table1_standardized_terms.csv"
"__merging_cellcounts/standardized_term_by_reference/HerculanoHouzel_etal_2013_Table1-a_standardized_terms.csv","HerculanoHouzel_etal_2013_Table1-a_standardized_terms.csv"
"__merging_cellcounts/standardized_term_by_reference/HerculanoHouzel_etal_2015_Table1_standardized_terms.csv","HerculanoHouzel_etal_2015_Table1_standardized_terms.csv"
"__merging_cellcounts/standardized_term_by_reference/HerculanoHouzel_etal_2015_Table2_standardized_terms.csv","HerculanoHouzel_etal_2015_Table2_standardized_terms.csv"
"__merging_cellcounts/standardized_term_by_reference/HerculanoHouzel_etal_2015_Table3_standardized_terms.csv","HerculanoHouzel_etal_2015_Table3_standardized_terms.csv"
"__merging_cellcounts/standardized_term_by_reference/HerculanoHouzel_etal_2015_Table4_standardized_terms.csv","HerculanoHouzel_etal_2015_Table4_standardized_terms.csv"
"__merging_cellcounts/standardized_term_by_reference/HerculanoHouzel_etal_2015_Table5_standardized_terms.csv","HerculanoHouzel_etal_2015_Table5_standardized_terms.csv"
"__merging_cellcounts/standardized_term_by_reference/HerculanoHouzel_etal_2020_TABLE1_standardized_terms.csv","HerculanoHouzel_etal_2020_TABLE1_standardized_terms.csv"
"__merging_cellcounts/standardized_term_by_reference/HerculanoHouzel_etal_2020_TABLE2_standardized_terms.csv","HerculanoHouzel_etal_2020_TABLE2_standardized_terms.csv"
"__merging_cellcounts/standardized_term_by_reference/JardimMesseder_etal_2017_Table1_standardized_terms.csv","JardimMesseder_etal_2017_Table1_standardized_terms.csv"
"__merging_cellcounts/standardized_term_by_reference/Kazu_etal_2014_Table1_standardized_terms.csv","Kazu_etal_2014_Table1_standardized_terms.csv"
"__merging_cellcounts/standardized_term_by_reference/Kazu_etal_2015_TABLE1_standardized_terms.csv","Kazu_etal_2015_TABLE1_standardized_terms.csv"
"__merging_cellcounts/standardized_term_by_reference/Kverkova_etal_2018_TableS1_standardized_terms.csv","Kverkova_etal_2018_TableS1_standardized_terms.csv"
"__merging_cellcounts/standardized_term_by_reference/Kverkova_etal_2018_TableS5_standardized_terms.csv","Kverkova_etal_2018_TableS5_standardized_terms.csv"
"__merging_cerebral_metabolic_rate/standardized_term_by_reference/Heiss_etal_2004_TABLE1_standardized_terms.csv","Heiss_etal_2004_TABLE1_standardized_terms.csv"
"__merging_cerebral_metabolic_rate/standardized_term_by_reference/Karbowski__2007_TableS1-S23_standardized_terms.csv","Karbowski__2007_TableS1-S23_standardized_terms.csv"
"__merging_cerebral_metabolic_rate/standardized_term_by_reference/Kaufman__2004_TableA1-A14_standardized_terms.csv","Kaufman__2004_TableA1-A14_standardized_terms.csv"
"__merging_cortical_areas/cortical_areas_definitions.csv","cortical_areas_definitions.csv"
"__merging_cortical_areas/standardized_term_by_reference/Brodmann__1913_Table1_standardized_terms.csv","Brodmann__1913_Table1_standardized_terms.csv"
"__merging_cortical_areas/standardized_term_by_reference/Changizi__2001_Figure3_standardized_terms.csv","Changizi__2001_Figure3_standardized_terms.csv"
"__merging_cortical_areas/standardized_term_by_reference/Changizi_Shimojo_2005_Table1_standardized_terms.csv","Changizi_Shimojo_2005_Table1_standardized_terms.csv"
"__merging_cortical_areas/standardized_term_by_reference/Collins_etal_2010_DatasetS1_standardized_terms.csv","Collins_etal_2010_DatasetS1_standardized_terms.csv"
"__merging_cortical_areas/standardized_term_by_reference/Collins_etal_2016_Table1_standardized_terms.csv","Collins_etal_2016_Table1_standardized_terms.csv"
"__merging_cortical_areas/standardized_term_by_reference/Finlay_etal_2006_Table6.1_standardized_terms.csv","Finlay_etal_2006_Table6.1_standardized_terms.csv"
"__merging_cortical_areas/standardized_term_by_reference/Krubitzer_Kaas_1990_Table1_standardized_terms.csv","Krubitzer_Kaas_1990_Table1_standardized_terms.csv"
"__merging_cortical_areas/standardized_term_by_reference/Mota_etal_2019_SupplementaryTableS1_standardized_terms.csv","Mota_etal_2019_SupplementaryTableS1_standardized_terms.csv"
"__merging_cortical_areas/standardized_term_by_reference/Mota_Herculano-Houzel_2015_TableS1_standardized_terms.csv","Mota_Herculano-Houzel_2015_TableS1_standardized_terms.csv"
"__merging_cortical_areas/standardized_term_by_reference/Smaers_etal_2017_TableS1part2_standardized_terms.csv","Smaers_etal_2017_TableS1part2_standardized_terms.csv"
"__merging_cortical_areas/standardized_term_by_reference/Turner_etal_2016_Table1_standardized_terms.csv","Turner_etal_2016_Table1_standardized_terms.csv"
"__merging_cortical_areas/standardized_term_by_reference/Young_etal_2013_Table1_standardized_terms.csv","Young_etal_2013_Table1_standardized_terms.csv"
"__merging_cortical_layers/__ReadMe_rows_to_add_cortical_layers.csv","__ReadMe_rows_to_add_cortical_layers.csv"
"__merging_cortical_layers/cortical_layers_definitions.csv","cortical_layers_definitions.csv"
"__merging_endocranial_volume/endocranial_volume_dedupe_report.csv","endocranial_volume_dedupe_report.csv"
"__merging_endocranial_volume/endocranial_volume_team_comparison.csv","endocranial_volume_team_comparison.csv"
"__merging_endocranial_volume/endocranial_volume_unfiltered.csv","endocranial_volume_unfiltered.csv"
"__merging_endocranial_volume/endocranial_volume_wide.csv","endocranial_volume_wide.csv"
"__merging_GLI/GLI_long.csv","GLI_long.csv"
"__merging_GLI/GLI_species_area_stratum_comparison_qa_long.csv","GLI_species_area_stratum_comparison_qa_long.csv"
"__merging_GLI/GLI_species_area_stratum_comparison_qa_wide.csv","GLI_species_area_stratum_comparison_qa_wide.csv"
"__merging_gyrification/standardized_term_by_reference/Lewitus_etal_2014_TableS1_standardized_terms.csv","Lewitus_etal_2014_TableS1_standardized_terms.csv"
"__merging_gyrification/standardized_term_by_reference/Lewitus_etal_2014_TableS8_standardized_terms.csv","Lewitus_etal_2014_TableS8_standardized_terms.csv"
"__merging_gyrification/standardized_term_by_reference/Zilles_etal_2013_Table1_standardized_terms.csv","Zilles_etal_2013_Table1_standardized_terms.csv"
"__merging_sensory/comparison_vs_SensoryData_compiled.csv","comparison_vs_SensoryData_compiled.csv"
"__merging_sensory/standardized_term_by_reference/Heffner_etal_2020_Figure3_standardized_terms.csv","Heffner_etal_2020_Figure3_standardized_terms.csv"
"__merging_sensory/standardized_term_by_reference/Heffner_Heffner_1992_a_Table1_standardized_terms.csv","Heffner_Heffner_1992_a_Table1_standardized_terms.csv"
"__merging_sensory/standardized_term_by_reference/Koay_etal_1998_Figure6_standardized_terms.csv","Koay_etal_1998_Figure6_standardized_terms.csv"
"__merging_sensory/standardized_term_by_reference/Veilleux_Kirk_2014_SupplementalTable1_standardized_terms.csv","Veilleux_Kirk_2014_SupplementalTable1_standardized_terms.csv"
"__merging_sleep/standardized_term_by_reference/Capellini_etal_2008_Table_standardized_terms.csv","Capellini_etal_2008_Table_standardized_terms.csv"
"__merging_sleep/standardized_term_by_reference/Eagleman_Vaughn_2021_TABLE1_standardized_terms.csv","Eagleman_Vaughn_2021_TABLE1_standardized_terms.csv"
"__merging_sleep/standardized_term_by_reference/HerculanoHouzel__2015_Table1_standardized_terms.csv","HerculanoHouzel__2015_Table1_standardized_terms.csv"
"__merging_sleep/standardized_term_by_reference/Lyamin_etal_2008_Table2_standardized_terms.csv","Lyamin_etal_2008_Table2_standardized_terms.csv"
"__merging_sleep/standardized_term_by_reference/Ruf_Geiser_2015_Table1_standardized_terms.csv","Ruf_Geiser_2015_Table1_standardized_terms.csv"
"__merging_volumes/_prerun_backup_2026-07-05/DeCasien_vs_merge_comparison.csv","DeCasien_vs_merge_comparison.csv"
"__merging_volumes/_prerun_backup_2026-07-05/DeCasien_vs_merge_comparison.HANDEDIT.csv","DeCasien_vs_merge_comparison.HANDEDIT.csv"
"__merging_volumes/_prerun_backup_provenance_2026-08-10/volumes_long_DeCasien.csv","volumes_long_DeCasien.csv"
"__merging_volumes/_prerun_backup_provenance_2026-08-10/volumes_unfiltered_select.csv","volumes_unfiltered_select.csv"
"__merging_volumes/_prerun_backup_smaers2011_2026-08-12/volumes_source_species_ids_select.csv","volumes_source_species_ids_select.csv"
"__merging_volumes/_prerun_backup_smaers2011_2026-08-12/volumes_species_sources_select.csv","volumes_species_sources_select.csv"
"__merging_volumes/_prerun_backup_smaers2011_2026-08-12/volumes_unfiltered_select.csv","volumes_unfiltered_select.csv"
"__merging_volumes/compare_to_reference_substantive_select.csv","compare_to_reference_substantive_select.csv"
"__merging_volumes/standardized_term_by_reference/Ashwell__2020_SupplementaryTable_standardized_terms.csv","Ashwell__2020_SupplementaryTable_standardized_terms.csv"
"__merging_volumes/standardized_term_by_reference/Barger_etal_2007_TABLE1_standardized_terms.csv","Barger_etal_2007_TABLE1_standardized_terms.csv"
"__merging_volumes/standardized_term_by_reference/Barger_etal_2014_Table1_standardized_terms.csv","Barger_etal_2014_Table1_standardized_terms.csv"
"__merging_volumes/standardized_term_by_reference/Barks_etal_2014_Fig4A_standardized_terms.csv","Barks_etal_2014_Fig4A_standardized_terms.csv"
"__merging_volumes/standardized_term_by_reference/Barks_etal_2014_TABLE1_standardized_terms.csv","Barks_etal_2014_TABLE1_standardized_terms.csv"
"__merging_volumes/standardized_term_by_reference/Barks_etal_2014_unpublishedviaDeCasien_standardized_terms.csv","Barks_etal_2014_unpublishedviaDeCasien_standardized_terms.csv"
"__merging_volumes/standardized_term_by_reference/Baron_etal_1983_Table1_standardized_terms.csv","Baron_etal_1983_Table1_standardized_terms.csv"
"__merging_volumes/standardized_term_by_reference/Baron_etal_1987_Table1_standardized_terms.csv","Baron_etal_1987_Table1_standardized_terms.csv"
"__merging_volumes/standardized_term_by_reference/Baron_etal_1988_Table1_standardized_terms.csv","Baron_etal_1988_Table1_standardized_terms.csv"
"__merging_volumes/standardized_term_by_reference/Baron_etal_1990_Table1_standardized_terms.csv","Baron_etal_1990_Table1_standardized_terms.csv"
"__merging_volumes/standardized_term_by_reference/Bauernfeind_etal_2013_Table1_standardized_terms.csv","Bauernfeind_etal_2013_Table1_standardized_terms.csv"
"__merging_volumes/standardized_term_by_reference/Bauernfeind_etal_2013_Table2_standardized_terms.csv","Bauernfeind_etal_2013_Table2_standardized_terms.csv"
"__merging_volumes/standardized_term_by_reference/Bush_Allman_2003_Table1_standardized_terms.csv","Bush_Allman_2003_Table1_standardized_terms.csv"
"__merging_volumes/standardized_term_by_reference/Bush_Allman_2004_a_Table2_standardized_terms.csv","Bush_Allman_2004_a_Table2_standardized_terms.csv"
"__merging_volumes/standardized_term_by_reference/Bush_Allman_2004_b_TABLE1_standardized_terms.csv","Bush_Allman_2004_b_TABLE1_standardized_terms.csv"
"__merging_volumes/standardized_term_by_reference/deSousa_etal_2010_SupTable2_standardized_terms.csv","deSousa_etal_2010_SupTable2_standardized_terms.csv"
"__merging_volumes/standardized_term_by_reference/deSousa_etal_2010_Table1_standardized_terms.csv","deSousa_etal_2010_Table1_standardized_terms.csv"
"__merging_volumes/standardized_term_by_reference/deSousa_etal_2013_Table1_standardized_terms.csv","deSousa_etal_2013_Table1_standardized_terms.csv"
"__merging_volumes/standardized_term_by_reference/Frahm_etal_1982_Table2_standardized_terms.csv","Frahm_etal_1982_Table2_standardized_terms.csv"
"__merging_volumes/standardized_term_by_reference/Frahm_etal_1984_Table1_standardized_terms.csv","Frahm_etal_1984_Table1_standardized_terms.csv"
"__merging_volumes/standardized_term_by_reference/Frahm_etal_1997_Table1_standardized_terms.csv","Frahm_etal_1997_Table1_standardized_terms.csv"
"__merging_volumes/standardized_term_by_reference/Frahm_etal_1998_Table1_standardized_terms.csv","Frahm_etal_1998_Table1_standardized_terms.csv"
"__merging_volumes/standardized_term_by_reference/Frahm_Zilles_1994_Table1_standardized_terms.csv","Frahm_Zilles_1994_Table1_standardized_terms.csv"
"__merging_volumes/standardized_term_by_reference/Kverkova_etal_2018_TableS1_standardized_terms.csv","Kverkova_etal_2018_TableS1_standardized_terms.csv"
"__merging_volumes/standardized_term_by_reference/MacLeod_etal_2003__standardized_terms.csv","MacLeod_etal_2003__standardized_terms.csv"
"__merging_volumes/standardized_term_by_reference/MacLeod_etal_2003_Table1_standardized_terms.csv","MacLeod_etal_2003_Table1_standardized_terms.csv"
"__merging_volumes/standardized_term_by_reference/MacLeod_etal_2003_Table2_standardized_terms.csv","MacLeod_etal_2003_Table2_standardized_terms.csv"
"__merging_volumes/standardized_term_by_reference/Matano__1986_TableI_standardized_terms.csv","Matano__1986_TableI_standardized_terms.csv"
"__merging_volumes/standardized_term_by_reference/Matano__1992_Table1_standardized_terms.csv","Matano__1992_Table1_standardized_terms.csv"
"__merging_volumes/standardized_term_by_reference/Matano__1992_Table2_standardized_terms.csv","Matano__1992_Table2_standardized_terms.csv"
"__merging_volumes/standardized_term_by_reference/Matano__1992_Table3_standardized_terms.csv","Matano__1992_Table3_standardized_terms.csv"
"__merging_volumes/standardized_term_by_reference/Matano__1992_Table4_standardized_terms.csv","Matano__1992_Table4_standardized_terms.csv"
"__merging_volumes/standardized_term_by_reference/Matano_etal_1985_a_Table1_standardized_terms.csv","Matano_etal_1985_a_Table1_standardized_terms.csv"
"__merging_volumes/standardized_term_by_reference/Matano_etal_1985_b_Table1_standardized_terms.csv","Matano_etal_1985_b_Table1_standardized_terms.csv"
"__merging_volumes/standardized_term_by_reference/Reep_etal_2007_Table1_standardized_terms.csv","Reep_etal_2007_Table1_standardized_terms.csv"
"__merging_volumes/standardized_term_by_reference/Rilling_Insel_1998_Table1_standardized_terms.csv","Rilling_Insel_1998_Table1_standardized_terms.csv"
"__merging_volumes/standardized_term_by_reference/Rilling_Insel_1999_Table1_standardized_terms.csv","Rilling_Insel_1999_Table1_standardized_terms.csv"
"__merging_volumes/standardized_term_by_reference/Semendeferi_etal_1998_Table2_standardized_terms.csv","Semendeferi_etal_1998_Table2_standardized_terms.csv"
"__merging_volumes/standardized_term_by_reference/Semendeferi_etal_2001_Table2_standardized_terms.csv","Semendeferi_etal_2001_Table2_standardized_terms.csv"
"__merging_volumes/standardized_term_by_reference/Sherwood_etal_2004_TABLEI_standardized_terms.csv","Sherwood_etal_2004_TABLEI_standardized_terms.csv"
"__merging_volumes/standardized_term_by_reference/Sherwood_etal_2004_unpublishedviaDeCasien_standardized_terms.csv","Sherwood_etal_2004_unpublishedviaDeCasien_standardized_terms.csv"
"__merging_volumes/standardized_term_by_reference/Sherwood_etal_2005_Table1_standardized_terms.csv","Sherwood_etal_2005_Table1_standardized_terms.csv"
"__merging_volumes/standardized_term_by_reference/Smaers_etal_2011_SupplementaryTable1_standardized_terms.csv","Smaers_etal_2011_SupplementaryTable1_standardized_terms.csv"
"__merging_volumes/standardized_term_by_reference/Smaers_etal_2011_SupplementaryTable2_standardized_terms.csv","Smaers_etal_2011_SupplementaryTable2_standardized_terms.csv"
"__merging_volumes/standardized_term_by_reference/Smaers_etal_2017_TableS1part1_standardized_terms.csv","Smaers_etal_2017_TableS1part1_standardized_terms.csv"
"__merging_volumes/standardized_term_by_reference/Stephan_etal_1970_Table1_standardized_terms.csv","Stephan_etal_1970_Table1_standardized_terms.csv"
"__merging_volumes/standardized_term_by_reference/Stephan_etal_1970_Table2_standardized_terms.csv","Stephan_etal_1970_Table2_standardized_terms.csv"
"__merging_volumes/standardized_term_by_reference/Stephan_etal_1970_Table3_standardized_terms.csv","Stephan_etal_1970_Table3_standardized_terms.csv"
"__merging_volumes/standardized_term_by_reference/Stephan_etal_1970_Table4_standardized_terms.csv","Stephan_etal_1970_Table4_standardized_terms.csv"
"__merging_volumes/standardized_term_by_reference/Stephan_etal_1970_Table5_standardized_terms.csv","Stephan_etal_1970_Table5_standardized_terms.csv"
"__merging_volumes/standardized_term_by_reference/Stephan_etal_1970_Table6_standardized_terms.csv","Stephan_etal_1970_Table6_standardized_terms.csv"
"__merging_volumes/standardized_term_by_reference/Stephan_etal_1981_TableI_standardized_terms.csv","Stephan_etal_1981_TableI_standardized_terms.csv"
"__merging_volumes/standardized_term_by_reference/Stephan_etal_1981_TableII_standardized_terms.csv","Stephan_etal_1981_TableII_standardized_terms.csv"
"__merging_volumes/standardized_term_by_reference/Stephan_etal_1981_TableIII_standardized_terms.csv","Stephan_etal_1981_TableIII_standardized_terms.csv"
"__merging_volumes/standardized_term_by_reference/Stephan_etal_1981_TableIV_standardized_terms.csv","Stephan_etal_1981_TableIV_standardized_terms.csv"
"__merging_volumes/standardized_term_by_reference/Stephan_etal_1981_TableIX_standardized_terms.csv","Stephan_etal_1981_TableIX_standardized_terms.csv"
"__merging_volumes/standardized_term_by_reference/Stephan_etal_1981_TableV_standardized_terms.csv","Stephan_etal_1981_TableV_standardized_terms.csv"
"__merging_volumes/standardized_term_by_reference/Stephan_etal_1981_TableVI_standardized_terms.csv","Stephan_etal_1981_TableVI_standardized_terms.csv"
"__merging_volumes/standardized_term_by_reference/Stephan_etal_1981_TableVII_standardized_terms.csv","Stephan_etal_1981_TableVII_standardized_terms.csv"
"__merging_volumes/standardized_term_by_reference/Stephan_etal_1981_TableVIII_standardized_terms.csv","Stephan_etal_1981_TableVIII_standardized_terms.csv"
"__merging_volumes/standardized_term_by_reference/Stephan_etal_1981_TableX_standardized_terms.csv","Stephan_etal_1981_TableX_standardized_terms.csv"
"__merging_volumes/standardized_term_by_reference/Stephan_etal_1981_TableXI_standardized_terms.csv","Stephan_etal_1981_TableXI_standardized_terms.csv"
"__merging_volumes/standardized_term_by_reference/Stephan_etal_1981_TableXII_standardized_terms.csv","Stephan_etal_1981_TableXII_standardized_terms.csv"
"__merging_volumes/standardized_term_by_reference/Stephan_etal_1981_TableXIII_standardized_terms.csv","Stephan_etal_1981_TableXIII_standardized_terms.csv"
"__merging_volumes/standardized_term_by_reference/Stephan_etal_1981_TableXIV_standardized_terms.csv","Stephan_etal_1981_TableXIV_standardized_terms.csv"
"__merging_volumes/standardized_term_by_reference/Stephan_etal_1981_TableXV_standardized_terms.csv","Stephan_etal_1981_TableXV_standardized_terms.csv"
"__merging_volumes/standardized_term_by_reference/Stephan_etal_1981_TableXVI_standardized_terms.csv","Stephan_etal_1981_TableXVI_standardized_terms.csv"
"__merging_volumes/standardized_term_by_reference/Stephan_etal_1982_Table1_standardized_terms.csv","Stephan_etal_1982_Table1_standardized_terms.csv"
"__merging_volumes/standardized_term_by_reference/Stephan_etal_1984_Table1_standardized_terms.csv","Stephan_etal_1984_Table1_standardized_terms.csv"
"__merging_volumes/standardized_term_by_reference/Stephan_etal_1987_Table1_standardized_terms.csv","Stephan_etal_1987_Table1_standardized_terms.csv"
"__merging_volumes/standardized_term_by_reference/Stephan_etal_1988_TABLE1_standardized_terms.csv","Stephan_etal_1988_TABLE1_standardized_terms.csv"
"__merging_volumes/standardized_term_by_reference/Stimpson_etal_2015_TableS1_standardized_terms.csv","Stimpson_etal_2015_TableS1_standardized_terms.csv"
"__merging_volumes/standardized_term_by_reference/Stimpson_etal_2015_TableS2_standardized_terms.csv","Stimpson_etal_2015_TableS2_standardized_terms.csv"
"__merging_volumes/standardized_term_by_reference/Zilles_Rehkämper_1988_Table12-2_standardized_terms.csv","Zilles_Rehkämper_1988_Table12-2_standardized_terms.csv"
"__merging_volumes/volumes_source_species_ids_select.csv","volumes_source_species_ids_select.csv"
"__merging_volumes/volumes_species_sources_select.csv","volumes_species_sources_select.csv"
"__merging_volumes/volumes_unfiltered_select.csv","volumes_unfiltered_select.csv"
"__merging_weights/weights_long.csv","weights_long.csv"
"__merging_weights/weights_qa_dedupe.csv","weights_qa_dedupe.csv"
"__merging_weights/weights_wide.csv","weights_wide.csv"
"__Public/comparative-data/10.0001%2Fplaceholder_TABLEI.tsv","10.0001%2Fplaceholder_TABLEI.tsv"
"__Public/comparative-data/10.1002%2F(SICI)1096-8644(199806)106%3A2%3C129%3A%3AAID-AJPA3%3E3.0.CO;2-L_TABLE2.tsv","10.1002%2F(SICI)1096-8644(199806)106%3A2%3C129%3A%3AAID-AJPA3%3E3.0.CO;2-L_TABLE2.tsv"
"__Public/comparative-data/10.1002%2F(SICI)1096-8644(199806)106%3A2%3C129%3A%3AAID-AJPA3%3E3.0.CO;2-L_TABLE4.tsv","10.1002%2F(SICI)1096-8644(199806)106%3A2%3C129%3A%3AAID-AJPA3%3E3.0.CO;2-L_TABLE4.tsv"
"__Public/comparative-data/10.1002%2F1096-8644(200102)114%3A2%3C163%3A%3AAID-AJPA1016%3E3.0.CO;2-F_TABLE2.tsv","10.1002%2F1096-8644(200102)114%3A2%3C163%3A%3AAID-AJPA1016%3E3.0.CO;2-F_TABLE2.tsv"
"__Public/comparative-data/10.1002%2F1096-8644(200103)114%3A3%3C224%3A%3AAID-AJPA1022%3E3.0.CO;2-I_TABLE2.tsv","10.1002%2F1096-8644(200103)114%3A3%3C224%3A%3AAID-AJPA1022%3E3.0.CO;2-I_TABLE2.tsv"
"__Public/comparative-data/10.1002%2F1096-8644(200103)114%3A3%3C224%3A%3AAID-AJPA1022%3E3.0.CO;2-I_TABLE3.tsv","10.1002%2F1096-8644(200103)114%3A3%3C224%3A%3AAID-AJPA1022%3E3.0.CO;2-I_TABLE3.tsv"
"__Public/comparative-data/10.1002%2Fajp.20048_TABLEI.tsv","10.1002%2Fajp.20048_TABLEI.tsv"
"__Public/comparative-data/10.1002%2Fajp.20048_unpublishedviaDeCasien.tsv","10.1002%2Fajp.20048_unpublishedviaDeCasien.tsv"
"__Public/comparative-data/10.1002%2Fajpa.20684_TABLE1.tsv","10.1002%2Fajpa.20684_TABLE1.tsv"
"__Public/comparative-data/10.1002%2Fajpa.22646_Fig4A.tsv","10.1002%2Fajpa.22646_Fig4A.tsv"
"__Public/comparative-data/10.1002%2Fajpa.22646_Fig5A.tsv","10.1002%2Fajpa.22646_Fig5A.tsv"
"__Public/comparative-data/10.1002%2Fajpa.22646_TABLE1.tsv","10.1002%2Fajpa.22646_TABLE1.tsv"
"__Public/comparative-data/10.1002%2Fajpa.22646_TABLE2.tsv","10.1002%2Fajpa.22646_TABLE2.tsv"
"__Public/comparative-data/10.1002%2Fajpa.22646_unpublishedviaDeCasien.tsv","10.1002%2Fajpa.22646_unpublishedviaDeCasien.tsv"
"__Public/comparative-data/10.1002%2Far.a.20114_TABLE1.tsv","10.1002%2Far.a.20114_TABLE1.tsv"
"__Public/comparative-data/10.1002%2Far.a.20116_Table1.tsv","10.1002%2Far.a.20116_Table1.tsv"
"__Public/comparative-data/10.1002%2Fcne.23118_Table3.tsv","10.1002%2Fcne.23118_Table3.tsv"
"__Public/comparative-data/10.1002%2Fcne.23792_Table2.tsv","10.1002%2Fcne.23792_Table2.tsv"
"__Public/comparative-data/10.1002%2Fcne.24349_Table3.tsv","10.1002%2Fcne.24349_Table3.tsv"
"__Public/comparative-data/10.1002%2Fcne.24349_Table5.tsv","10.1002%2Fcne.24349_Table5.tsv"
"__Public/comparative-data/10.1002%2Fcne.24605_TABLE1.tsv","10.1002%2Fcne.24605_TABLE1.tsv"
"__Public/comparative-data/10.1002%2Fcne.24605_TABLE2.tsv","10.1002%2Fcne.24605_TABLE2.tsv"
"__Public/comparative-data/10.1002%2Fcne.24823_Table2.tsv","10.1002%2Fcne.24823_Table2.tsv"
"__Public/comparative-data/10.1002%2Fcne.24985_TABLE1.tsv","10.1002%2Fcne.24985_TABLE1.tsv"
"__Public/comparative-data/10.1002%2Fcne.24985_TABLE2.tsv","10.1002%2Fcne.24985_TABLE2.tsv"
"__Public/comparative-data/10.1002%2Fcne.25197_FIGURE4.tsv","10.1002%2Fcne.25197_FIGURE4.tsv"
"__Public/comparative-data/10.1002%2Fcne.25197_TABLE1.tsv","10.1002%2Fcne.25197_TABLE1.tsv"
"__Public/comparative-data/10.1002%2Fcne.25197_TABLE2.tsv","10.1002%2Fcne.25197_TABLE2.tsv"
"__Public/comparative-data/10.1002%2Fcne.25197_TABLE3.tsv","10.1002%2Fcne.25197_TABLE3.tsv"
"__Public/comparative-data/10.1002%2Fcne.70089_TABLE1.tsv","10.1002%2Fcne.70089_TABLE1.tsv"
"__Public/comparative-data/10.1002%2Fcne.901270108_Table2.tsv","10.1002%2Fcne.901270108_Table2.tsv"
"__Public/comparative-data/10.1002%2Fcne.903170302_Table1.tsv","10.1002%2Fcne.903170302_Table1.tsv"
"__Public/comparative-data/10.1002%2Fcne.903580203_TABLE1.tsv","10.1002%2Fcne.903580203_TABLE1.tsv"
"__Public/comparative-data/10.1002%2Fcne.903580203_TABLE2.tsv","10.1002%2Fcne.903580203_TABLE2.tsv"
"__Public/comparative-data/10.1002%2Fcne.903580203_TABLE3.tsv","10.1002%2Fcne.903580203_TABLE3.tsv"
"__Public/comparative-data/10.1002%2Fcne.903580203_TABLE4.tsv","10.1002%2Fcne.903580203_TABLE4.tsv"
"__Public/comparative-data/10.1002%2Fcne.903580203_TABLE5.tsv","10.1002%2Fcne.903580203_TABLE5.tsv"
"__Public/comparative-data/10.1006%2Fjhev.1996.0005_Table1.tsv","10.1006%2Fjhev.1996.0005_Table1.tsv"
"__Public/comparative-data/10.1006%2Fjhev.1999.0313_Table1.tsv","10.1006%2Fjhev.1999.0313_Table1.tsv"
"__Public/comparative-data/10.1006%2Fjhev.1999.0381_Table2.tsv","10.1006%2Fjhev.1999.0381_Table2.tsv"
"__Public/comparative-data/10.1006%2Fjtbi.2003.3125_Table1.tsv","10.1006%2Fjtbi.2003.3125_Table1.tsv"
"__Public/comparative-data/10.1007%2F978-1-4419-8873-7_20_Table1.tsv","10.1007%2F978-1-4419-8873-7_20_Table1.tsv"
"__Public/comparative-data/10.1007%2F978-1-4419-8873-7_20_Table2.tsv","10.1007%2F978-1-4419-8873-7_20_Table2.tsv"
"__Public/comparative-data/10.1007%2FBF00519885_Tables1-2.tsv","10.1007%2FBF00519885_Tables1-2.tsv"
"__Public/comparative-data/10.1007%2FBF00522811_Tables3-4.tsv","10.1007%2FBF00522811_Tables3-4.tsv"
"__Public/comparative-data/10.1007%2Fs00359-020-01424-8_Figure3.tsv","10.1007%2Fs00359-020-01424-8_Figure3.tsv"
"__Public/comparative-data/10.1007%2Fs004220000205_Figure3.tsv","10.1007%2Fs004220000205_Figure3.tsv"
"__Public/comparative-data/10.1007%2Fs10329-026-01271-2_data.tsv","10.1007%2Fs10329-026-01271-2_data.tsv"
"__Public/comparative-data/10.1016%2Fj.cortex.2018.09.008_TableS3.tsv","10.1016%2Fj.cortex.2018.09.008_TableS3.tsv"
"__Public/comparative-data/10.1016%2Fj.cortex.2019.04.011_S1.tsv","10.1016%2Fj.cortex.2019.04.011_S1.tsv"
"__Public/comparative-data/10.1016%2Fj.cortex.2019.04.011_Table1.tsv","10.1016%2Fj.cortex.2019.04.011_Table1.tsv"
"__Public/comparative-data/10.1016%2Fj.cub.2004.12.064_Fig2.tsv","10.1016%2Fj.cub.2004.12.064_Fig2.tsv"
"__Public/comparative-data/10.1016%2Fj.jhevol.2004.10.003_Table1.tsv","10.1016%2Fj.jhevol.2004.10.003_Table1.tsv"
"__Public/comparative-data/10.1016%2Fj.jhevol.2008.08.004_Table2.tsv","10.1016%2Fj.jhevol.2008.08.004_Table2.tsv"
"__Public/comparative-data/10.1016%2Fj.jhevol.2008.08.004_TableS1.tsv","10.1016%2Fj.jhevol.2008.08.004_TableS1.tsv"
"__Public/comparative-data/10.1016%2Fj.jhevol.2008.08.004_TableS2.tsv","10.1016%2Fj.jhevol.2008.08.004_TableS2.tsv"
"__Public/comparative-data/10.1016%2Fj.jhevol.2009.11.011_SupTable2.tsv","10.1016%2Fj.jhevol.2009.11.011_SupTable2.tsv"
"__Public/comparative-data/10.1016%2Fj.jhevol.2009.11.011_Table1.tsv","10.1016%2Fj.jhevol.2009.11.011_Table1.tsv"
"__Public/comparative-data/10.1016%2Fj.jhevol.2012.03.007_Table3.tsv","10.1016%2Fj.jhevol.2012.03.007_Table3.tsv"
"__Public/comparative-data/10.1016%2Fj.jhevol.2012.03.007_Table5.tsv","10.1016%2Fj.jhevol.2012.03.007_Table5.tsv"
"__Public/comparative-data/10.1016%2Fj.jhevol.2012.12.003_Table1.tsv","10.1016%2Fj.jhevol.2012.12.003_Table1.tsv"
"__Public/comparative-data/10.1016%2Fj.jhevol.2012.12.003_Table3.tsv","10.1016%2Fj.jhevol.2012.12.003_Table3.tsv"
"__Public/comparative-data/10.1016%2Fj.jhevol.2018.10.002_SOMTableS6.tsv","10.1016%2Fj.jhevol.2018.10.002_SOMTableS6.tsv"
"__Public/comparative-data/10.1016%2Fj.neubiorev.2008.05.023_Table1.tsv","10.1016%2Fj.neubiorev.2008.05.023_Table1.tsv"
"__Public/comparative-data/10.1016%2Fj.neubiorev.2008.05.023_Table2.tsv","10.1016%2Fj.neubiorev.2008.05.023_Table2.tsv"
"__Public/comparative-data/10.1016%2Fj.neubiorev.2022.104550_acuityblind.csv.tsv","10.1016%2Fj.neubiorev.2022.104550_acuityblind.csv.tsv"
"__Public/comparative-data/10.1016%2Fj.neuroimage.2023.120283_Fig.1.tsv","10.1016%2Fj.neuroimage.2023.120283_Fig.1.tsv"
"__Public/comparative-data/10.1016%2Fj.resp.2004.01.006_Table1.tsv","10.1016%2Fj.resp.2004.01.006_Table1.tsv"
"__Public/comparative-data/10.1016%2Fj.resp.2004.01.006_TableA.1.tsv","10.1016%2Fj.resp.2004.01.006_TableA.1.tsv"
"__Public/comparative-data/10.1016%2Fj.tree.2018.03.001_TableS1.tsv","10.1016%2Fj.tree.2018.03.001_TableS1.tsv"
"__Public/comparative-data/10.1016%2Fj.zool.2020.125753_SupplementaryTable.tsv","10.1016%2Fj.zool.2020.125753_SupplementaryTable.tsv"
"__Public/comparative-data/10.1016%2Fs0166-4328(98)00151-x_References.tsv","10.1016%2Fs0166-4328(98)00151-x_References.tsv"
"__Public/comparative-data/10.1016%2Fs0166-4328(98)00151-x_Table1.tsv","10.1016%2Fs0166-4328(98)00151-x_Table1.tsv"
"__Public/comparative-data/10.1017%2Fs0952523800000213_Table1.tsv","10.1017%2Fs0952523800000213_Table1.tsv"
"__Public/comparative-data/10.1017%2FS1464793106007019_Table1.tsv","10.1017%2FS1464793106007019_Table1.tsv"
"__Public/comparative-data/10.1037%2F0735-7036.112.4.371_Figure6.tsv","10.1037%2F0735-7036.112.4.371_Figure6.tsv"
"__Public/comparative-data/10.1037%2F0735-7036.115.1.29_Table1.tsv","10.1037%2F0735-7036.115.1.29_Table1.tsv"
"__Public/comparative-data/10.1037%2F0735-7036.115.1.29_Table2.tsv","10.1037%2F0735-7036.115.1.29_Table2.tsv"
"__Public/comparative-data/10.1037%2F0735-7036.115.1.29_Table3.tsv","10.1037%2F0735-7036.115.1.29_Table3.tsv"
"__Public/comparative-data/10.1037%2F0735-7036.115.1.29_Table4.tsv","10.1037%2F0735-7036.115.1.29_Table4.tsv"
"__Public/comparative-data/10.1038%2Fnn814_Table1.tsv","10.1038%2Fnn814_Table1.tsv"
"__Public/comparative-data/10.1038%2Fs41467-020-14356-3_SupplementaryData3.tsv","10.1038%2Fs41467-020-14356-3_SupplementaryData3.tsv"
"__Public/comparative-data/10.1038%2Fs41559-026-02994-7_CFFdataset.tsv","10.1038%2Fs41559-026-02994-7_CFFdataset.tsv"
"__Public/comparative-data/10.1038%2Fs41598-018-24331-0_ExtendedDataFigure4.tsv","10.1038%2Fs41598-018-24331-0_ExtendedDataFigure4.tsv"
"__Public/comparative-data/10.1038%2Fs41598-018-24331-0_ExtendedDataTable1.tsv","10.1038%2Fs41598-018-24331-0_ExtendedDataTable1.tsv"
"__Public/comparative-data/10.1038%2Fs41598-018-24331-0_ExtendedDataTable3.tsv","10.1038%2Fs41598-018-24331-0_ExtendedDataTable3.tsv"
"__Public/comparative-data/10.1038%2Fs41598-018-24331-0_Figure3legend.tsv","10.1038%2Fs41598-018-24331-0_Figure3legend.tsv"
"__Public/comparative-data/10.1038%2Fs41598-018-26062-8_Table1.tsv","10.1038%2Fs41598-018-26062-8_Table1.tsv"
"__Public/comparative-data/10.1038%2Fs41598-018-26062-8_TableS1.tsv","10.1038%2Fs41598-018-26062-8_TableS1.tsv"
"__Public/comparative-data/10.1038%2Fs41598-018-26062-8_TableS5.tsv","10.1038%2Fs41598-018-26062-8_TableS5.tsv"
"__Public/comparative-data/10.1038%2Fs42003-025-08686-5_SupplementaryData1.tsv","10.1038%2Fs42003-025-08686-5_SupplementaryData1.tsv"
"__Public/comparative-data/10.1038%2Fsrep24528_TableS1.tsv","10.1038%2Fsrep24528_TableS1.tsv"
"__Public/comparative-data/10.1073%2Fpnas.1010356107_DatasetS1.tsv","10.1073%2Fpnas.1010356107_DatasetS1.tsv"
"__Public/comparative-data/10.1073%2Fpnas.1517131113_DatasetS1.tsv","10.1073%2Fpnas.1517131113_DatasetS1.tsv"
"__Public/comparative-data/10.1073%2Fpnas.1524208113_Table1.tsv","10.1073%2Fpnas.1524208113_Table1.tsv"
"__Public/comparative-data/10.1073%2Fpnas.1610178113_TableS1.tsv","10.1073%2Fpnas.1610178113_TableS1.tsv"
"__Public/comparative-data/10.1073%2Fpnas.1716956116_SupplementaryTableS1.tsv","10.1073%2Fpnas.1716956116_SupplementaryTableS1.tsv"
"__Public/comparative-data/10.1093%2Fcercor%2Fbhp158_Table1.tsv","10.1093%2Fcercor%2Fbhp158_Table1.tsv"
"__Public/comparative-data/10.1093%2Fcercor%2Fbhp158_Table2.tsv","10.1093%2Fcercor%2Fbhp158_Table2.tsv"
"__Public/comparative-data/10.1093%2Foso%2F9780198568742.003.0006_Table6.1.tsv","10.1093%2Foso%2F9780198568742.003.0006_Table6.1.tsv"
"__Public/comparative-data/10.1093%2Fscan%2Fnsv128_TableS1.tsv","10.1093%2Fscan%2Fnsv128_TableS1.tsv"
"__Public/comparative-data/10.1093%2Fscan%2Fnsv128_TableS2.tsv","10.1093%2Fscan%2Fnsv128_TableS2.tsv"
"__Public/comparative-data/10.1098%2Frsos.170846_TableS1.tsv","10.1098%2Frsos.170846_TableS1.tsv"
"__Public/comparative-data/10.1098%2Frspb.2015.1853_Table1.tsv","10.1098%2Frspb.2015.1853_Table1.tsv"
"__Public/comparative-data/10.1098%2Frspb.2015.1853_Table2.tsv","10.1098%2Frspb.2015.1853_Table2.tsv"
"__Public/comparative-data/10.1098%2Frspb.2017.1765_Dataset1.tsv","10.1098%2Frspb.2017.1765_Dataset1.tsv"
"__Public/comparative-data/10.1098%2Frspb.2019.2208_rspb20192208si002.tsv","10.1098%2Frspb.2019.2208_rspb20192208si002.tsv"
"__Public/comparative-data/10.1098%2Frstb.2015.0186_Data.tsv","10.1098%2Frstb.2015.0186_Data.tsv"
"__Public/comparative-data/10.1111%2Fbrv.12137_Table1.tsv","10.1111%2Fbrv.12137_Table1.tsv"
"__Public/comparative-data/10.1111%2Fj.1439-0469.1970.tb00876.x_Table1.tsv","10.1111%2Fj.1439-0469.1970.tb00876.x_Table1.tsv"
"__Public/comparative-data/10.1111%2Fj.1558-5646.2008.00392.x_sleep-dataFemale.tsv","10.1111%2Fj.1558-5646.2008.00392.x_sleep-dataFemale.tsv"
"__Public/comparative-data/10.1111%2Fj.1558-5646.2008.00392.x_sleep-dataMale.tsv","10.1111%2Fj.1558-5646.2008.00392.x_sleep-dataMale.tsv"
"__Public/comparative-data/10.1111%2Fj.1558-5646.2008.00392.x_sleep-dataMixed.tsv","10.1111%2Fj.1558-5646.2008.00392.x_sleep-dataMixed.tsv"
"__Public/comparative-data/10.1111%2Fjoa.13681_Table1.tsv","10.1111%2Fjoa.13681_Table1.tsv"
"__Public/comparative-data/10.1126%2Fsciadv.abn0954_Reportedresults.tsv","10.1126%2Fsciadv.abn0954_Reportedresults.tsv"
"__Public/comparative-data/10.1126%2Fscience.aaa9101_TableS1.tsv","10.1126%2Fscience.aaa9101_TableS1.tsv"
"__Public/comparative-data/10.1159%2F000006575_Table1.tsv","10.1159%2F000006575_Table1.tsv"
"__Public/comparative-data/10.1159%2F000068879_Table1.tsv","10.1159%2F000068879_Table1.tsv"
"__Public/comparative-data/10.1159%2F000068880_Table1.tsv","10.1159%2F000068880_Table1.tsv"
"__Public/comparative-data/10.1159%2F000075672_Table4.tsv","10.1159%2F000075672_Table4.tsv"
"__Public/comparative-data/10.1159%2F000075672_Table5.tsv","10.1159%2F000075672_Table5.tsv"
"__Public/comparative-data/10.1159%2F000085942_Table1.tsv","10.1159%2F000085942_Table1.tsv"
"__Public/comparative-data/10.1159%2F000085942_Table2.tsv","10.1159%2F000085942_Table2.tsv"
"__Public/comparative-data/10.1159%2F000085942_Table3.tsv","10.1159%2F000085942_Table3.tsv"
"__Public/comparative-data/10.1159%2F000085942_Table4.tsv","10.1159%2F000085942_Table4.tsv"
"__Public/comparative-data/10.1159%2F000085942_Table5.tsv","10.1159%2F000085942_Table5.tsv"
"__Public/comparative-data/10.1159%2F000121494_TableI.tsv","10.1159%2F000121494_TableI.tsv"
"__Public/comparative-data/10.1159%2F000124401_TableI.tsv","10.1159%2F000124401_TableI.tsv"
"__Public/comparative-data/10.1159%2F000156211_Table1.tsv","10.1159%2F000156211_Table1.tsv"
"__Public/comparative-data/10.1159%2F000156212_Table1.tsv","10.1159%2F000156212_Table1.tsv"
"__Public/comparative-data/10.1159%2F000319019_SupplementaryTable1.tsv","10.1159%2F000319019_SupplementaryTable1.tsv"
"__Public/comparative-data/10.1159%2F000319019_Table1.tsv","10.1159%2F000319019_Table1.tsv"
"__Public/comparative-data/10.1159%2F000323671_SupplementaryTable2.tsv","10.1159%2F000323671_SupplementaryTable2.tsv"
"__Public/comparative-data/10.1159%2F000346495_Table1.tsv","10.1159%2F000346495_Table1.tsv"
"__Public/comparative-data/10.1159%2F000357830_SupplementalTable1.tsv","10.1159%2F000357830_SupplementalTable1.tsv"
"__Public/comparative-data/10.1159%2F000437413_Table1.tsv","10.1159%2F000437413_Table1.tsv"
"__Public/comparative-data/10.1159%2F000437413_Table2.tsv","10.1159%2F000437413_Table2.tsv"
"__Public/comparative-data/10.1159%2F000437413_Table3.tsv","10.1159%2F000437413_Table3.tsv"
"__Public/comparative-data/10.1159%2F000437413_Table4.tsv","10.1159%2F000437413_Table4.tsv"
"__Public/comparative-data/10.1159%2F000437413_Table5.tsv","10.1159%2F000437413_Table5.tsv"
"__Public/comparative-data/10.1159%2F000452856_TableS1.tsv","10.1159%2F000452856_TableS1.tsv"
"__Public/comparative-data/10.1177%2F147470490600400114_Table1.tsv","10.1177%2F147470490600400114_Table1.tsv"
"__Public/comparative-data/10.1186%2F1741-7007-5-18_TableS1.tsv","10.1186%2F1741-7007-5-18_TableS1.tsv"
"__Public/comparative-data/10.1186%2F1741-7007-5-18_TableS10.tsv","10.1186%2F1741-7007-5-18_TableS10.tsv"
"__Public/comparative-data/10.1186%2F1741-7007-5-18_TableS11.tsv","10.1186%2F1741-7007-5-18_TableS11.tsv"
"__Public/comparative-data/10.1186%2F1741-7007-5-18_TableS12.tsv","10.1186%2F1741-7007-5-18_TableS12.tsv"
"__Public/comparative-data/10.1186%2F1741-7007-5-18_TableS13.tsv","10.1186%2F1741-7007-5-18_TableS13.tsv"
"__Public/comparative-data/10.1186%2F1741-7007-5-18_TableS14.tsv","10.1186%2F1741-7007-5-18_TableS14.tsv"
"__Public/comparative-data/10.1186%2F1741-7007-5-18_TableS15.tsv","10.1186%2F1741-7007-5-18_TableS15.tsv"
"__Public/comparative-data/10.1186%2F1741-7007-5-18_TableS16.tsv","10.1186%2F1741-7007-5-18_TableS16.tsv"
"__Public/comparative-data/10.1186%2F1741-7007-5-18_TableS17.tsv","10.1186%2F1741-7007-5-18_TableS17.tsv"
"__Public/comparative-data/10.1186%2F1741-7007-5-18_TableS18.tsv","10.1186%2F1741-7007-5-18_TableS18.tsv"
"__Public/comparative-data/10.1186%2F1741-7007-5-18_TableS19.tsv","10.1186%2F1741-7007-5-18_TableS19.tsv"
"__Public/comparative-data/10.1186%2F1741-7007-5-18_TableS2.tsv","10.1186%2F1741-7007-5-18_TableS2.tsv"
"__Public/comparative-data/10.1186%2F1741-7007-5-18_TableS20.tsv","10.1186%2F1741-7007-5-18_TableS20.tsv"
"__Public/comparative-data/10.1186%2F1741-7007-5-18_TableS21.tsv","10.1186%2F1741-7007-5-18_TableS21.tsv"
"__Public/comparative-data/10.1186%2F1741-7007-5-18_TableS22.tsv","10.1186%2F1741-7007-5-18_TableS22.tsv"
"__Public/comparative-data/10.1186%2F1741-7007-5-18_TableS23.tsv","10.1186%2F1741-7007-5-18_TableS23.tsv"
"__Public/comparative-data/10.1186%2F1741-7007-5-18_TableS3.tsv","10.1186%2F1741-7007-5-18_TableS3.tsv"
"__Public/comparative-data/10.1186%2F1741-7007-5-18_TableS4.tsv","10.1186%2F1741-7007-5-18_TableS4.tsv"
"__Public/comparative-data/10.1186%2F1741-7007-5-18_TableS5.tsv","10.1186%2F1741-7007-5-18_TableS5.tsv"
"__Public/comparative-data/10.1186%2F1741-7007-5-18_TableS6.tsv","10.1186%2F1741-7007-5-18_TableS6.tsv"
"__Public/comparative-data/10.1186%2F1741-7007-5-18_TableS7.tsv","10.1186%2F1741-7007-5-18_TableS7.tsv"
"__Public/comparative-data/10.1186%2F1741-7007-5-18_TableS8.tsv","10.1186%2F1741-7007-5-18_TableS8.tsv"
"__Public/comparative-data/10.1186%2F1741-7007-5-18_TableS9.tsv","10.1186%2F1741-7007-5-18_TableS9.tsv"
"__Public/comparative-data/10.1242%2Fjeb.124826_TableS1.tsv","10.1242%2Fjeb.124826_TableS1.tsv"
"__Public/comparative-data/10.1242%2Fjeb.204651_celldensity.tsv","10.1242%2Fjeb.204651_celldensity.tsv"
"__Public/comparative-data/10.1242%2Fjeb.204651_cellnumber.tsv","10.1242%2Fjeb.204651_cellnumber.tsv"
"__Public/comparative-data/10.1242%2Fjeb.204651_volumes.tsv","10.1242%2Fjeb.204651_volumes.tsv"
"__Public/comparative-data/10.1371%2Fjournal.pone.0009123_Table1.tsv","10.1371%2Fjournal.pone.0009123_Table1.tsv"
"__Public/comparative-data/10.1523%2FJNEUROSCI.13-12-05105.1993_Table1.tsv","10.1523%2FJNEUROSCI.13-12-05105.1993_Table1.tsv"
"__Public/comparative-data/10.1523%2FJNEUROSCI.17-18-07079.1997_Table1.tsv","10.1523%2FJNEUROSCI.17-18-07079.1997_Table1.tsv"
"__Public/comparative-data/10.1523%2FJNEUROSCI.1750-23.2024_Table2.tsv","10.1523%2FJNEUROSCI.1750-23.2024_Table2.tsv"
"__Public/comparative-data/10.1523%2FJNEUROSCI.2339-19.2020_Table1.tsv","10.1523%2FJNEUROSCI.2339-19.2020_Table1.tsv"
"__Public/comparative-data/10.1523%2FJNEUROSCI.2339-19.2020_unpublished.tsv","10.1523%2FJNEUROSCI.2339-19.2020_unpublished.tsv"
"__Public/comparative-data/10.1523%2FJNEUROSCI.2909-13.2013_ResultsText.tsv","10.1523%2FJNEUROSCI.2909-13.2013_ResultsText.tsv"
"__Public/comparative-data/10.2307%2F3626308_Table2.tsv","10.2307%2F3626308_Table2.tsv"
"__Public/comparative-data/10.3389%2Ffnana.2013.00028_Table1.tsv","10.3389%2Ffnana.2013.00028_Table1.tsv"
"__Public/comparative-data/10.3389%2Ffnana.2013.00035_Figure2TopLeft.tsv","10.3389%2Ffnana.2013.00035_Figure2TopLeft.tsv"
"__Public/comparative-data/10.3389%2Ffnana.2013.00035_Table1-a.tsv","10.3389%2Ffnana.2013.00035_Table1-a.tsv"
"__Public/comparative-data/10.3389%2Ffnana.2013.00035_Table1-b.tsv","10.3389%2Ffnana.2013.00035_Table1-b.tsv"
"__Public/comparative-data/10.3389%2Ffnana.2014.00128_Table1.tsv","10.3389%2Ffnana.2014.00128_Table1.tsv"
"__Public/comparative-data/10.3389%2Ffnana.2015.00039_TABLE1.tsv","10.3389%2Ffnana.2015.00039_TABLE1.tsv"
"__Public/comparative-data/10.3389%2Ffnana.2017.00118_Table1.tsv","10.3389%2Ffnana.2017.00118_Table1.tsv"
"__Public/comparative-data/10.3389%2Ffnhum.2014.00277_Table1.tsv","10.3389%2Ffnhum.2014.00277_Table1.tsv"
"__Public/comparative-data/10.6084%2Fm9.figshare.c.3899422.v1_Dataset1.tsv","10.6084%2Fm9.figshare.c.3899422.v1_Dataset1.tsv"
"__Public/comparative-data/10.7554%2FeLife.35696_Figure2-data1.tsv","10.7554%2FeLife.35696_Figure2-data1.tsv"
"__Public/comparative-data/10.7554%2FeLife.77875_Supplementaryfile3.tsv","10.7554%2FeLife.77875_Supplementaryfile3.tsv"
"__Public/comparative-data/10.7554%2FeLife.77875_Table1.tsv","10.7554%2FeLife.77875_Table1.tsv"
"__Public/comparative-data/ISBN%3A0845140000_TABLE1.tsv","ISBN%3A0845140000_TABLE1.tsv"
"__Public/comparative-data/ISBN%3A9783764353704_Table10.tsv","ISBN%3A9783764353704_Table10.tsv"
"__Public/comparative-data/ISBN%3A9783764353704_Table13.tsv","ISBN%3A9783764353704_Table13.tsv"
"__Public/comparative-data/ISBN%3A9783764353704_Table16.tsv","ISBN%3A9783764353704_Table16.tsv"
"__Public/comparative-data/ISBN%3A9783764353704_Table19.tsv","ISBN%3A9783764353704_Table19.tsv"
"__Public/comparative-data/ISBN%3A9783764353704_Table22.tsv","ISBN%3A9783764353704_Table22.tsv"
"__Public/comparative-data/ISBN%3A9783764353704_Table25.tsv","ISBN%3A9783764353704_Table25.tsv"
"__Public/comparative-data/ISBN%3A9783764353704_Table28.tsv","ISBN%3A9783764353704_Table28.tsv"
"__Public/comparative-data/ISBN%3A9783764353704_Table30.tsv","ISBN%3A9783764353704_Table30.tsv"
"__Public/comparative-data/ISBN%3A9783764353704_Table32.tsv","ISBN%3A9783764353704_Table32.tsv"
"__Public/comparative-data/ISBN%3A9783764353704_Table36.tsv","ISBN%3A9783764353704_Table36.tsv"
"__Public/comparative-data/ISBN%3A9783764353704_Table39.tsv","ISBN%3A9783764353704_Table39.tsv"
"__Public/comparative-data/ISBN%3A9783764353704_Table42.tsv","ISBN%3A9783764353704_Table42.tsv"
"__Public/comparative-data/ISBN%3A9783764353704_Table45.tsv","ISBN%3A9783764353704_Table45.tsv"
"__Public/comparative-data/ISBN%3A9783764353704_Table48.tsv","ISBN%3A9783764353704_Table48.tsv"
"__Public/comparative-data/ISBN%3A9783764353704_Table51.tsv","ISBN%3A9783764353704_Table51.tsv"
"__Public/comparative-data/ISBN%3A9783764353704_Table8.tsv","ISBN%3A9783764353704_Table8.tsv"
"__Public/comparative-data/NQ%3A61662_APPENDIXI.tsv","NQ%3A61662_APPENDIXI.tsv"
"__Public/comparative-data/OCLC%3A8777719_Table1.tsv","OCLC%3A8777719_Table1.tsv"
"__Public/comparative-data/PMID%3A15534048_TABLE1.tsv","PMID%3A15534048_TABLE1.tsv"
"__Public/comparative-data/PMID%3A2358663_Table1.tsv","PMID%3A2358663_Table1.tsv"
"__Public/comparative-data/PMID%3A3116076_Table1.tsv","PMID%3A3116076_Table1.tsv"
"__Public/comparative-data/PMID%3A3216099_Table1.tsv","PMID%3A3216099_Table1.tsv"
"__Public/comparative-data/PMID%3A3693895_Table1.tsv","PMID%3A3693895_Table1.tsv"
"__Public/comparative-data/PMID%3A6481154_Table1.tsv","PMID%3A6481154_Table1.tsv"
"__Public/comparative-data/PMID%3A6501869_Table1.tsv","PMID%3A6501869_Table1.tsv"
"__Public/comparative-data/PMID%3A6663055_Table1.tsv","PMID%3A6663055_Table1.tsv"
"__Public/comparative-data/PMID%3A7161477_Table2.tsv","PMID%3A7161477_Table2.tsv"
"__Public/comparative-data/PMID%3A7161483_Table1.tsv","PMID%3A7161483_Table1.tsv"
"__Public/comparative-data/PMID%3A7983368_Table1.tsv","PMID%3A7983368_Table1.tsv"
"__Public/comparative-data/PMID%3A9176733_Table1.tsv","PMID%3A9176733_Table1.tsv"
"__Public/comparative-data/PMID%3A9672110_Table1.tsv","PMID%3A9672110_Table1.tsv"
"__Public/comparative-data/UMI%3A3017523_NotesforTableA-15.tsv","UMI%3A3017523_NotesforTableA-15.tsv"
"__Public/comparative-data/UMI%3A3017523_TableA-15.tsv","UMI%3A3017523_TableA-15.tsv"
"__Public/comparative-data/UMI%3A3147447_TableA1.tsv","UMI%3A3147447_TableA1.tsv"
"__Public/comparative-data/UMI%3A3147447_TableA10.tsv","UMI%3A3147447_TableA10.tsv"
"__Public/comparative-data/UMI%3A3147447_TableA11.tsv","UMI%3A3147447_TableA11.tsv"
"__Public/comparative-data/UMI%3A3147447_TableA12.tsv","UMI%3A3147447_TableA12.tsv"
"__Public/comparative-data/UMI%3A3147447_TableA13.tsv","UMI%3A3147447_TableA13.tsv"
"__Public/comparative-data/UMI%3A3147447_TableA14.tsv","UMI%3A3147447_TableA14.tsv"
"__Public/comparative-data/UMI%3A3147447_TableA15.tsv","UMI%3A3147447_TableA15.tsv"
"__Public/comparative-data/UMI%3A3147447_TableA2.tsv","UMI%3A3147447_TableA2.tsv"
"__Public/comparative-data/UMI%3A3147447_TableA3.tsv","UMI%3A3147447_TableA3.tsv"
"__Public/comparative-data/UMI%3A3147447_TableA4.tsv","UMI%3A3147447_TableA4.tsv"
"__Public/comparative-data/UMI%3A3147447_TableA5.tsv","UMI%3A3147447_TableA5.tsv"
"__Public/comparative-data/UMI%3A3147447_TableA6.tsv","UMI%3A3147447_TableA6.tsv"
"__Public/comparative-data/UMI%3A3147447_TableA7.tsv","UMI%3A3147447_TableA7.tsv"
"__Public/comparative-data/UMI%3A3147447_TableA8.tsv","UMI%3A3147447_TableA8.tsv"
"__Public/comparative-data/UMI%3A3147447_TableA9.tsv","UMI%3A3147447_TableA9.tsv"
"_checks/csv_tsv_candidate_creators.csv","csv_tsv_candidate_creators.csv"
"_checks/csv_tsv_no_candidate_script_found.csv","csv_tsv_no_candidate_script_found.csv"
"_checks/endnote_gap_candidates.csv","endnote_gap_candidates.csv"
"_checks/folder_audit.csv","folder_audit.csv"
"_checks/naming_check.csv","naming_check.csv"
"_checks/underscore_naming_audit_20260829.csv","underscore_naming_audit_20260829.csv"
"_keys/Allman/anatomy_key.csv","anatomy_key.csv"
"_keys/Ashwell/Ashwell2020_species_key_DRAFT.csv","Ashwell2020_species_key_DRAFT.csv"
"_keys/collection_registry.csv","collection_registry.csv"
"_keys/genus_family.csv","genus_family.csv"
"_keys/HerculanoHouzel/anatomy_key.csv","anatomy_key.csv"
"_keys/packages_used.csv","packages_used.csv"
"_keys/reidentifications.csv","reidentifications.csv"
"_keys/specimen_crosswalk/audit/identifier_join_matches_public.csv","identifier_join_matches_public.csv"
"_keys/specimen_crosswalk/audit/identifier_join_pass_by_paper.csv","identifier_join_pass_by_paper.csv"
"_keys/specimen_crosswalk/audit/identifier_join_pass_columns.csv","identifier_join_pass_columns.csv"
"_keys/specimen_crosswalk/early_homo_sapiens_provenance_audit.csv","early_homo_sapiens_provenance_audit.csv"
"_keys/specimen_crosswalk/fossil_specimen_cerebellum_comparison.csv","fossil_specimen_cerebellum_comparison.csv"
"_keys/specimen_crosswalk/kaas_young_collins_provenance_audit.csv","kaas_young_collins_provenance_audit.csv"
"_keys/specimen_crosswalk/pongo_provenance_audit.csv","pongo_provenance_audit.csv"
"_keys/specimen_crosswalk/split_manifest_2026-08-19.csv","split_manifest_2026-08-19.csv"
"_keys/specimen_crosswalk/via_data_source_registry.csv","via_data_source_registry.csv"
"_keys/Stephan/anatomy_key.csv","anatomy_key.csv"
"Andelin_etal_2019/Andelin_etal_2019_Table4_snapshot.csv","Andelin_etal_2019_Table4_snapshot.csv"
"Armstrong__1979/Armstrong__1979_Tables1-9_neuronal_density_counts.csv","Armstrong__1979_Tables1-9_neuronal_density_counts.csv"
"Armstrong__1979/Armstrong__1979_Tables1-9_neuronal_perikaryal_volume.csv","Armstrong__1979_Tables1-9_neuronal_perikaryal_volume.csv"
"Armstrong__1979/Armstrong__1979_Tables1-9_volumes.csv","Armstrong__1979_Tables1-9_volumes.csv"
"Armstrong__1979/reference_tables/Armstrong__1979_Tables1-9_definitions.csv","Armstrong__1979_Tables1-9_definitions.csv"
"AvelinodeSouza_etal_2025/AvelinodeSouza_etal_2025_definitions.csv","AvelinodeSouza_etal_2025_definitions.csv"
"AvelinodeSouza_etal_2025/AvelinodeSouza_etal_2025_TABLE1_snapshot.csv","AvelinodeSouza_etal_2025_TABLE1_snapshot.csv"
"Balzeau_etal_2012/reference_tables/Balzeau_etal_2012_Table2_definitions.csv","Balzeau_etal_2012_Table2_definitions.csv"
"Balzeau_etal_2012/reference_tables/Balzeau_etal_2012_Table3_definitions.csv","Balzeau_etal_2012_Table3_definitions.csv"
"Balzeau_etal_2012/reference_tables/Balzeau_etal_2012_Table5_definitions.csv","Balzeau_etal_2012_Table5_definitions.csv"
"BarbeitoAndrés_etal_2019/BarbeitoAndrés_etal_2019_definitions.csv","BarbeitoAndrés_etal_2019_definitions.csv"
"Barger_etal_2007/Barger_etal_2007_definitions.csv","Barger_etal_2007_definitions.csv"
"Barger_etal_2012/reference_tables/Barger_etal_2012_Table3_definitions.csv","Barger_etal_2012_Table3_definitions.csv"
"Barger_etal_2014/reference_tables/Barger_etal_2014_Table1_definitions.csv","Barger_etal_2014_Table1_definitions.csv"
"Barks_etal_2014/Barks_etal_2014_Fig4A_snapshot.csv","Barks_etal_2014_Fig4A_snapshot.csv"
"Barks_etal_2014/Barks_etal_2014_Fig5A_snapshot.csv","Barks_etal_2014_Fig5A_snapshot.csv"
"Barks_etal_2014/Barks_etal_2014_Fig5A.csv","Barks_etal_2014_Fig5A.csv"
"Baron_etal_1990/reference_tables/Baron_etal_1990_Table1_definitions.csv","Baron_etal_1990_Table1_definitions.csv"
"Baron_etal_1996/reference_tables/Baron_etal_1996_Table10_definitions.csv","Baron_etal_1996_Table10_definitions.csv"
"Baron_etal_1996/reference_tables/Baron_etal_1996_Table32_definitions.csv","Baron_etal_1996_Table32_definitions.csv"
"Bauernfeind_etal_2013/reference_tables/Bauernfeind_etal_2013_Table1_definitions.csv","Bauernfeind_etal_2013_Table1_definitions.csv"
"Bauernfeind_etal_2013/reference_tables/Bauernfeind_etal_2013_Table2_definitions.csv","Bauernfeind_etal_2013_Table2_definitions.csv"
"Bauernfeind_etal_2013/reference_tables/Bauernfeind_etal_2013_Table3_definitions.csv","Bauernfeind_etal_2013_Table3_definitions.csv"
"Bortoff_Strick_1993/reference_tables/Bortoff_Strick_1993_Table1_definitions.csv","Bortoff_Strick_1993_Table1_definitions.csv"
"Brodmann__1913/reference_tables/Brodmann__1913_Table1_definitions.csv","Brodmann__1913_Table1_definitions.csv"
"Burger_etal_2019/reference_tables/Burger_etal_2019_SupplementaryDataSD1_definitions.csv","Burger_etal_2019_SupplementaryDataSD1_definitions.csv"
"Burish_etal_2010/Burish_etal_2010_definitions.csv","Burish_etal_2010_definitions.csv"
"Burish_etal_2010/Burish_etal_2010_SupplementaryTable1_snapshot.csv","Burish_etal_2010_SupplementaryTable1_snapshot.csv"
"Burish_etal_2010/Burish_etal_2010_Table1_snapshot.csv","Burish_etal_2010_Table1_snapshot.csv"
"Bush_Allman_2003/Bush_Allman_2003_Table1_definitions.csv","Bush_Allman_2003_Table1_definitions.csv"
"Bush_Allman_2004_a/Bush_Allman_2004_a_Table2_definitions.csv","Bush_Allman_2004_a_Table2_definitions.csv"
"Bush_Allman_2004_b/Bush_Allman_2004_b_TABLE1_definitions.csv","Bush_Allman_2004_b_TABLE1_definitions.csv"
"Campos_Welker_1976/Campos_Welker_1976_Table1_cell_count.csv","Campos_Welker_1976_Table1_cell_count.csv"
"Campos_Welker_1976/Campos_Welker_1976_Table1_cortical_morphometry.csv","Campos_Welker_1976_Table1_cortical_morphometry.csv"
"Campos_Welker_1976/Campos_Welker_1976_Table1_volume.csv","Campos_Welker_1976_Table1_volume.csv"
"Campos_Welker_1976/reference_tables/Campos_Welker_1976_Table1_definitions.csv","Campos_Welker_1976_Table1_definitions.csv"
"Capellini_etal_2008/Capellini_etal_2008_sleep-dataFemale.csv","Capellini_etal_2008_sleep-dataFemale.csv"
"Capellini_etal_2008/Capellini_etal_2008_sleep-dataMale.csv","Capellini_etal_2008_sleep-dataMale.csv"
"Capellini_etal_2008/Capellini_etal_2008_sleep-dataMixed.csv","Capellini_etal_2008_sleep-dataMixed.csv"
"Capellini_etal_2008/reference_tables/Capellini_etal_2008_definitions.csv","Capellini_etal_2008_definitions.csv"
"Caspar_etal_2022/reference_tables/Caspar_etal_2022_Table1_definitions.csv","Caspar_etal_2022_Table1_definitions.csv"
"Caves_etal_2018/Caves_etal_2018_TableS1_snapshot.csv","Caves_etal_2018_TableS1_snapshot.csv"
"Caves_etal_2018/Caves_etal_2018_TableS1.csv","Caves_etal_2018_TableS1.csv"
"Changizi__2001/__file_list.csv","__file_list.csv"
"Changizi__2001/reference_tables/Changizi__2001_Figure3_definitions.csv","Changizi__2001_Figure3_definitions.csv"
"Changizi__2003/reference_tables/Changizi__2003_Table1_definitions.csv","Changizi__2003_Table1_definitions.csv"
"Changizi_Shimojo_2005/reference_tables/Changizi_Shimojo_2005_Table1_definitions.csv","Changizi_Shimojo_2005_Table1_definitions.csv"
"Changizi_Shimojo_2005/reference_tables/Changizi_Shimojo_2005_Table2_definitions.csv","Changizi_Shimojo_2005_Table2_definitions.csv"
"Changizi_Shimojo_2005/reference_tables/Changizi_Shimojo_2005_Table3_definitions.csv","Changizi_Shimojo_2005_Table3_definitions.csv"
"Changizi_Shimojo_2005/reference_tables/Changizi_Shimojo_2005_Table4_definitions.csv","Changizi_Shimojo_2005_Table4_definitions.csv"
"Changizi_Shimojo_2005/reference_tables/Changizi_Shimojo_2005_Table5_definitions.csv","Changizi_Shimojo_2005_Table5_definitions.csv"
"Chaplin_etal_2013/reference_tables/Chaplin_etal_2013_ResultsText_definitions.csv","Chaplin_etal_2013_ResultsText_definitions.csv"
"Chen_Wiens_2020/41467_2020_14356_MOESM6_ESM/Metadata-Table 1.tsv","Metadata-Table 1.tsv"
"Chen_Wiens_2020/41467_2020_14356_MOESM6_ESM/References-Table 1.tsv","References-Table 1.tsv"
"Chen_Wiens_2020/41467_2020_14356_MOESM6_ESM/Supplementary Data_3-Table 1.tsv","Supplementary Data_3-Table 1.tsv"
"Collins_etal_2010/reference_tables/Collins_etal_2010_DatasetS1_definitions.csv","Collins_etal_2010_DatasetS1_definitions.csv"
"Collins_etal_2016/reference_tables/Collins_etal_2016_Table1_definitions.csv","Collins_etal_2016_Table1_definitions.csv"
"Deaner_etal_2006/reference_tables/Deaner_etal_2006_Table1_definitions.csv","Deaner_etal_2006_Table1_definitions.csv"
"deJager_etal_2022/reference_tables/deJager_etal_2022_definitions.csv","deJager_etal_2022_definitions.csv"
"Demirci_etal_2023/reference_tables/Demirci_etal_2023_Fig.1_definitions.csv","Demirci_etal_2023_Fig.1_definitions.csv"
"deSousa_etal_2009/reference_tables/deSousa_etal_2009_Table1_definitions.csv","deSousa_etal_2009_Table1_definitions.csv"
"deSousa_etal_2009/reference_tables/deSousa_etal_2009_Table2_definitions.csv","deSousa_etal_2009_Table2_definitions.csv"
"deSousa_etal_2010/deSousa_etal_2010_definitions.csv","deSousa_etal_2010_definitions.csv"
"deSousa_etal_2010/deSousa_etal_2010_SupTable2_definitions.csv","deSousa_etal_2010_SupTable2_definitions.csv"
"deSousa_etal_2010/deSousa_etal_2010_Table1_definitions.csv","deSousa_etal_2010_Table1_definitions.csv"
"deSousa_etal_2010/deSousa_etal_2010_V1LGN.csv","deSousa_etal_2010_V1LGN.csv"
"deSousa_etal_2010/reference_tables/deSousa_etal_2010_Table1_definitions.csv","deSousa_etal_2010_Table1_definitions.csv"
"deSousa_etal_2013/deSousa_etal_2013_Table1_definitions.csv","deSousa_etal_2013_Table1_definitions.csv"
"deSousa_etal_2013/deSousa_etal_2013_Table1_snapshot.csv","deSousa_etal_2013_Table1_snapshot.csv"
"deSousa_etal_2013/reference_tables/deSousa_etal_2013_Table1_definitions.csv","deSousa_etal_2013_Table1_definitions.csv"
"deSousa_etal_2022/reference_tables/deSousa_etal_2022_acuityblind.csv_definitions.csv","deSousa_etal_2022_acuityblind.csv_definitions.csv"
"DosSantos_etal_2017/DosSantos_etal_2017_definitions.csv","DosSantos_etal_2017_definitions.csv"
"DosSantos_etal_2020/DosSantos_etal_2020_definitions.csv","DosSantos_etal_2020_definitions.csv"
"DosSantos_etal_2020/DosSantos_etal_2020_Table1_snapshot.csv","DosSantos_etal_2020_Table1_snapshot.csv"
"DosSantos_etal_2020/species_comparison.csv","species_comparison.csv"
"Eagleman_Vaughn_2021/Eagleman_Vaughn_2021_TABLE1_definitions.csv","Eagleman_Vaughn_2021_TABLE1_definitions.csv"
"Eagleman_Vaughn_2021/Eagleman_Vaughn_2021_TABLE1_snapshot.csv","Eagleman_Vaughn_2021_TABLE1_snapshot.csv"
"Ebinger__1974/reference_tables/Ebinger__1974_Tables3-4_definitions.csv","Ebinger__1974_Tables3-4_definitions.csv"
"Falcone_etal_2019/Falcone_etal_2019_TABLE1_definitions.csv","Falcone_etal_2019_TABLE1_definitions.csv"
"Falcone_etal_2019/Falcone_etal_2019_TABLE2_definitions.csv","Falcone_etal_2019_TABLE2_definitions.csv"
"Finlay_etal_2006/reference_tables/Finlay_etal_2006_Table6.1_definitions.csv","Finlay_etal_2006_Table6.1_definitions.csv"
"Frahm_etal_1982/reference_tables/Frahm_etal_1982_Table2_definitions.csv","Frahm_etal_1982_Table2_definitions.csv"
"Frahm_etal_1984/reference_tables/Frahm_etal_1984_Table1_definitions.csv","Frahm_etal_1984_Table1_definitions.csv"
"Frahm_etal_1997/reference_tables/Frahm_etal_1997_Table1_definitions.csv","Frahm_etal_1997_Table1_definitions.csv"
"Frahm_etal_1998/reference_tables/Frahm_etal_1998_Table1_definitions.csv","Frahm_etal_1998_Table1_definitions.csv"
"Frahm_Zilles_1994/reference_tables/Frahm_Zilles_1994_Table1_definitions.csv","Frahm_Zilles_1994_Table1_definitions.csv"
"Fritsches_etal_2005/Fritsches_etal_2005_Fig2_snapshot.csv","Fritsches_etal_2005_Fig2_snapshot.csv"
"Fritsches_etal_2005/Fritsches_etal_2005_Fig2.csv","Fritsches_etal_2005_Fig2.csv"
"Gabi_etal_2016/reference_tables/Gabi_etal_2016_TableS1_definitions.csv","Gabi_etal_2016_TableS1_definitions.csv"
"Genoud_etal_2018/reference_tables/Genoud_etal_2018_TableS2_definitions.csv","Genoud_etal_2018_TableS2_definitions.csv"
"Granatosky__2018/reference_tables/Granatosky__2018_TableS1_definitions.csv","Granatosky__2018_TableS1_definitions.csv"
"Haarlem_etal_2026/reference_tables/Haarlem_etal_2026_CFFdataset_definitions.csv","Haarlem_etal_2026_CFFdataset_definitions.csv"
"Hanson_etal_2018/Hanson_etal_2018_definitions.csv","Hanson_etal_2018_definitions.csv"
"Heesy__2004/Heesy__2004_Table1.csv","Heesy__2004_Table1.csv"
"Heesy__2004/reference_tables/Heesy__2004_Table1_definitions.csv","Heesy__2004_Table1_definitions.csv"
"Heesy__2004/reference_tables/Heesy__2004_Table1_references.csv","Heesy__2004_Table1_references.csv"
"Heffner_etal_2020/Heffner_etal_2020_Figure3_snapshot.csv","Heffner_etal_2020_Figure3_snapshot.csv"
"Heffner_etal_2020/reference_tables/Heffner_etal_2020_Figure3_definitions.csv","Heffner_etal_2020_Figure3_definitions.csv"
"Heffner_etal_2020/reference_tables/Heffner_etal_2020_Figure3_label_assignment.csv","Heffner_etal_2020_Figure3_label_assignment.csv"
"Heffner_Heffner_1992_a/Heffner_Heffner_1992_a_Table1_snapshot.csv","Heffner_Heffner_1992_a_Table1_snapshot.csv"
"Heffner_Heffner_1992_a/reference_tables/Heffner_Heffner_1992_a_Table1_definitions.csv","Heffner_Heffner_1992_a_Table1_definitions.csv"
"Heffner_Heffner_1992_a/reference_tables/Heffner_Heffner_1992_a_Table1_species_crosswalk.csv","Heffner_Heffner_1992_a_Table1_species_crosswalk.csv"
"Heffner_Masterton_1975/reference_tables/Heffner_Masterton_1975_TableI_definitions.csv","Heffner_Masterton_1975_TableI_definitions.csv"
"Heffner_Masterton_1975/reference_tables/Heffner_Masterton_1975_TableI_species_crosswalk.csv","Heffner_Masterton_1975_TableI_species_crosswalk.csv"
"Heffner_Masterton_1983/reference_tables/Heffner_Masterton_1983_TableI_species_crosswalk.csv","Heffner_Masterton_1983_TableI_species_crosswalk.csv"
"Heiss_etal_2004/Evo_M1_Heiss_hominin_brain_expansion_dataset.csv","Evo_M1_Heiss_hominin_brain_expansion_dataset.csv"
"Heiss_etal_2004/Heiss_etal_2004_definitions.csv","Heiss_etal_2004_definitions.csv"
"HerculanoHouzel__2015/HerculanoHouzel__2015_Table1_definitions.csv","HerculanoHouzel__2015_Table1_definitions.csv"
"HerculanoHouzel__2015/HerculanoHouzel__2015_Table2_definitions.csv","HerculanoHouzel__2015_Table2_definitions.csv"
"HerculanoHouzel__2015/HerculanoHouzel__2015_Table2_snapshot.csv","HerculanoHouzel__2015_Table2_snapshot.csv"
"HerculanoHouzel__2015/HerculanoHouzel__2015_Table2.csv","HerculanoHouzel__2015_Table2.csv"
"HerculanoHouzel_etal_2013/reference_tables/HerculanoHouzel_etal_2013_Table1-a_definitions.csv","HerculanoHouzel_etal_2013_Table1-a_definitions.csv"
"HerculanoHouzel_etal_2013/reference_tables/HerculanoHouzel_etal_2013_Table1-b_definitions.csv","HerculanoHouzel_etal_2013_Table1-b_definitions.csv"
"HerculanoHouzel_etal_2015/reference_tables/HerculanoHouzel_etal_2015_definitions.csv","HerculanoHouzel_etal_2015_definitions.csv"
"HerculanoHouzel_etal_2016/HerculanoHouzel_etal_2016_Table2_definitions.csv","HerculanoHouzel_etal_2016_Table2_definitions.csv"
"HerculanoHouzel_etal_2020/HerculanoHouzel_etal_2020_TABLE1_snapshot.csv","HerculanoHouzel_etal_2020_TABLE1_snapshot.csv"
"HerculanoHouzel_etal_2020/HerculanoHouzel_etal_2020_TABLE2_snapshot.csv","HerculanoHouzel_etal_2020_TABLE2_snapshot.csv"
"Heuer_etal_2019/reference_tables/Heuer_etal_2019_S1_definitions.csv","Heuer_etal_2019_S1_definitions.csv"
"Heuer_etal_2019/reference_tables/Heuer_etal_2019_Table1_definitions.csv","Heuer_etal_2019_Table1_definitions.csv"
"Heuer_etal_2023/reference_tables/Heuer_etal_2023_Data_definitions.csv","Heuer_etal_2023_Data_definitions.csv"
"Heuer_etal_2023/source_data/01_cb_data.csv","01_cb_data.csv"
"Heuer_etal_2023/source_data/02_scale.csv","02_scale.csv"
"Hutsler_etal_2005/Hutsler_etal_2005_Figure3_snapshot.csv","Hutsler_etal_2005_Figure3_snapshot.csv"
"Hutsler_etal_2005/Hutsler_etal_2005_Figure3.csv","Hutsler_etal_2005_Figure3.csv"
"Hutsler_etal_2005/Hutsler_etal_2005_Figure6_snapshot.csv","Hutsler_etal_2005_Figure6_snapshot.csv"
"Hutsler_etal_2005/Hutsler_etal_2005_Figure6.csv","Hutsler_etal_2005_Figure6.csv"
"Hutsler_etal_2005/Hutsler_etal_2005_ReportedValues_snapshot.csv","Hutsler_etal_2005_ReportedValues_snapshot.csv"
"Hutsler_etal_2005/reference_tables/Hutsler_etal_2005_Figure3_definitions.csv","Hutsler_etal_2005_Figure3_definitions.csv"
"Hutsler_etal_2005/reference_tables/Hutsler_etal_2005_Figure6_definitions.csv","Hutsler_etal_2005_Figure6_definitions.csv"
"Hutsler_etal_2005/reference_tables/Hutsler_etal_2005_ReportedValues_definitions.csv","Hutsler_etal_2005_ReportedValues_definitions.csv"
"Hutsler_etal_2005/reference_tables/Hutsler_etal_2005_Table1_definitions.csv","Hutsler_etal_2005_Table1_definitions.csv"
"Iwaniuk_etal_1999/reference_tables/Iwaniuk_etal_1999_References_definitions.csv","Iwaniuk_etal_1999_References_definitions.csv"
"Iwaniuk_etal_1999/reference_tables/Iwaniuk_etal_1999_Table1_definitions.csv","Iwaniuk_etal_1999_Table1_definitions.csv"
"Iwaniuk_etal_2001/reference_tables/Iwaniuk_etal_2001_Table1_definitions.csv","Iwaniuk_etal_2001_Table1_definitions.csv"
"Iwaniuk_etal_2001/reference_tables/Iwaniuk_etal_2001_Table2_definitions.csv","Iwaniuk_etal_2001_Table2_definitions.csv"
"Iwaniuk_etal_2001/reference_tables/Iwaniuk_etal_2001_Table3_definitions.csv","Iwaniuk_etal_2001_Table3_definitions.csv"
"Iwaniuk_etal_2001/reference_tables/Iwaniuk_etal_2001_Table4_definitions.csv","Iwaniuk_etal_2001_Table4_definitions.csv"
"Jacob_etal_2021/reference_tables/Jacob_etal_2021_FIGURE4_definitions.csv","Jacob_etal_2021_FIGURE4_definitions.csv"
"Jacob_etal_2021/reference_tables/Jacob_etal_2021_TABLE1_definitions.csv","Jacob_etal_2021_TABLE1_definitions.csv"
"Jacob_etal_2021/reference_tables/Jacob_etal_2021_TABLE2_definitions.csv","Jacob_etal_2021_TABLE2_definitions.csv"
"Jacob_etal_2021/reference_tables/Jacob_etal_2021_TABLE3_definitions.csv","Jacob_etal_2021_TABLE3_definitions.csv"
"Jacobs_etal_2015/Jacobs_etal_2015_Table1_snapshot.csv","Jacobs_etal_2015_Table1_snapshot.csv"
"Jacobs_etal_2015/reference_tables/Jacobs_etal_2015_Table1_definitions.csv","Jacobs_etal_2015_Table1_definitions.csv"
"Jacobs_etal_2016/reference_tables/Jacobs_etal_2016_Table1_definitions.csv","Jacobs_etal_2016_Table1_definitions.csv"
"Jacobs_etal_2018/reference_tables/Jacobs_etal_2018_Table3_definitions.csv","Jacobs_etal_2018_Table3_definitions.csv"
"Jacobs_etal_2018/reference_tables/Jacobs_etal_2018_Table5_definitions.csv","Jacobs_etal_2018_Table5_definitions.csv"
"JardimMesseder_etal_2017/JardimMesseder_etal_2017_definitions.csv","JardimMesseder_etal_2017_definitions.csv"
"Johansen_etal_2024/reference_tables/Johansen_etal_2024_Table2_definitions.csv","Johansen_etal_2024_Table2_definitions.csv"
"Johnson_etal_2016/reference_tables/Johnson_etal_2016_Table1_definitions.csv","Johnson_etal_2016_Table1_definitions.csv"
"Jung_etal_2022/reference_tables/Jung_etal_2022_ReportedResults_definitions.csv","Jung_etal_2022_ReportedResults_definitions.csv"
"Jung_etal_2022/reference_tables/Jung_etal_2022_secondary_references.csv","Jung_etal_2022_secondary_references.csv"
"Karbowski__2007/Karbowski__2007_TableS1.csv","Karbowski__2007_TableS1.csv"
"Karbowski__2007/Karbowski__2007_TableS10.csv","Karbowski__2007_TableS10.csv"
"Karbowski__2007/Karbowski__2007_TableS11.csv","Karbowski__2007_TableS11.csv"
"Karbowski__2007/Karbowski__2007_TableS12.csv","Karbowski__2007_TableS12.csv"
"Karbowski__2007/Karbowski__2007_TableS13.csv","Karbowski__2007_TableS13.csv"
"Karbowski__2007/Karbowski__2007_TableS14.csv","Karbowski__2007_TableS14.csv"
"Karbowski__2007/Karbowski__2007_TableS15.csv","Karbowski__2007_TableS15.csv"
"Karbowski__2007/Karbowski__2007_TableS16.csv","Karbowski__2007_TableS16.csv"
"Karbowski__2007/Karbowski__2007_TableS17.csv","Karbowski__2007_TableS17.csv"
"Karbowski__2007/Karbowski__2007_TableS18.csv","Karbowski__2007_TableS18.csv"
"Karbowski__2007/Karbowski__2007_TableS19.csv","Karbowski__2007_TableS19.csv"
"Karbowski__2007/Karbowski__2007_TableS2.csv","Karbowski__2007_TableS2.csv"
"Karbowski__2007/Karbowski__2007_TableS20.csv","Karbowski__2007_TableS20.csv"
"Karbowski__2007/Karbowski__2007_TableS21.csv","Karbowski__2007_TableS21.csv"
"Karbowski__2007/Karbowski__2007_TableS22.csv","Karbowski__2007_TableS22.csv"
"Karbowski__2007/Karbowski__2007_TableS23.csv","Karbowski__2007_TableS23.csv"
"Karbowski__2007/Karbowski__2007_TableS3.csv","Karbowski__2007_TableS3.csv"
"Karbowski__2007/Karbowski__2007_TableS4.csv","Karbowski__2007_TableS4.csv"
"Karbowski__2007/Karbowski__2007_TableS5.csv","Karbowski__2007_TableS5.csv"
"Karbowski__2007/Karbowski__2007_TableS6.csv","Karbowski__2007_TableS6.csv"
"Karbowski__2007/Karbowski__2007_TableS7.csv","Karbowski__2007_TableS7.csv"
"Karbowski__2007/Karbowski__2007_TableS8.csv","Karbowski__2007_TableS8.csv"
"Karbowski__2007/Karbowski__2007_TableS9.csv","Karbowski__2007_TableS9.csv"
"Karbowski__2007/reference_tables/Karbowski__2007_TablesS1-S23_definitions.csv","Karbowski__2007_TablesS1-S23_definitions.csv"
"Karl_etal_2024/Karl_etal_2024_TABLE1_definitions.csv","Karl_etal_2024_TABLE1_definitions.csv"
"Karl_etal_2024/Karl_etal_2024_TABLE1_snapshot.csv","Karl_etal_2024_TABLE1_snapshot.csv"
"Karlsen_Pakkenberg_2011/Karlsen_Pakkenberg_2011_definitions.csv","Karlsen_Pakkenberg_2011_definitions.csv"
"Kaufman__2004/Kaufman__2004_TableA1_snapshot.csv","Kaufman__2004_TableA1_snapshot.csv"
"Kaufman__2004/Kaufman__2004_TableA10_snapshot.csv","Kaufman__2004_TableA10_snapshot.csv"
"Kaufman__2004/Kaufman__2004_TableA11_snapshot.csv","Kaufman__2004_TableA11_snapshot.csv"
"Kaufman__2004/Kaufman__2004_TableA12_snapshot.csv","Kaufman__2004_TableA12_snapshot.csv"
"Kaufman__2004/Kaufman__2004_TableA13_snapshot.csv","Kaufman__2004_TableA13_snapshot.csv"
"Kaufman__2004/Kaufman__2004_TableA14_snapshot.csv","Kaufman__2004_TableA14_snapshot.csv"
"Kaufman__2004/Kaufman__2004_TableA15_snapshot.csv","Kaufman__2004_TableA15_snapshot.csv"
"Kaufman__2004/Kaufman__2004_TableA15.csv","Kaufman__2004_TableA15.csv"
"Kaufman__2004/Kaufman__2004_TableA2_snapshot.csv","Kaufman__2004_TableA2_snapshot.csv"
"Kaufman__2004/Kaufman__2004_TableA3_snapshot.csv","Kaufman__2004_TableA3_snapshot.csv"
"Kaufman__2004/Kaufman__2004_TableA4_snapshot.csv","Kaufman__2004_TableA4_snapshot.csv"
"Kaufman__2004/Kaufman__2004_TableA5_snapshot.csv","Kaufman__2004_TableA5_snapshot.csv"
"Kaufman__2004/Kaufman__2004_TableA6_snapshot.csv","Kaufman__2004_TableA6_snapshot.csv"
"Kaufman__2004/Kaufman__2004_TableA7_snapshot.csv","Kaufman__2004_TableA7_snapshot.csv"
"Kaufman__2004/Kaufman__2004_TableA8_snapshot.csv","Kaufman__2004_TableA8_snapshot.csv"
"Kaufman__2004/Kaufman__2004_TableA9_snapshot.csv","Kaufman__2004_TableA9_snapshot.csv"
"Kaufman__2004/old/Kaufman__2004_A15_comparison_long.csv","Kaufman__2004_A15_comparison_long.csv"
"Kaufman__2004/old/Kaufman__2004_A15_comparison_mismatches.csv","Kaufman__2004_A15_comparison_mismatches.csv"
"Kazu_etal_2014/reference_tables/Kazu_etal_2014_Table1_definitions.csv","Kazu_etal_2014_Table1_definitions.csv"
"Kazu_etal_2015/reference_tables/Kazu_etal_2015_TABLE1_definitions.csv","Kazu_etal_2015_TABLE1_definitions.csv"
"Kirk_Kay_2004/Kirk_Kay_2004_Table1_snapshot.csv","Kirk_Kay_2004_Table1_snapshot.csv"
"Kirk_Kay_2004/Kirk_Kay_2004_Table2_snapshot.csv","Kirk_Kay_2004_Table2_snapshot.csv"
"Kirk_Kay_2004/reference_tables/Kirk_Kay_2004_footnotes.csv","Kirk_Kay_2004_footnotes.csv"
"Kirk_Kay_2004/reference_tables/Kirk_Kay_2004_Table1_definitions.csv","Kirk_Kay_2004_Table1_definitions.csv"
"Kirk_Kay_2004/reference_tables/Kirk_Kay_2004_Table2_definitions.csv","Kirk_Kay_2004_Table2_definitions.csv"
"Koay_etal_1998/reference_tables/Koay_etal_1998_Figure6_definitions.csv","Koay_etal_1998_Figure6_definitions.csv"
"Koay_etal_1998/reference_tables/Koay_etal_1998_Figure6_species_crosswalk.csv","Koay_etal_1998_Figure6_species_crosswalk.csv"
"Kochiyama_etal_2018/Kochiyama_etal_2018_ExtendedDataFigure4_snapshot.csv","Kochiyama_etal_2018_ExtendedDataFigure4_snapshot.csv"
"Kochiyama_etal_2018/Kochiyama_etal_2018_ExtendedDataTable1_snapshot.csv","Kochiyama_etal_2018_ExtendedDataTable1_snapshot.csv"
"Kochiyama_etal_2018/Kochiyama_etal_2018_ExtendedDataTable1.csv","Kochiyama_etal_2018_ExtendedDataTable1.csv"
"Kochiyama_etal_2018/Kochiyama_etal_2018_ExtendedDataTable3_snapshot.csv","Kochiyama_etal_2018_ExtendedDataTable3_snapshot.csv"
"Kochiyama_etal_2018/Kochiyama_etal_2018_Figure3_snapshot.csv","Kochiyama_etal_2018_Figure3_snapshot.csv"
"Kochiyama_etal_2018/Kochiyama_etal_2018_FossilSpecimensText_dateReferences.csv","Kochiyama_etal_2018_FossilSpecimensText_dateReferences.csv"
"Kochiyama_etal_2018/Kochiyama_etal_2018_FossilSpecimensText_groupmeans.csv","Kochiyama_etal_2018_FossilSpecimensText_groupmeans.csv"
"Kochiyama_etal_2018/reference_tables/Kochiyama_etal_2018_ExtendedDataFigure4_definitions.csv","Kochiyama_etal_2018_ExtendedDataFigure4_definitions.csv"
"Kochiyama_etal_2018/reference_tables/Kochiyama_etal_2018_ExtendedDataTable1_definitions.csv","Kochiyama_etal_2018_ExtendedDataTable1_definitions.csv"
"Kochiyama_etal_2018/reference_tables/Kochiyama_etal_2018_ExtendedDataTable3_definitions.csv","Kochiyama_etal_2018_ExtendedDataTable3_definitions.csv"
"Kochiyama_etal_2018/reference_tables/Kochiyama_etal_2018_Figure3_definitions.csv","Kochiyama_etal_2018_Figure3_definitions.csv"
"Kochiyama_etal_2018/reference_tables/Kochiyama_etal_2018_Figure3legend_definitions.csv","Kochiyama_etal_2018_Figure3legend_definitions.csv"
"Kochiyama_etal_2018/reference_tables/Kochiyama_etal_2018_FossilSpecimensText_definitions.csv","Kochiyama_etal_2018_FossilSpecimensText_definitions.csv"
"Krompecher_Lipak_1966/Krompecher_Lipak_1966_Table2_definitions.csv","Krompecher_Lipak_1966_Table2_definitions.csv"
"Krubitzer_Kaas_1990/reference_tables/Krubitzer_Kaas_1990_Table1_definitions.csv","Krubitzer_Kaas_1990_Table1_definitions.csv"
"Kverkova_etal_2018/Kverkova_etal_2018_definitions.csv","Kverkova_etal_2018_definitions.csv"
"Latimer__1942/reference_tables/Latimer__1942_TABLEI_definitions.csv","Latimer__1942_TABLEI_definitions.csv"
"Latimer__1956/reference_tables/Latimer__1956_Table2_definitions.csv","Latimer__1956_Table2_definitions.csv"
"Lewitus_etal_2013/Lewitus_etal_2013_definitions.csv","Lewitus_etal_2013_definitions.csv"
"Lewitus_etal_2013/reference_tables/Lewitus_etal_2013_TableS2partial_definitions.csv","Lewitus_etal_2013_TableS2partial_definitions.csv"
"Lewitus_etal_2014/Lewitus_etal_2014_definitions.csv","Lewitus_etal_2014_definitions.csv"
"Lewitus_etal_2014/reference_tables/Lewitus_etal_2014_TableS1_definitions.csv","Lewitus_etal_2014_TableS1_definitions.csv"
"Lewitus_etal_2014/reference_tables/Lewitus_etal_2014_TableS8_definitions.csv","Lewitus_etal_2014_TableS8_definitions.csv"
"Liu_etal_2016/reference_tables/Liu_etal_2016_TableS1_definitions.csv","Liu_etal_2016_TableS1_definitions.csv"
"Lyamin_etal_2008/Lyamin_etal_2008_Table1_definitions.csv","Lyamin_etal_2008_Table1_definitions.csv"
"Lyamin_etal_2008/Lyamin_etal_2008_Table1_snapshot.csv","Lyamin_etal_2008_Table1_snapshot.csv"
"Lyamin_etal_2008/Lyamin_etal_2008_Table1.csv","Lyamin_etal_2008_Table1.csv"
"Lyamin_etal_2008/Lyamin_etal_2008_Table2_definitions.csv","Lyamin_etal_2008_Table2_definitions.csv"
"Lyamin_etal_2008/Lyamin_etal_2008_Table2_snapshot.csv","Lyamin_etal_2008_Table2_snapshot.csv"
"Mackes_etal_2020/Mackes_etal_2020_definitions.csv","Mackes_etal_2020_definitions.csv"
"MacLeod_etal_2003/MacLeod_etal_2003_definitions.csv","MacLeod_etal_2003_definitions.csv"
"MacLeod_etal_2003/MacLeod_etal_2003_Table2_snapshot.csv","MacLeod_etal_2003_Table2_snapshot.csv"
"Manger__2006/Manger__2006_Table1_snapshot.csv","Manger__2006_Table1_snapshot.csv"
"Manger__2006/Manger__2006_Table1.csv","Manger__2006_Table1.csv"
"Matano__1986/reference_tables/Matano__1986_TableI_definitions.csv","Matano__1986_TableI_definitions.csv"
"Matano__1992/reference_tables/Matano__1992_Table1_definitions.csv","Matano__1992_Table1_definitions.csv"
"Matano__1992/reference_tables/Matano__1992_Table2_definitions.csv","Matano__1992_Table2_definitions.csv"
"Matano__1992/reference_tables/Matano__1992_Table3_definitions.csv","Matano__1992_Table3_definitions.csv"
"Matano__1992/reference_tables/Matano__1992_Table4_definitions.csv","Matano__1992_Table4_definitions.csv"
"Matano__2001/Matano__2001_TABLE2.csv","Matano__2001_TABLE2.csv"
"Matano_etal_1985_a/reference_tables/Matano_etal_1985_a_Table1_definitions.csv","Matano_etal_1985_a_Table1_definitions.csv"
"Matano_etal_1985_b/reference_tables/Matano_etal_1985_b_Table1_definitions.csv","Matano_etal_1985_b_Table1_definitions.csv"
"MedinaGonzález__2026/reference_tables/MedinaGonzález__2026_SupplementaryFile1_definitions.csv","MedinaGonzález__2026_SupplementaryFile1_definitions.csv"
"MedinaGonzález__2026/reference_tables/MedinaGonzález__2026_SupplementaryFile2_definitions.csv","MedinaGonzález__2026_SupplementaryFile2_definitions.csv"
"MedinaGonzález__2026/reference_tables/MedinaGonzález__2026_SupplementaryFile3_definitions.csv","MedinaGonzález__2026_SupplementaryFile3_definitions.csv"
"Morgan_etal_2014/Morgan_etal_2014_definitions.csv","Morgan_etal_2014_definitions.csv"
"Mota_etal_2015/Mota_etal_2015_definitions.csv","Mota_etal_2015_definitions.csv"
"Myhrvold_etal_2015/Data_Files/Amniote_Database_Aug_2015.csv","Amniote_Database_Aug_2015.csv"
"Myhrvold_etal_2015/Data_Files/Amniote_Database_References_Aug_2015.csv","Amniote_Database_References_Aug_2015.csv"
"Myhrvold_etal_2015/Data_Files/Amniote_Range_Count_Aug_2015.csv","Amniote_Range_Count_Aug_2015.csv"
"Myhrvold_etal_2015/Data_Files/Amniote_Sparse_Table_Aug_2015.csv","Amniote_Sparse_Table_Aug_2015.csv"
"Myhrvold_etal_2015/Supplemental_Materials/Supplemental_Table_2_Reference_Counts.csv","Supplemental_Table_2_Reference_Counts.csv"
"Myhrvold_etal_2015/Supplemental_Materials/Supplemental_Table_3_Aves_Name_Transformations.csv","Supplemental_Table_3_Aves_Name_Transformations.csv"
"Myhrvold_etal_2015/Supplemental_Materials/Supplemental_Table_4_Mammalia_Name_Transformations.csv","Supplemental_Table_4_Mammalia_Name_Transformations.csv"
"Myhrvold_etal_2015/Supplemental_Materials/Supplemental_Table_5_Reptilia_Name_Transformations.csv","Supplemental_Table_5_Reptilia_Name_Transformations.csv"
"Myhrvold_etal_2015/Supplemental_Materials/Supplemental_Table_6_Aves_Synonyms.csv","Supplemental_Table_6_Aves_Synonyms.csv"
"Myhrvold_etal_2015/Supplemental_Materials/Supplemental_Table_7_Mammalia_Synonyms.csv","Supplemental_Table_7_Mammalia_Synonyms.csv"
"Myhrvold_etal_2015/Supplemental_Materials/Supplemental_Table_8_Reptilia_Synonyms.csv","Supplemental_Table_8_Reptilia_Synonyms.csv"
"Myhrvold_etal_2015/Supplemental_Materials/Supplemental_Table_9_Dataset_Field_Information.csv","Supplemental_Table_9_Dataset_Field_Information.csv"
"Navarrete_etal_2016/reference_tables/Navarrete_etal_2016_Data_definitions.csv","Navarrete_etal_2016_Data_definitions.csv"
"Nguyen_etal_2019/reference_tables/Nguyen_etal_2019_Table2_definitions.csv","Nguyen_etal_2019_Table2_definitions.csv"
"Nudo_etal_1995/reference_tables/Nudo_etal_1995_TABLE1_definitions.csv","Nudo_etal_1995_TABLE1_definitions.csv"
"Nudo_etal_1995/reference_tables/Nudo_etal_1995_TABLE2_definitions.csv","Nudo_etal_1995_TABLE2_definitions.csv"
"Nudo_etal_1995/reference_tables/Nudo_etal_1995_TABLE3_definitions.csv","Nudo_etal_1995_TABLE3_definitions.csv"
"Nudo_etal_1995/reference_tables/Nudo_etal_1995_TABLE4_definitions.csv","Nudo_etal_1995_TABLE4_definitions.csv"
"Nudo_etal_1995/reference_tables/Nudo_etal_1995_TABLE5_definitions.csv","Nudo_etal_1995_TABLE5_definitions.csv"
"Olkowicz_etal_2016/reference_tables/Olkowicz_etal_2016_DatasetS1_definitions.csv","Olkowicz_etal_2016_DatasetS1_definitions.csv"
"PalomeroGallagher_Zilles_2018/reference_tables/PalomeroGallagher_Zilles_2018_TableS3_definitions.csv","PalomeroGallagher_Zilles_2018_TableS3_definitions.csv"
"Peruffo_etal_2019/reference_tables/Peruffo_etal_2019_Table2_definitions.csv","Peruffo_etal_2019_Table2_definitions.csv"
"Reader_etal_2011/reference_tables/Reader_etal_2011_definitions.csv","Reader_etal_2011_definitions.csv"
"Reader_Laland_2002/Reader_Laland_2002_definitions.csv","Reader_Laland_2002_definitions.csv"
"Reep_etal_2007/reference_tables/Reep_etal_2007_Table1_definitions.csv","Reep_etal_2007_Table1_definitions.csv"
"Ribeiro_etal_2013/reference_tables/Ribeiro_etal_2013_Table1_definitions.csv","Ribeiro_etal_2013_Table1_definitions.csv"
"Ruf_Geiser_2015/Ruf_Geiser_2015_Table1_definitions.csv","Ruf_Geiser_2015_Table1_definitions.csv"
"Ruf_Geiser_2015/Ruf_Geiser_2015_Table1_snapshot.csv","Ruf_Geiser_2015_Table1_snapshot.csv"
"Schleifenbaum__1973/reference_tables/Schleifenbaum__1973_Tables1-2_definitions.csv","Schleifenbaum__1973_Tables1-2_definitions.csv"
"Semendeferi_Damasio_2000/reference_tables/Semendeferi_Damasio_2000_Table2_definitions.csv","Semendeferi_Damasio_2000_Table2_definitions.csv"
"Semendeferi_etal_1998/reference_tables/Semendeferi_etal_1998_TABLE4_definitions.csv","Semendeferi_etal_1998_TABLE4_definitions.csv"
"Semendeferi_etal_1998/Semendeferi_etal_1998_definitions.csv","Semendeferi_etal_1998_definitions.csv"
"Semendeferi_etal_1998/Semendeferi_etal_1998_TABLE2_snapshot.csv","Semendeferi_etal_1998_TABLE2_snapshot.csv"
"Semendeferi_etal_1998/Semendeferi_etal_1998_TABLE2.csv","Semendeferi_etal_1998_TABLE2.csv"
"Semendeferi_etal_2001/reference_tables/Semendeferi_etal_2001_TABLE3_definitions.csv","Semendeferi_etal_2001_TABLE3_definitions.csv"
"Semendeferi_etal_2001/Semendeferi_etal_2001_definitions.csv","Semendeferi_etal_2001_definitions.csv"
"Semendeferi_etal_2001/Semendeferi_etal_2001_TABLE2_snapshot.csv","Semendeferi_etal_2001_TABLE2_snapshot.csv"
"Semendeferi_etal_2001/Semendeferi_etal_2001_TABLE2.csv","Semendeferi_etal_2001_TABLE2.csv"
"Semendeferi_etal_2002/Semendeferi_etal_2002_definitions.csv","Semendeferi_etal_2002_definitions.csv"
"Seymour_etal_2015/reference_tables/Seymour_etal_2015_TableS1_definitions.csv","Seymour_etal_2015_TableS1_definitions.csv"
"Seymour_etal_2017/reference_tables/Seymour_etal_2017_TableS1_definitions.csv","Seymour_etal_2017_TableS1_definitions.csv"
"Seymour_etal_2019/reference_tables/Seymour_etal_2019_rspb20192208si002_definitions.csv","Seymour_etal_2019_rspb20192208si002_definitions.csv"
"Sherwood_etal_2003/reference_tables/Sherwood_etal_2003_Table1_definitions.csv","Sherwood_etal_2003_Table1_definitions.csv"
"Sherwood_etal_2004_I/Sherwood_etal_2004_I_Table4_definitions.csv","Sherwood_etal_2004_I_Table4_definitions.csv"
"Sherwood_etal_2004_I/Sherwood_etal_2004_I_Table5_definitions.csv","Sherwood_etal_2004_I_Table5_definitions.csv"
"Sherwood_etal_2005/Sherwood_etal_2005_Table1_definitions.csv","Sherwood_etal_2005_Table1_definitions.csv"
"Smaers_etal_2011/Smaers_etal_2011_definitions.csv","Smaers_etal_2011_definitions.csv"
"Smaers_etal_2017/__ReadMe_rows_to_add_Smaers2017.csv","__ReadMe_rows_to_add_Smaers2017.csv"
"Smaers_etal_2017/primary_source_checks/check_primaryvisual_vs_deSousa2010.csv","check_primaryvisual_vs_deSousa2010.csv"
"Smaers_etal_2017/primary_source_checks/frontal_lobe_partition_check.csv","frontal_lobe_partition_check.csv"
"Smaers_etal_2017/primary_source_checks/Smaers_etal_2017_attributed_long.csv","Smaers_etal_2017_attributed_long.csv"
"Smaers_etal_2017/reference_tables/Smaers_etal_2017_TableS1part1_definitions.csv","Smaers_etal_2017_TableS1part1_definitions.csv"
"Smaers_etal_2017/reference_tables/Smaers_etal_2017_TableS1part2_definitions.csv","Smaers_etal_2017_TableS1part2_definitions.csv"
"Smaers_etal_2017/Smaers_etal_2017_TableS1_primary_sources.csv","Smaers_etal_2017_TableS1_primary_sources.csv"
"Smaers_etal_2018/reference_tables/Smaers_etal_2018_Figure2-data1_definitions.csv","Smaers_etal_2018_Figure2-data1_definitions.csv"
"Stephan_etal_1970/Stephan_etal_1970_definitions.csv","Stephan_etal_1970_definitions.csv"
"Stephan_etal_1970/Stephan_etal_1970_Tables1-3_snapshot_DRAFT.csv","Stephan_etal_1970_Tables1-3_snapshot_DRAFT.csv"
"Stephan_etal_1970/Stephan_etal_1970_Tables4-6_snapshot_DRAFT.csv","Stephan_etal_1970_Tables4-6_snapshot_DRAFT.csv"
"Stephan_etal_1981/reference_tables/Stephan_etal_1981_definitions.csv","Stephan_etal_1981_definitions.csv"
"Stephan_etal_1982/reference_tables/Stephan_etal_1982_definitions.csv","Stephan_etal_1982_definitions.csv"
"Stephan_etal_1984/reference_tables/Stephan_etal_1984_Table1_definitions.csv","Stephan_etal_1984_Table1_definitions.csv"
"Stephan_etal_1987/reference_tables/Stephan_etal_1987_Table1_definitions.csv","Stephan_etal_1987_Table1_definitions.csv"
"Stephan_etal_1987/Stephan_etal_1987_definitions.csv","Stephan_etal_1987_definitions.csv"
"Stephan_etal_1987/Stephan_etal_1987_Table1_snapshot.csv","Stephan_etal_1987_Table1_snapshot.csv"
"Stephan_etal_1988/reference_tables/Stephan_etal_1988_Table1_definitions.csv","Stephan_etal_1988_Table1_definitions.csv"
"Stephan_Pirlot_1970/reference_tables/Stephan_Pirlot_1970_Table1_definitions.csv","Stephan_Pirlot_1970_Table1_definitions.csv"
"Todorov_etal_2019/reference_tables/Todorov_etal_2019_rspb20191712si001_definitions.csv","Todorov_etal_2019_rspb20191712si001_definitions.csv"
"Turner_etal_2016/reference_tables/Turner_etal_2016_Table1_definitions.csv","Turner_etal_2016_Table1_definitions.csv"
"Upham_etal_2019/reference_tables/Upham_etal_2019_DNAonlyMCC_definitions.csv","Upham_etal_2019_DNAonlyMCC_definitions.csv"
"VanEssen_Drury_1997/reference_tables/VanEssen_Drury_1997_Table1_definitions.csv","VanEssen_Drury_1997_Table1_definitions.csv"
"Veilleux_Kirk_2014/reference_tables/Veilleux_Kirk_2014_SupplementalTable1_definitions.csv","Veilleux_Kirk_2014_SupplementalTable1_definitions.csv"
"Veilleux_Kirk_2014/Veilleux_Kirk_2014_SupplementalTable1_snapshot.csv","Veilleux_Kirk_2014_SupplementalTable1_snapshot.csv"
"Walhovd_etal_2011/Walhovd_etal_2011_definitions.csv","Walhovd_etal_2011_definitions.csv"
"Weaver__2001/reference_tables/Weaver__2001_NotesforTableA-15_definitions.csv","Weaver__2001_NotesforTableA-15_definitions.csv"
"Weaver__2001/reference_tables/Weaver__2001_TableA-11_definitions.csv","Weaver__2001_TableA-11_definitions.csv"
"Weaver__2001/reference_tables/Weaver__2001_TableA-15_definitions.csv","Weaver__2001_TableA-15_definitions.csv"
"Weibel_etal_2004/reference_tables/Weibel_etal_2004_Table1_definitions.csv","Weibel_etal_2004_Table1_definitions.csv"
"Weibel_etal_2004/reference_tables/Weibel_etal_2004_TableA.1_definitions.csv","Weibel_etal_2004_TableA.1_definitions.csv"
"Wilman_etal_2014/reference_tables/Wilman_etal_2014_MamFuncDat_definitions.csv","Wilman_etal_2014_MamFuncDat_definitions.csv"
"Wimberly_etal_2021/reference_tables/Wimberly_etal_2021_MammalGait_definitions.csv","Wimberly_etal_2021_MammalGait_definitions.csv"
"Young_etal_2013_b/reference_tables/Young_etal_2013_b_Table1_definitions.csv","Young_etal_2013_b_Table1_definitions.csv"
"Young_etal_2013/reference_tables/Young_etal_2013_Table1_definitions.csv","Young_etal_2013_Table1_definitions.csv"
"Zilles_etal_2013/Zilles_etal_2013_definitions.csv","Zilles_etal_2013_definitions.csv"
"Zilles_Rehkämper_1988/reference_tables/Zilles_Rehkämper_1988_Table12-2_definitions.csv","Zilles_Rehkämper_1988_Table12-2_definitions.csv"
