folder,n_files,paper_pdf,supp_pdf,n_frozen,frozen_files,n_derived,derived_files,n_registry_rows,registry_items,source_urls
Andelin_etal_2019,4,1,0,1,Andelin_etal_2019_Table4_snapshot.csv,1,Andelin_etal_2019_Table4.csv,1,Andelin_etal_2019_Table4,
Armstrong__1979,10,1,0,5,Armstrong__1979_Tables1-9.csv; Armstrong__1979_Tables1-9_neuronal_density_counts.csv; Armstrong__1979_Tables1-9_neuronal_perikaryal_volume.csv; Armstrong__1979_Tables1-9_snapshot.csv; Armstrong__1979_Tables1-9_volumes.csv,1,Armstrong__1979_specimen_crosswalk.csv,1,Armstrong__1979_Tables1-9,https://doi.org/10.1002/ajpa.1330510308
Ashwell__2020,6,1,0,3,1-s2.0-S094420062030012X-mmc1.docx; Ashwell__2020_SupplementaryTable.csv; Ashwell__2020_SupplementaryTable_snapshot.xlsx,0,,1,Ashwell__2020_SupplementaryTable,
AvelinodeSouza_etal_2025,6,1,0,1,AvelinodeSouza_etal_2025_TABLE1_snapshot.csv,1,AvelinodeSouza_etal_2025_TABLE1.csv,1,AvelinodeSouza_etal_2025_TABLE1,https://doi.org/10.1002/cne.70089
Baker_etal_2025,9,1,0,3,42003_2025_8686_MOESM3_ESM.xlsx; Baker_etal_2025_SupplementaryData1.csv; Baker_etal_2025_SupplementaryData1_snapshot.xlsx,0,,1,Baker_etal_2025_SupplementaryData1,
Balzeau_etal_2012,16,1,0,3,Balzeau_etal_2012_Table2_snapshot.csv; Balzeau_etal_2012_Table3_snapshot.csv; Balzeau_etal_2012_Table5_snapshot.csv,3,Balzeau_etal_2012_Table3.csv; Balzeau_etal_2012_Table2.csv; Balzeau_etal_2012_Table5.csv,3,Balzeau_etal_2012_Table2; Balzeau_etal_2012_Table3; Balzeau_etal_2012_Table5,
BarbeitoAndrés_etal_2019,19,1,0,7,BarbeitoAndrés_etal_2019_celldensity_snapshot.csv; BarbeitoAndrés_etal_2019_celldensity_snapshot.tsv; BarbeitoAndrés_etal_2019_cellnumber_snapshot.csv; BarbeitoAndrés_etal_2019_cellnumber_snapshot.tsv; BarbeitoAndrés_etal_2019_volumes_snapshot.csv; BarbeitoAndrés_etal_2019_volumes_snapshot.tsv; data_figshare.xlsx,8,BarbeitoAndrés_etal_2019_volumes.tsv; BarbeitoAndrés_etal_2019_cellnumber.csv; BarbeitoAndrés_etal_2019_tidy.csv; BarbeitoAndrés_etal_2019_celldensity.tsv; BarbeitoAndrés_etal_2019_tidy.tsv; BarbeitoAndrés_etal_2019_celldensity.csv; BarbeitoAndrés_etal_2019_cellnumber.tsv; BarbeitoAndrés_etal_2019_volumes.csv,3,BarbeitoAndrés_etal_2019_celldensity; BarbeitoAndrés_etal_2019_cellnumber; BarbeitoAndrés_etal_2019_volumes,
Barger_etal_2007,6,1,0,1,Barger_etal_2007_Table1_snapshot.csv,1,Barger_etal_2007_Table1.csv,1,Barger_etal_2007_TABLE1,
Barger_etal_2012,6,1,0,1,Barger_etal_2012_Table3_snapshot.xlsx,1,Barger_etal_2012_Table3.csv,1,Barger_etal_2012_Table3,
Barger_etal_2014,7,1,0,2,Barger-2014-Evidence for evoluti.xlsx; Barger_etal_2014_Table1_snapshot.xlsx,1,Barger_etal_2014_Table1.csv,1,Barger_etal_2014_Table1,
Barks_etal_2014,18,1,0,6,Barks-2014-Brain organization o.xlsx; Barks_etal_2014_Fig4A_snapshot.csv; Barks_etal_2014_Fig5A_snapshot.csv; Barks_etal_2014_TABLE1_snapshot.xlsx; Barks_etal_2014_TABLE2_snapshot.xlsx; Barks_etal_2014_unpublishedviaDeCasien_snapshot.xlsx,5,Barks_etal_2014_TABLE1.csv; Barks_etal_2014_TABLE2.csv; Barks_etal_2014_unpublishedviaDeCasien.csv; Barks_etal_2014_Fig5A.csv; Barks_etal_2014_Fig4A.csv,5,Barks_etal_2014_Fig4A; Barks_etal_2014_Fig5A; Barks_etal_2014_TABLE1; Barks_etal_2014_TABLE2; Barks_etal_2014_unpublishedviaDeCasien,
Baron_etal_1983,6,1,0,1,Baron_etal_1983_Table1_snapshot.xlsx,1,Baron_etal_1983_Table1.csv,1,Baron_etal_1983_Table1,
Baron_etal_1987,6,1,0,1,Baron_etal_1987_Table1_snapshot.xlsx,1,Baron_etal_1987_Table1.csv,1,Baron_etal_1987_Table1,
Baron_etal_1988,6,1,0,1,Baron_etal_1988_Table1_snapshot.xlsx,1,Baron_etal_1988_Table1.csv,1,Baron_etal_1988_Table1,
Baron_etal_1990,6,1,0,1,Baron_etal_1990_Table1_snapshot.xlsx,1,Baron_etal_1990_Table1.csv,1,Baron_etal_1990_Table1,
Baron_etal_1996,74,1,0,16,Baron_etal_1996_Table10_snapshot.csv; Baron_etal_1996_Table13_snapshot.csv; Baron_etal_1996_Table16_snapshot.csv; Baron_etal_1996_Table19_snapshot.csv; Baron_etal_1996_Table22_snapshot.csv; Baron_etal_1996_Table25_snapshot.csv; Baron_etal_1996_Table28_snapshot.csv; Baron_etal_1996_Table30_snapshot.csv; Baron_etal_1996_Table32_snapshot.csv; Baron_etal_1996_Table36_snapshot.csv; Baron_etal_1996_Table39_snapshot.csv; Baron_etal_1996_Table42_snapshot.csv; Baron_etal_1996_Table45_snapshot.csv; Baron_etal_1996_Table48_snapshot.csv; Baron_etal_1996_Table51_snapshot.csv; Baron_etal_1996_Table8_snapshot.csv,19,Baron_etal_1996_Table32.csv; Baron_etal_1996_Table30.csv; Baron_etal_1996_Table25.csv; Baron_etal_1996_Table19.csv; Baron_etal_1996_Table8.csv; Baron_etal_1996_Table22.csv; Baron_etal_1996_Table36.csv; Baron_etal_1996_Table51.csv; Baron_etal_1996_Table45.csv; Baron_etal_1996_overlap_audit.csv; Baron_etal_1996_Table42.csv; Baron_etal_1996_species_overlap_audit.csv; Baron_etal_1996_Table48.csv; Baron_etal_1996_taxonomy_crosswalk.csv; Baron_etal_1996_Table13.csv; Baron_etal_1996_Table39.csv; Baron_etal_1996_Table10.csv; Baron_etal_1996_Table28.csv; Baron_etal_1996_Table16.csv,19,Baron_etal_1996_Table10; Baron_etal_1996_Table13; Baron_etal_1996_Table16; Baron_etal_1996_Table19; Baron_etal_1996_Table2; Baron_etal_1996_Table22; Baron_etal_1996_Table25; Baron_etal_1996_Table28; Baron_etal_1996_Table30; Baron_etal_1996_Table32; Baron_etal_1996_Table35; Baron_etal_1996_Table36; Baron_etal_1996_Table39; Baron_etal_1996_Table42; Baron_etal_1996_Table45; Baron_etal_1996_Table48; Baron_etal_1996_Table5; Baron_etal_1996_Table51; Baron_etal_1996_Table8,
Bauernfeind_etal_2013,18,1,0,4,Bauernfeind_Table1_left_laterality_update.zip; Bauernfeind_etal_2013_Table1_snapshot.xlsx; Bauernfeind_etal_2013_Table2_snapshot.xlsx; Bauernfeind_etal_2013_Table3_snapshot.xlsx,4,bauernfeind_etal_2013.xlsx; Bauernfeind_etal_2013_Table1.csv; Bauernfeind_etal_2013_Table3.csv; Bauernfeind_etal_2013_Table2.csv,3,Bauernfeind_etal_2013_Table1; Bauernfeind_etal_2013_Table2; Bauernfeind_etal_2013_Table3,
Bortoff_Strick_1993,8,1,0,2,Bortoff_Strick_1993_Table1_snapshot.xlsx; PROPOSED_species_key_rows.csv,1,Bortoff_Strick_1993_Table1.csv,1,Bortoff_Strick_1993_Table1,https://doi.org/10.1523/JNEUROSCI.13-12-05105.1993
Boyer_Harrington_2018,5,1,0,1,Boyer_Harrington_2018_Table1_snapshot.xlsx,2,Boyer_Harrington_2018_Table1.csv; Boyer_Harrington_2018_Table1_references.csv,1,Boyer_Harrington_2018_Table1,
Boyer_Harrington_2019,5,1,0,3,1-s2.0-S0047248418301799-mmc1.docx; Boyer_Harrington_2019_SOMTableS6.csv; Boyer_Harrington_2019_SOMTableS6_snapshot.xlsx,0,,1,Boyer_Harrington_2019_SOMTableS6,
Brodmann__1913,7,2,0,1,Brodmann__1913_Table1_snapshot.xlsx,1,Brodmann__1913_Table1.csv,2,Brodmann__1913_Tabelle1; Brodmann__1913_Table1,
Burger_etal_2019,10,1,0,5,Burger_etal_2019_SupplementaryDataSD1.csv; Burger_etal_2019_SupplementaryDataSD1_snapshot.xlsx; gyz043_suppl_Supplement_Data.csv; gyz043_suppl_supplement_data.zip; gyz043_suppl_supplement_material.docx,0,,1,Burger_etal_2019_SupplementaryDataSD1,
Burish_etal_2010,11,2,0,4,Burish-2010-Cellular scaling rules for primate.xlsx; Burish_etal_2010_SupplementaryTable1.csv; Burish_etal_2010_SupplementaryTable1_snapshot.csv; Burish_etal_2010_Table1_snapshot.csv,1,Burish_etal_2010_Table1.csv,2,Burish_etal_2010_SupplementaryTable1; Burish_etal_2010_Table1,https://doi.org/10.1159/000319019
Bush_Allman_2003,6,1,0,1,Bush_Allman_2003_Table1_snapshot.csv,1,Bush_Allman_2003_Table1.csv,1,Bush_Allman_2003_Table1,
Bush_Allman_2004_a,7,1,0,1,Bush_Allman_2004_a_Table2_snapshot.csv,1,Bush_Allman_2004_a_Table2.csv,2,Bush_Allman_2004_a_Table2; Bush_Allman_2004_b_TABLE1,
Bush_Allman_2004_b,6,1,0,1,Bush_Allman_2004_b_TABLE1_snapshot.csv,1,Bush_Allman_2004_b_TABLE1.csv,2,Bush_Allman_2004_a_Table2; Bush_Allman_2004_b_TABLE1,
Campos_Welker_1976,9,1,0,1,Campos_Welker_1976_Table1_snapshot.csv,4,Campos_Welker_1976_Table1_cell_count.csv; Campos_Welker_1976_Table1_cortical_morphometry.csv; Campos_Welker_1976_Table1_volume.csv; Campos_Welker_1976_Table1.csv,1,Campos_Welker_1976_Table1,https://doi.org/10.1159/000123814
Capellini_etal_2008,10,1,0,3,sleep-data_Female.csv; sleep-data_Male.csv; sleep-data_Mixed.csv,3,Capellini_etal_2008_sleep-dataMixed.csv; Capellini_etal_2008_sleep-dataMale.csv; Capellini_etal_2008_sleep-dataFemale.csv,3,Capellini_etal_2008_sleep-dataFemale; Capellini_etal_2008_sleep-dataMale; Capellini_etal_2008_sleep-dataMixed,
Caspar_etal_2022,12,1,0,3,Caspar_etal_2022_Supplementaryfile3.csv; Caspar_etal_2022_Table1_snapshot.xlsx; elife-77875-supp3-v1.xlsx,2,Caspar_etal_2022_Table1.csv; Caspar_etal_2022_exportMSexcel.xlsx,2,Caspar_etal_2022_Supplementaryfile3; Caspar_etal_2022_Table1,https://cdn.elifesciences.org/articles/77875/elife-77875-supp3-v1.xlsx; https://elifesciences.org/download/aHR0cHM6Ly9jZG4uZWxpZmVzY2llbmNlcy5vcmcvYXJ0aWNsZXMvNzc4NzUvZWxpZmUtNzc4NzUtdjEucGRmP2Nhbm9uaWNhbFVyaT1odHRwczovL2VsaWZlc2NpZW5jZXMub3JnL2FydGljbGVzLzc3ODc1/elife-77875-v1.pdf?_hash=NStjcL9fTlmy3AQDwSiM0YgMVB3UYjO8nDg0UbwN5gM%3D
Caves_etal_2018,5,1,0,2,Caves_etal_2018_TableS1.csv; Caves_etal_2018_TableS1_snapshot.csv,0,,1,Caves_etal_2018_TableS1,
Changizi_He_2005,1,1,0,0,,0,,5,Changizi_Shimojo_2005_Table1; Changizi_Shimojo_2005_Table2; Changizi_Shimojo_2005_Table3; Changizi_Shimojo_2005_Table4; Changizi_Shimojo_2005_Table5,
Changizi_Shimojo_2005,28,1,0,6,Changizi_Shimojo_2005_Table1_snapshot.xlsx; Changizi_Shimojo_2005_Table2_snapshot.xlsx; Changizi_Shimojo_2005_Table3_snapshot.xlsx; Changizi_Shimojo_2005_Table4_snapshot.xlsx; Changizi_Shimojo_2005_Table5_snapshot.xlsx; PROPOSED_species_key_rows.csv,5,Changizi_Shimojo_2005_Table4.csv; Changizi_Shimojo_2005_Table5.csv; Changizi_Shimojo_2005_Table2.csv; Changizi_Shimojo_2005_Table3.csv; Changizi_Shimojo_2005_Table1.csv,5,Changizi_Shimojo_2005_Table1; Changizi_Shimojo_2005_Table2; Changizi_Shimojo_2005_Table3; Changizi_Shimojo_2005_Table4; Changizi_Shimojo_2005_Table5,
Changizi__2001,8,1,0,3,Changizi__2001_Figure3_snapshot.csv; __file_list.csv; common_name_to_species.csv,1,Changizi__2001_Figure3.csv,1,Changizi__2001_Figure3,
Changizi__2003,6,1,0,1,Changizi__2003_Table1_snapshot.xlsx,1,Changizi__2003_Table1.csv,1,Changizi__2003_Table1,https://doi.org/10.1006/jtbi.2003.3125
Chaplin_etal_2013,6,1,0,1,Chaplin_etal_2013_ResultsText_snapshot.xlsx,1,Chaplin_etal_2013_ResultsText.csv,1,Chaplin_etal_2013_ResultsText,https://doi.org/10.1523/JNEUROSCI.2909-13.2013
Chen_Wiens_2020,6,1,0,4,41467_2020_14356_MOESM6_ESM.xlsx; 41467_2020_14356_MOESM6_ESM/Metadata-Table 1.tsv; 41467_2020_14356_MOESM6_ESM/References-Table 1.tsv; 41467_2020_14356_MOESM6_ESM/Supplementary Data_3-Table 1.tsv,0,,1,Chen_Wiens_2020_SupplementaryData3,https://static-content.springer.com/esm/art%3A10.1038%2Fs41467-020-14356-3/MediaObjects/41467_2020_14356_MOESM6_ESM.xlsx
Collins_etal_2010,9,2,0,4,Collins_etal_2010_DatasetS1.csv; Collins_etal_2010_DatasetS1_snapshot.xlsx; Collins_etal_2010_text_snapshot.xlsx; sd01 (1).xls,0,,1,Collins_etal_2010_DatasetS1,
Collins_etal_2016,7,1,0,2,Collins_etal_2016_Table1_snapshot.xlsx; Collins_etal_2016_text_snapshot.xlsx,1,Collins_etal_2016_Table1.csv,1,Collins_etal_2016_Table1,
DeCasien_Higham_2019,5,1,1,2,41559_2019_969_MOESM1_ESM.pdf; 41559_2019_969_MOESM3_ESM.xlsx,1,DeCasien_Higham_2019_references_braindata.csv,4,DeCasien_Higham_2019_SupplementaryData1-ActivityPeriod; DeCasien_Higham_2019_SupplementaryData1-BrainRegion; DeCasien_Higham_2019_SupplementaryData1-Diet; DeCasien_Higham_2019_SupplementaryData1-SocialSystem,https://www.nature.com/articles/s41559-019-0969-0#Sec13
Deaner_etal_2006,6,1,0,1,Deaner_etal_2006_Table1_snapshot.xlsx,1,Deaner_etal_2006_Table1.csv,1,Deaner_etal_2006_Table1,
Deaner_etal_2007,1,1,0,0,,0,,0,,
Demirci_etal_2023,7,1,0,1,Demirci_etal_2023_Fig.1_snapshot.xlsx,1,Demirci_etal_2023_Fig.1.csv,1,Demirci_etal_2023_Fig.1,
DosSantos_etal_2017,8,1,0,4,452856_sm10.doc; 452856_sm10.txt; DosSantos_etal_2017_TableS1.csv; DosSantos_etal_2017_TableS1_snapshot.csv,0,,1,DosSantos_etal_2017_TableS1,https://ndownloader.figstatic.com/files/7428211
DosSantos_etal_2020,19,1,0,5,DosSantos_etal_2020_Table1_snapshot.csv; Percentage difference OK.txt; Percentage difference major issues.txt; species_comparison.csv; todo.txt,5,DosSantos_etal_2020_Table1.csv; DosSantos_etal_2020_unpublished.csv; DosSantos_etal_2020_Table1_conflict_cellcounts problem note.txt; DosSantos_etal_2020_crosssource_check.csv; DosSantos_etal_2020_comparison_report.csv,2,DosSantos_etal_2020_Table1; DosSantos_etal_2020_unpublished,https://doi.org/10.1523/JNEUROSCI.2339-19.2020
Eagleman_Vaughn_2021,5,1,0,1,Eagleman_Vaughn_2021_TABLE1_snapshot.csv,1,Eagleman_Vaughn_2021_TABLE1.csv,1,Eagleman_Vaughn_2021_TABLE1,
Ebinger__1974,7,1,0,2,Ebinger__1974_Tables3-4.csv; Ebinger__1974_Tables3-4_snapshot.csv,1,Ebinger-1974-A cytoarchitectonic.xlsx,1,Ebinger__1974_Tables3-4,
Falcone_etal_2019,12,1,0,3,Falcone_etal_2019_TABLE1_snapshot.csv; Falcone_etal_2019_TABLE2_snapshot.csv; Falcone_variables.xlsx,2,Falcone_etal_2019_TABLE1.csv; Falcone_etal_2019_TABLE2.csv,2,Falcone_etal_2019_TABLE1; Falcone_etal_2019_TABLE2,
Finlay_etal_2006,9,1,0,2,Finlay_etal_2006_Table6.1_snapshot.xlsx; common_name_to_species.csv,3,Finlay_etal_2006_Table6.1.csv; Finlay_etal_2006_Table6.1_source_attribution.csv; Finlay_etal_2006_exportMSexcel.xlsx,1,Finlay_etal_2006_Table6.1,https://www.researchgate.net/publication/299027052_Developmental_constraints_on_or_developmental_structure_in_brain_evolution
Frahm_Zilles_1994,7,1,0,1,Frahm_Zilles_1994_Table1_snapshot.xlsx,2,frahm_zilles_1994.xlsx; Frahm_Zilles_1994_Table1.csv,2,Frahm_Zilles_1994_Table1; Frahm_Zilles_1994_Table2,
Frahm_etal_1982,7,1,0,2,Frahm_etal_1982_Table2_snapshot.xlsx; frahm_stephan_1982.xlsx,1,Frahm_etal_1982_Table2.csv,1,Frahm_etal_1982_Table2,
Frahm_etal_1984,6,1,0,1,Frahm_etal_1984_Table1_snapshot.xlsx,1,Frahm_etal_1984_Table1.csv,1,Frahm_etal_1984_Table1,
Frahm_etal_1997,6,1,0,1,Frahm_etal_1997_Table1_snapshot.xlsx,1,Frahm_etal_1997_Table1.csv,1,Frahm_etal_1997_Table1,
Frahm_etal_1998,7,1,0,1,Frahm_etal_1998_Table1_snapshot.xlsx,2,Frahm_etal_1998_Table1.csv; frahm_etal_1998.xlsx,1,Frahm_etal_1998_Table1,
Fritsches_etal_2005,5,1,0,1,Fritsches_etal_2005_Fig2_snapshot.csv,1,Fritsches_etal_2005_Fig2.csv,1,Fritsches_etal_2005_Fig2,
Fu_etal_2013,3,1,0,0,,2,Fu_etal_2013_paper.xlsx; Fu_etal_2013_Table1.xlsx,1,Fu_etal_2013_Table1,
Gabi_etal_2016,8,2,0,2,Gabi_etal_2016_TableS1.csv; Gabi_etal_2016_TableS1_snapshot.xlsx,0,,1,Gabi_etal_2016_TableS1,
Garwicz_etal_2009,6,2,0,3,Garwicz_etal_2009_TableS1.csv; Garwicz_etal_2009_TableS1_snapshot.csv; Garwicz_etal_2009_TableS2_snapshot.csv,0,,2,Garwicz_etal_2009_TableS1; Garwicz_etal_2009_TableS2,https://www.pnas.org/doi/suppl/10.1073/pnas.0905777106/suppl_file/0905777106si.pdf
Genoud_etal_2018,7,1,1,3,Genoud_etal_2018_TableS2.csv; brv12350-sup-0002-tables1.pdf; brv12350-sup-0003-tables2.xlsx,0,,1,Genoud_etal_2018_TableS2,
Granatosky__2018,8,1,0,4,Granatosky__2018_TableS1.csv; Granatosky__2018_TableS1_snapshot.xlsx; jzo12608-sup-0001-tables1.xlsx; jzo12608-sup-0002-references.docx,0,,1,Granatosky__2018_TableS1,https://karger.com/bbe/article-pdf/86/3-4/145/2264694/000437413.pdf
Haarlem_etal_2026,6,1,0,2,Haarlem_et_al_cff_dataset_21_10_2025.csv; Haarlem_etal_2026_CFFdataset.csv,0,,1,Haarlem_etal_2026_CFFdataset,https://karger.com/bbe/article-pdf/86/3-4/145/2264694/000437413.pdf
Halley_Krubitzer_2019,5,1,0,0,,2,Halley_Krubitzer_2019_Figure1_source_audit.csv; Halley_Krubitzer_2019_Figure1_source_map.csv,1,Halley_Krubitzer_2019_Figure1,https://doi.org/10.1016/j.conb.2018.12.003
Hanson_etal_2018,12,1,0,2,Hanson_etal_2018_Table2_snapshot.csv; Hanson_etal_2018_Table3_snapshot.csv,3,Hanson_etal_2018_Table2_derived.csv; Hanson_etal_2018_analysis.csv; Hanson_etal_2018_Table3_derived.csv,0,,
Heesy__2004,7,1,0,1,Heesy__2004_Table1_snapshot.xlsx,1,Heesy__2004_Table1.csv,1,Heesy__2004_Table1,https://doi.org/10.1002/ar.a.20116
Heffner_Heffner_1992_a,9,1,0,1,Heffner_Heffner_1992_a_Table1_snapshot.csv,1,Heffner_Heffner_1992_a_Table1.csv,2,Heffner_Heffner_1992_a_Table1; Heffner_Heffner_1992_a_TableI,
Heffner_Masterton_1975,8,1,0,2,Heffner_Masterton_1975_TableI_snapshot.xlsx; pyramidal_tract_data.xlsx,1,Heffner_Masterton_1975_TableI.csv,1,Heffner_Masterton_1975_TableI,https://karger.com/bbe/article-pdf/86/3-4/145/2264694/000437413.pdf
Heffner_Masterton_1983,9,1,0,3,Heffner-1983-The role of the corticospinal tra.xlsx; Heffner_Masterton_1983_TableI_snapshot.xlsx; Heffner_Masterton_1983_Tables.xlsx,1,Heffner_Masterton_1983_TableI.csv,1,Heffner_Masterton_1983_TableI,https://karger.com/bbe/article-pdf/86/3-4/145/2264694/000437413.pdf
Heffner_etal_2020,11,1,0,1,Heffner_etal_2020_Figure3_snapshot.csv,1,Heffner_etal_2020_Figure3.csv,2,Heffner_etal_2020_Figure3,
Heiss_etal_2004,8,1,0,3,Evo_M1_Heiss_hominin_brain_expansion_dataset.csv; Evo_M1_Heiss_hominin_brain_expansion_dataset.xlsx; Heiss_etal_2004_TABLE1_snapshot.xlsx,1,Heiss_etal_2004_TABLE1.csv,1,Heiss_etal_2004_TABLE1,https://karger.com/bbe/article-pdf/86/3-4/145/2264694/000437413.pdf
Heldstab_etal_2016,8,2,0,2,Heldstab_etal_2016_TableS1.csv; Heldstab_etal_2016_TableS1_snapshot.xlsx,1,Heldstab_etal_2016.txt,1,Heldstab_etal_2016_TableS1,https://karger.com/bbe/article-pdf/86/3-4/145/2264694/000437413.pdf
HerculanoHouzel__2015,29,1,0,2,HerculanoHouzel__2015_Table1_snapshot.csv; HerculanoHouzel__2015_Table2_snapshot.csv,2,HerculanoHouzel__2015_Table1.csv; HerculanoHouzel__2015_Table2.csv,7,HerculanoHouzel__2015_Table1; HerculanoHouzel__2015_Table2; HerculanoHouzel_etal_2015_Table1; HerculanoHouzel_etal_2015_Table2; HerculanoHouzel_etal_2015_Table3; HerculanoHouzel_etal_2015_Table4; HerculanoHouzel_etal_2015_Table5,https://karger.com/bbe/article-pdf/86/3-4/145/2264694/000437413.pdf
HerculanoHouzel_etal_2013,11,1,0,2,HerculanoHouzel_etal_2013_Table1-a_snapshot.xlsx; HerculanoHouzel_etal_2013_Table1-b_snapshot.xlsx,2,HerculanoHouzel_etal_2013_Table1-a.csv; HerculanoHouzel_etal_2013_Table1-b.csv,3,HerculanoHouzel_etal_2013_Figure2TopLeft; HerculanoHouzel_etal_2013_Table1-a; HerculanoHouzel_etal_2013_Table1-b,
HerculanoHouzel_etal_2015,23,1,0,6,Herculano-Houze-2015-Mammalian Brains Are Made.xlsx; HerculanoHouzel_etal_2015_Table1_snapshot.xlsx; HerculanoHouzel_etal_2015_Table2_snapshot.xlsx; HerculanoHouzel_etal_2015_Table3_snapshot.xlsx; HerculanoHouzel_etal_2015_Table4_snapshot.xlsx; HerculanoHouzel_etal_2015_Table5_snapshot.xlsx,5,HerculanoHouzel_etal_2015_Table3.csv; HerculanoHouzel_etal_2015_Table2.csv; HerculanoHouzel_etal_2015_Table1.csv; HerculanoHouzel_etal_2015_Table5.csv; HerculanoHouzel_etal_2015_Table4.csv,7,HerculanoHouzel__2015_Table1; HerculanoHouzel__2015_Table2; HerculanoHouzel_etal_2015_Table1; HerculanoHouzel_etal_2015_Table2; HerculanoHouzel_etal_2015_Table3; HerculanoHouzel_etal_2015_Table4; HerculanoHouzel_etal_2015_Table5,https://karger.com/bbe/article-pdf/86/3-4/145/2264694/000437413.pdf
HerculanoHouzel_etal_2016,6,1,0,1,HerculanoHouzel_etal_2016_Table2_snapshot.csv,1,HerculanoHouzel_etal_2016_Table2.csv,1,HerculanoHouzel_etal_2016_Table2,
HerculanoHouzel_etal_2020,9,1,0,2,HerculanoHouzel_etal_2020_TABLE1_snapshot.csv; HerculanoHouzel_etal_2020_TABLE2_snapshot.csv,2,HerculanoHouzel_etal_2020_TABLE2.csv; HerculanoHouzel_etal_2020_TABLE1.csv,2,HerculanoHouzel_etal_2020_TABLE1; HerculanoHouzel_etal_2020_TABLE2,https://doi.org/10.1002/cne.24985
Heuer_etal_2019,11,1,0,2,Heuer_etal_2019_Table1_snapshot.xlsx; S1_QCtable_mmc1.tsv,2,Heuer_etal_2019_S1.csv; Heuer_etal_2019_Table1.csv,2,Heuer_etal_2019_S1; Heuer_etal_2019_Table1,
Heuer_etal_2023,18,1,0,11,LICENSE.author-repository.txt; elife-85907-supp1-v2.xlsx; source_data/01_cb_area_length.csv; source_data/01_cb_data.csv; source_data/02_ctx_area_length.csv; source_data/02_scale.csv; source_data/03_cb_width.csv; source_data/04_cb_period.csv; source_data/05_cb_thickness.csv; source_data/data.csv; source_data/rosetta.csv,1,Heuer_etal_2023_Data.csv,1,Heuer_etal_2023_Data,https://doi.org/10.7554/eLife.85907
Hutsler_etal_2005,26,1,0,5,Hutsler_etal_2005_Figure3_snapshot.csv; Hutsler_etal_2005_Figure6_snapshot.csv; Hutsler_etal_2005_ReportedValues_snapshot.csv; Hutsler_etal_2005_Table1_snapshot.csv; PROPOSED_species_key_rows.csv,5,Hutsler_etal_2005_Table1.csv; Hutsler_etal_2005_Figure6.csv; Hutsler_etal_2005_ReportedValues.csv; Hutsler_etal_2005_Figure3.csv; outputs/01a00701-b6a8-7343-9e6c-abf25a22eb95/Hutsler_etal_2005_build.xlsx,0,,
Isler_etal_2008,2,1,0,1,_NEEDS_PDF_AND_DATA.txt,0,,6,Isler_etal_2008_Table2; Isler_etal_2008_Table7; Isler_etal_2008_TableS1; Isler_etal_2008_TableS2; Isler_etal_2008_TableS3; Isler_etal_2008_Tree.nex,
Iwaniuk_etal_1999,16,1,0,5,10.1016%2Fs0166-4328(98)00151-x _Table1.docx; Iwaniuk-1999-Is digital dexterity really relat.docx; Iwaniuk-1999-Is digital dexterity really relat.txt; Iwaniuk-1999-Is digital dexterity really relat.xlsx; Iwaniuk_etal_1999_Table1_snapshot.xlsx,3,Iwaniuk_etal_1999_Table1.csv; Iwaniuk_etal_1999_References.csv; Iwaniuk_etal_1999_References.txt,2,Iwaniuk_etal_1999_References; Iwaniuk_etal_1999_Table1,
Iwaniuk_etal_2001,22,1,0,4,Iwaniuk_etal_2001_Table1_snapshot.xlsx; Iwaniuk_etal_2001_Table2_snapshot.xlsx; Iwaniuk_etal_2001_Table3_snapshot.xlsx; Iwaniuk_etal_2001_Table4_snapshot.xlsx,5,Iwaniuk_etal_2001.xlsx; Iwaniuk_etal_2001_Table4.csv; Iwaniuk_etal_2001_Table3.csv; Iwaniuk_etal_2001_Table2.csv; Iwaniuk_etal_2001_Table1.csv,4,Iwaniuk_etal_2001_Table1; Iwaniuk_etal_2001_Table2; Iwaniuk_etal_2001_Table3; Iwaniuk_etal_2001_Table4,
Jacob_etal_2021,23,1,0,4,Jacob_etal_2021_FIGURE4_snapshot.csv; Jacob_etal_2021_TABLE1_snapshot.csv; Jacob_etal_2021_TABLE2_snapshot.csv; Jacob_etal_2021_TABLE3_snapshot.csv,4,Jacob_etal_2021_FIGURE4.csv; Jacob_etal_2021_TABLE1.csv; Jacob_etal_2021_TABLE3.csv; Jacob_etal_2021_TABLE2.csv,4,Jacob_etal_2021_FIGURE4; Jacob_etal_2021_TABLE1; Jacob_etal_2021_TABLE2; Jacob_etal_2021_TABLE3,
Jacobs_etal_2015,6,1,0,1,Jacobs_etal_2015_Table1_snapshot.csv,1,Jacobs_etal_2015_Table1.csv,3,Jacobs_etal_2015_Table1; Jacobs_etal_2015_Table3; Jacobs_etal_2015_Table4,
Jacobs_etal_2016,6,1,0,1,Jacobs_etal_2016_Table1_snapshot.csv,1,Jacobs_etal_2016_Table1.csv,2,Jacobs_etal_2016_Table1,https://www.coloradocollege.edu/dotAsset/f0f0cd15-dac1-4695-9a39-6f7eba5810f5.pdf
Jacobs_etal_2018,13,1,0,2,Jacobs_etal_2018_Table3_snapshot.xlsx; Jacobs_etal_2018_Table5_snapshot.xlsx,2,Jacobs_etal_2018_Table3.csv; Jacobs_etal_2018_Table5.csv,2,Jacobs_etal_2018_Table3; Jacobs_etal_2018_Table5,
JardimMesseder_etal_2017,7,1,0,2,Jardim-Messeder-2017-Dogs Have the Most N_Tables.xlsx; JardimMesseder_etal_2017_Table1_snapshot.csv,1,JardimMesseder_etal_2017_Table1.csv,1,JardimMesseder_etal_2017_Table1,https://doi.org/10.3389/fnana.2017.00118
Johansen_etal_2024,8,1,0,3,Johansen_etal_2024_Table2_snapshot.xlsx; jneuro-44-e1750232024-s007.xlsx; jneuro-44-e1750232024-s008.xlsx,1,Johansen_etal_2024_Table2.csv,1,Johansen_etal_2024_Table2,
Johnson_etal_2002,2,1,0,0,,0,,1,Johnson_etal_2002_Table1,https://doi.org/10.1198/016214502753479185
Johnson_etal_2016,6,1,0,1,Johnson_etal_2016_Table1_snapshot.csv,1,Johnson_etal_2016_Table1.csv,3,Johnson_etal_2016_Table1,https://www.coloradocollege.edu/dotAsset/17493d76-5085-4a01-a757-d992278a9eaf.pdf
Jones_etal_2009,4,1,0,2,PanTHERIA_1-0_WR05_Aug2008.txt; PanTHERIA_1-0_WR93_Aug2008.txt,0,,2,Jones_etal_2009_PanTHERIA1-0WR05Aug2008.txt; Jones_etal_2009_PanTHERIA1-0WR93Aug2008.txt,
Jorstad_etal_2023,16,1,0,6,Jorstad_etal_2023_Table_S1_subclass_info.csv; Jorstad_etal_2023_Table_S5_MERFISH.csv; Jorstad_etal_2023_Table_S5_snRNA_EI.csv; Jorstad_etal_2023_Table_S5_snRNA_prop.csv; Table_S1_subclass_info.csv; Table_S5_MERFISH_snRNA_prop_EI.xlsx,0,,4,Jorstad_etal_2023_TableS1; Jorstad_etal_2023_TableS2; Jorstad_etal_2023_TableS3; Jorstad_etal_2023_TableS4,https://doi.org/10.1126/science.adf6812
Jung_etal_2022,14,2,0,5,Jung_etal_2022_Reportedresults_snapshot.xlsx; Jung_etal_2022_TableS1.csv; Jung_etal_2022_TableS1_snapshot.xlsx; Jung_etal_2022_TableS2.csv; Jung_etal_2022_TableS2_snapshot.xlsx,1,Jung_etal_2022_Reportedresults.csv,3,Jung_etal_2022_Reportedresults; Jung_etal_2022_TableS1; Jung_etal_2022_TableS2,https://www.science.org/doi/10.1126/sciadv.abn0954
Karbowski__2007,31,1,1,26,12915_2006_114_MOESM1_ESM.pdf; 12915_2006_114_MOESM1_ESM.xlsx; Karbowski__2007_TableS1.csv; Karbowski__2007_TableS10.csv; Karbowski__2007_TableS11.csv; Karbowski__2007_TableS12.csv; Karbowski__2007_TableS13.csv; Karbowski__2007_TableS14.csv; Karbowski__2007_TableS15.csv; Karbowski__2007_TableS16.csv; Karbowski__2007_TableS17.csv; Karbowski__2007_TableS18.csv; Karbowski__2007_TableS19.csv; Karbowski__2007_TableS2.csv; Karbowski__2007_TableS20.csv; Karbowski__2007_TableS21.csv; Karbowski__2007_TableS22.csv; Karbowski__2007_TableS23.csv; Karbowski__2007_TableS3.csv; Karbowski__2007_TableS4.csv; Karbowski__2007_TableS5.csv; Karbowski__2007_TableS6.csv; Karbowski__2007_TableS7.csv; Karbowski__2007_TableS8.csv; Karbowski__2007_TableS9.csv; Karbowski__2007_TablesS1-S23_snapshot.xlsx,1,Karbowski-2007-Global and regional.xlsx,24,Karbowski__2007_Table1; Karbowski__2007_TableS1; Karbowski__2007_TableS10; Karbowski__2007_TableS11; Karbowski__2007_TableS12; Karbowski__2007_TableS13; Karbowski__2007_TableS14; Karbowski__2007_TableS15; Karbowski__2007_TableS16; Karbowski__2007_TableS17; Karbowski__2007_TableS18; Karbowski__2007_TableS19; Karbowski__2007_TableS2; Karbowski__2007_TableS20; Karbowski__2007_TableS21; Karbowski__2007_TableS22; Karbowski__2007_TableS23; Karbowski__2007_TableS3; Karbowski__2007_TableS4; Karbowski__2007_TableS5; Karbowski__2007_TableS6; Karbowski__2007_TableS7; Karbowski__2007_TableS8; Karbowski__2007_TableS9,
Karl_etal_2024,5,1,0,1,Karl_etal_2024_TABLE1_snapshot.csv,1,Karl_etal_2024_TABLE1.csv,1,Karl_etal_2024_TABLE1,
Karlsen_Pakkenberg_2011,14,1,0,2,Karlsen_Pakkenberg_2011_Table2_snapshot.csv; Karlsen_Pakkenberg_2011_reported_values_snapshot.csv,4,Karlsen_Pakkenberg_2011_authordata_groupmeans.csv; Karlsen_Pakkenberg_2011_reported_values_derived.csv; Karlsen_Pakkenberg_2011_analysis.csv; Karlsen_Pakkenberg_2011_Table2_derived.csv,0,,
Kaufman__2004,52,1,0,15,Kaufman__2004_TableA10_snapshot.csv; Kaufman__2004_TableA11_snapshot.csv; Kaufman__2004_TableA12_snapshot.csv; Kaufman__2004_TableA13_snapshot.csv; Kaufman__2004_TableA14_snapshot.csv; Kaufman__2004_TableA15_snapshot.csv; Kaufman__2004_TableA1_snapshot.csv; Kaufman__2004_TableA2_snapshot.csv; Kaufman__2004_TableA3_snapshot.csv; Kaufman__2004_TableA4_snapshot.csv; Kaufman__2004_TableA5_snapshot.csv; Kaufman__2004_TableA6_snapshot.csv; Kaufman__2004_TableA7_snapshot.csv; Kaufman__2004_TableA8_snapshot.csv; Kaufman__2004_TableA9_snapshot.csv,18,Kaufman__2004_TableA8.csv; Kaufman__2004_TableA9.csv; Kaufman__2004_dissertation.xlsx; Kaufman__2004_TableA13.csv; Kaufman__2004_TableA12.csv; Kaufman__2004_TableA10.csv; Kaufman__2004_TableA11.csv; Kaufman__2004_TableA15.csv; Kaufman__2004_TableA14.csv; Kaufman__2004_TableA1.csv; Kaufman__2004_TableA2.csv; Kaufman__2004_TableA3.csv; Kaufman__2004_TableA7.csv; Kaufman__2004_TableA6.csv; Kaufman__2004_TableA4.csv; Kaufman__2004_TableA5.csv; old/Kaufman__2004_A15_comparison_mismatches.csv; old/Kaufman__2004_A15_comparison_long.csv,15,Kaufman__2004_TableA1; Kaufman__2004_TableA10; Kaufman__2004_TableA11; Kaufman__2004_TableA12; Kaufman__2004_TableA13; Kaufman__2004_TableA14; Kaufman__2004_TableA15; Kaufman__2004_TableA2; Kaufman__2004_TableA3; Kaufman__2004_TableA4; Kaufman__2004_TableA5; Kaufman__2004_TableA6; Kaufman__2004_TableA7; Kaufman__2004_TableA8; Kaufman__2004_TableA9,
Kazu_etal_2014,8,1,0,2,Kazu_etal_2014_Table1_snapshot.xlsx; PROPOSED_species_key_rows.csv,1,Kazu_etal_2014_Table1.csv,1,Kazu_etal_2014_Table1,
Kazu_etal_2015,7,1,0,1,Kazu_etal_2015_TABLE1_snapshot.xlsx,1,Kazu_etal_2015_TABLE1.csv,1,Kazu_etal_2015_TABLE1,
Kirk_Kay_2004,14,1,0,2,Kirk_Kay_2004_Table1_snapshot.csv; Kirk_Kay_2004_Table2_snapshot.csv,2,Kirk_Kay_2004_Table2.csv; Kirk_Kay_2004_Table1.csv,2,Kirk_Kay_2004_Table1; Kirk_Kay_2004_Table2,
Koay_etal_1998,8,1,0,1,Koay_etal_1998_Figure6_snapshot.csv,1,Koay_etal_1998_Figure6.csv,1,Koay_etal_1998_Figure6,
Kochiyama_etal_2018,39,1,1,14,10.1038%2Fs41598-018-24331-0_Figure3A.tsv; 10.1038%2Fs41598-018-24331-0_Figure3B.tsv; 41598_2018_24331_MOESM1_ESM.pdf; Kochiyama_etal_2018_ExtendedDataFigure4_snapshot.csv; Kochiyama_etal_2018_ExtendedDataTable1_snapshot.csv; Kochiyama_etal_2018_ExtendedDataTable3_snapshot.csv; Kochiyama_etal_2018_Figure3A_snapshot.csv; Kochiyama_etal_2018_Figure3B_snapshot.csv; Kochiyama_etal_2018_Figure3_snapshot.csv; Kochiyama_etal_2018_Figure3legend_snapshot.csv; Kochiyama_etal_2018_FossilSpecimensText_snapshot.csv; material_other_sources/Kochiyama_brain_tissue_vs_published_volumes.xlsx; material_other_sources/Kochiyama_cross_check_audit.xlsx; material_other_sources/Kochiyama_fossil_demographics_journal_sources.xlsx,10,Kochiyama_etal_2018_FossilSpecimensText_groupmeans.csv; Kochiyama_etal_2018_ExtendedDataTable1.csv; Kochiyama_etal_2018_ExtendedDataTable3.csv; Kochiyama_etal_2018_Figure3A.csv; Kochiyama_etal_2018_Figure3B.csv; Kochiyama_etal_2018_FossilSpecimensText.csv; Kochiyama_etal_2018_Figure3legend.csv; Kochiyama_etal_2018_FossilSpecimensText_dateReferences.csv; Kochiyama_etal_2018_relative_volumes_reconciled.csv; Kochiyama_etal_2018_ExtendedDataFigure4.csv,7,Kochiyama_etal_2018_ExtendedDataFigure4; Kochiyama_etal_2018_ExtendedDataTable1; Kochiyama_etal_2018_ExtendedDataTable3; Kochiyama_etal_2018_Figure3A; Kochiyama_etal_2018_Figure3B; Kochiyama_etal_2018_Figure3legend; Kochiyama_etal_2018_FossilSpecimensText,
Krompecher_Lipak_1966,6,1,0,1,Krompecher_Lipak_1966_Table2_snapshot.csv,1,Krompecher_Lipak_1966_Table2.csv,1,Krompecher_Lipak_1966_Table2,
Krubitzer_Kaas_1990,6,1,0,1,Krubitzer_Kaas_1990_Table1_snapshot.csv,1,Krubitzer_Kaas_1990_Table1.csv,1,Krubitzer_Kaas_1990_Table1,
Kverkova_etal_2018,17,1,0,8,41598_2018_26062_MOESM1_ESM.docx; 41598_2018_26062_MOESM2_ESM.xls; Kverkova-2018-Sociality does not d.xlsx; Kverkova_etal_2018_Table1_snapshot.xlsx; Kverkova_etal_2018_TableS1.csv; Kverkova_etal_2018_TableS1_snapshot.xlsx; Kverkova_etal_2018_TableS5.csv; Kverkova_etal_2018_TableS5_snapshot.csv,1,Kverkova_etal_2018_Table1.csv,3,Kverkova_etal_2018_Table1; Kverkova_etal_2018_TableS1; Kverkova_etal_2018_TableS5,https://static-content.springer.com/esm/art%3A10.1038%2Fs41598-018-26062-8/MediaObjects/41598_2018_26062_MOESM1_ESM.docx
Latimer__1942,6,1,0,1,Latimer__1942_TABLEI_snapshot.csv,1,Latimer__1942_TABLEI.csv,1,Latimer__1942_TABLEI,
Latimer__1956,7,1,0,1,Latimer__1956_Table2_snapshot.csv,2,Latimer__1956_Table2.csv; Latimer-1956-The Weights of the Parts of the B.xlsx,1,Latimer__1956_Table2,
Lewitus_etal_2013,8,1,0,2,Lewitus_etal_2013_TableS2partial.csv; Lewitus_etal_2013_TableS2partial_snapshot.xlsx,0,,1,Lewitus_etal_2013_TableS2partial,
Lewitus_etal_2014,17,1,0,8,Lewitus_etal_2014_TableS1.csv; Lewitus_etal_2014_TableS1_snapshot.xlsx; Lewitus_etal_2014_TableS8.csv; Lewitus_etal_2014_TableS8_snapshot.xlsx; pbio.1002000.s013.xlsx; pbio.1002000.s014.xlsx; pbio.1002000.s020.xlsx; pbio.1002000.s021.doc,0,,2,Lewitus_etal_2014_TableS1; Lewitus_etal_2014_TableS8,
Liu_etal_2016,8,1,1,3,Liu_etal_2016_TableS1.csv; Liu_etal_2016_TableS1_snapshot.xlsx; rspb20161923_si_001.pdf,0,,1,Liu_etal_2016_TableS1,
Lyamin_etal_2008,11,1,0,2,Lyamin_etal_2008_Table1_snapshot.csv; Lyamin_etal_2008_Table2_snapshot.csv,2,Lyamin_etal_2008_Table1.csv; Lyamin_etal_2008_Table2.csv,2,Lyamin_etal_2008_Table1; Lyamin_etal_2008_Table2,
MacLarnon__1996,5,1,0,1,MacLarnon__1996_Table1_snapshot.xlsx,1,MacLarnon__1996_Table1.csv,1,MacLarnon__1996_Table1,
MacLeod__2000,5,1,0,2,MacLeod__2000_APPENDIXI.csv; MacLeod__2000_APPENDIXI_snapshot.xlsx,0,,1,MacLeod__2000_APPENDIXI,
MacLeod_etal_2003,10,1,0,2,MacLeod_etal_2003_Table1_snapshot.csv; MacLeod_etal_2003_Table2_snapshot.csv,2,MacLeod_etal_2003_Table1.csv; MacLeod_etal_2003_Table2.csv,2,MacLeod_etal_2003_Table1; MacLeod_etal_2003_Table2,
Mackes_etal_2020,8,1,0,0,,3,Mackes_etal_2020_ERABIS_derived.csv; Mackes_etal_2020_analysis.csv; Mackes_etal_2020_subcortical_derived.csv,0,,
Manger__2006,5,1,0,1,Manger__2006_Table1_snapshot.csv,1,Manger__2006_Table1.csv,1,Manger__2006_Table1,
ManyPrimates__2022,8,1,0,3,ManyPrimates__2022_speciespredictors_snapshot.xlsx; ManyPrimates_etal_2022.txt; species_predictors.xlsx,1,ManyPrimates__2022_speciespredictors.csv,1,ManyPrimates__2022_speciespredictors,https://github.com/ManyPrimates/mp1_short_term_memory/raw/master/data/species_predictors.xlsx
Matano__1986,6,1,0,1,Matano__1986_TableI_snapshot.xlsx,1,Matano__1986_TableI.csv,1,Matano__1986_TableI,
Matano__1992,18,1,0,4,Matano__1992_Table1_snapshot.csv; Matano__1992_Table2_snapshot.csv; Matano__1992_Table3_snapshot.csv; Matano__1992_Table4_snapshot.csv,4,Matano__1992_Table1.csv; Matano__1992_Table2.csv; Matano__1992_Table3.csv; Matano__1992_Table4.csv,4,Matano__1992_Table1; Matano__1992_Table2; Matano__1992_Table3; Matano__1992_Table4,
Matano__2001,6,1,0,1,Matano__2001_TABLE2_snapshot.xlsx,2,Matano__2001_TABLE2.csv; Matano-2001-Brief communication_ Proportions o.xlsx,1,Matano__2001_TABLE2,
Matano_etal_1985_a,7,1,0,2,Matano-1985-Volume comparisons i 2.xlsx; Matano_etal_1985_a_Table1_snapshot.xlsx,1,Matano_etal_1985_a_Table1.csv,2,Matano_etal_1985_a_Table1; Matano_etal_1985_b_Table1,
Matano_etal_1985_b,7,1,0,2,Matano-1985-Volume comparisons i.xlsx; Matano_etal_1985_b_Table1_snapshot.xlsx,1,Matano_etal_1985_b_Table1.csv,2,Matano_etal_1985_a_Table1; Matano_etal_1985_b_Table1,
McGuire_Ratcliffe_2011,1,0,0,0,,0,,1,"McGuire_Ratcliffe_2011_ElectronicSupplementaryMaterial1,Table1",https://doi.org/10.1098/rsbl.2010.0744
MedinaGonzález__2026,15,1,0,6,MedinaGonzález__2026_SupplementaryFile1.csv; MedinaGonzález__2026_SupplementaryFile2.csv; MedinaGonzález__2026_SupplementaryFile3.csv; jez70069-sup-0001-supplementary_file_1.xlsx; jez70069-sup-0002-supplementary_file_2.xlsx; jez70069-sup-0003-supplementary_file_3.xlsx,0,,3,MedinaGonzález__2026_SupplementaryFile1; MedinaGonzález__2026_SupplementaryFile2; MedinaGonzález__2026_SupplementaryFile3,
Morgan_etal_2014,8,1,0,2,Morgan_etal_2014_DataS1_derived.csv; Morgan_etal_2014_DataS1_snapshot.xlsx,1,Morgan_etal_2014_analysis.csv,0,,
Mota_etal_2015,8,2,0,3,Mota_etal_2015_TableS1.csv; Mota_etal_2015_TableS1_snapshot.xlsx; mota.sm.xlsx,0,,1,Mota_Herculano-Houzel_2015_TableS1,
Mota_etal_2019,7,2,0,3,Mota_etal_2019_SupplementaryTableS1.csv; Mota_etal_2019_SupplementaryTableS1.xlsx; pnas.1716956116.sd01.docx,0,,1,Mota_etal_2019_SupplementaryTableS1,
Myhrvold_etal_2015,15,1,1,13,Data_Files/Amniote_Database_Aug_2015.csv; Data_Files/Amniote_Database_References_Aug_2015.csv; Data_Files/Amniote_Range_Count_Aug_2015.csv; Data_Files/Amniote_Sparse_Table_Aug_2015.csv; Supplemental_Materials/Supplemental_Table_1_Database_Literature_Cited.pdf; Supplemental_Materials/Supplemental_Table_2_Reference_Counts.csv; Supplemental_Materials/Supplemental_Table_3_Aves_Name_Transformations.csv; Supplemental_Materials/Supplemental_Table_4_Mammalia_Name_Transformations.csv; Supplemental_Materials/Supplemental_Table_5_Reptilia_Name_Transformations.csv; Supplemental_Materials/Supplemental_Table_6_Aves_Synonyms.csv; Supplemental_Materials/Supplemental_Table_7_Mammalia_Synonyms.csv; Supplemental_Materials/Supplemental_Table_8_Reptilia_Synonyms.csv; Supplemental_Materials/Supplemental_Table_9_Dataset_Field_Information.csv,0,,4,Myhrvold_etal_2015_AmnioteDatabaseAug2015.csv; Myhrvold_etal_2015_AmnioteDatabaseReferencesAug2015.csv; Myhrvold_etal_2015_AmnioteRangeCountAug2015.csv; Myhrvold_etal_2015_AmnioteSparseTableAug2015.csv,
Navarrete_etal_2016,7,1,0,2,ESMNavarreteReaderStreetWhalenLaland_dataset.csv; doi_10_5061_dryad_dk10k__v20170129.zip,1,Navarrete_etal_2016_Data.csv,1,Navarrete_etal_2016_Data,
Nguyen_etal_2019,7,1,0,1,Nguyen_etal_2019_Table2_snapshot.csv,1,Nguyen_etal_2019_Table2.csv,1,Nguyen_etal_2019_Table2,
Nudo_etal_1995,28,1,0,6,Nudo_etal_1995_TABLE1_snapshot.xlsx; Nudo_etal_1995_TABLE2_snapshot.xlsx; Nudo_etal_1995_TABLE3_snapshot.xlsx; Nudo_etal_1995_TABLE4_snapshot.xlsx; Nudo_etal_1995_TABLE5_snapshot.xlsx; PROPOSED_species_key_rows.csv,5,Nudo_etal_1995_TABLE3.csv; Nudo_etal_1995_TABLE2.csv; Nudo_etal_1995_TABLE1.csv; Nudo_etal_1995_TABLE5.csv; Nudo_etal_1995_TABLE4.csv,5,Nudo_etal_1995_TABLE1; Nudo_etal_1995_TABLE2; Nudo_etal_1995_TABLE3; Nudo_etal_1995_TABLE4; Nudo_etal_1995_TABLE5,
Olkowicz_etal_2016,6,1,0,2,Olkowicz_etal_2016_DatasetS1.csv; pnas.1517131113.sd01.source.zip,0,,1,Olkowicz_etal_2016_DatasetS1,
PalomeroGallagher_Zilles_2018,8,1,0,4,1-s2.0-S0010945218302958-mmc1.xlsx; PalomeroGallagher_Zilles_2018_TableS3.csv; PalomeroGallagher_Zilles_2018_TableS3_registry_row.xlsx; PalomeroGallagher_Zilles_2018_TableS3_snapshot.xlsx,0,,1,PalomeroGallagher_Zilles_2018_TableS3,
Peruffo_etal_2019,6,1,0,1,Peruffo_etal_2019_Table2_snapshot.csv,1,Peruffo_etal_2019_Table2.csv,3,Peruffo_etal_2019_Table2,https://link.springer.com/content/pdf/10.1007/s00429-019-01885-x.pdf
Powell_etal_2017,7,1,0,3,Powell_etal_2017_Dataset1.csv; Powell_etal_2017_Dataset1_snapshot.xlsx; rspb20171765_si_002.xlsx,1,Powell_etal_2017.txt,1,Powell_etal_2017_Dataset1,https://figshare.com/ndownloader/files/9479092
Reader_Laland_2002,2,1,0,0,,0,,0,,
Reader_etal_2011,8,1,1,3,Data_ReaderHagerLalandPhilTrans2011.csv; ESM_ReaderHagerLalandPhilTrans2011_rstb20100342supp1.pdf; README_for_Data_ReaderHagerLalandPhilTrans2011.txt,1,Reader_etal_2011_Data.csv,1,Reader_etal_2011_Data,
Reep_etal_2007,6,1,0,1,Reep_etal_2007_Table1_snapshot.xlsx,1,Reep_etal_2007_Table1.csv,1,Reep_etal_2007_Table1,https://doi.org/10.1159/000101491
Ribeiro_etal_2013,8,1,0,2,PROPOSED_species_key_rows.csv; Ribeiro_etal_2013_Table1_snapshot.xlsx,1,Ribeiro_etal_2013_Table1.csv,1,Ribeiro_etal_2013_Table1,
Rilling_Insel_1998,4,1,0,0,,2,Rilling_Insel_1998_Table1.csv; rilling_insel_1998.xlsx,1,Rilling_Insel_1998_Table1,
Rilling_Insel_1999,5,1,0,1,Rilling_Insel_1999_Table1_snapshot.xlsx,2,Rilling_Insel_1999_Table1.csv; rilling_insel_1999.xlsx,1,Rilling_Insel_1999_Table1,
Ruf_Geiser_2015,6,1,0,1,Ruf_Geiser_2015_Table1_snapshot.csv,1,Ruf_Geiser_2015_Table1.csv,1,Ruf_Geiser_2015_Table1,
Schleifenbaum__1973,8,1,0,3,Schleifenbaum__1973_Table1_snapshot.csv; Schleifenbaum__1973_Table2_snapshot.csv; Schleifenbaum__1973_Tables1-2.csv,0,,1,Schleifenbaum__1973_Tables1-2,
Schniter_Penaherrera-Aguirre_2026,7,1,0,2,Schniter_Penaherrera-Aguirre_2026_data_snapshot.xlsx; ZenodoData_April2026.xlsx,1,Schniter_Penaherrera-Aguirre_2026_data.csv,1,Schniter_Penaherrera-Aguirre_2026_data,
Semendeferi_Damasio_2000,6,1,0,1,Semendeferi_Damasio_2000_Table2_snapshot.xlsx,1,Semendeferi_Damasio_2000_Table2.csv,1,Semendeferi_Damasio_2000_Table2,
Semendeferi_etal_1998,11,1,0,2,Semendeferi_etal_1998_TABLE2_snapshot.csv; Semendeferi_etal_1998_TABLE4_snapshot.csv,2,Semendeferi_etal_1998_TABLE4.csv; Semendeferi_etal_1998_TABLE2.csv,3,Semendeferi_etal_1998_TABLE2; Semendeferi_etal_1998_TABLE4; Semendeferi_etal_1998_TABLE5,
Semendeferi_etal_2001,12,1,0,2,Semendeferi_etal_2001_TABLE2_snapshot.csv; Semendeferi_etal_2001_TABLE3_snapshot.csv,3,semendeferi_etal_2001.xlsx; Semendeferi_etal_2001_TABLE3.csv; Semendeferi_etal_2001_TABLE2.csv,3,Semendeferi_etal_2001_TABLE2; Semendeferi_etal_2001_TABLE3; Semendeferi_etal_2001_TABLE4,
Semendeferi_etal_2002,7,1,0,1,Semendeferi_etal_2002_Table1_snapshot.csv,2,Semendeferi_etal_2002_Table1.csv; semendeferi_etal_2002.xlsx,1,Semendeferi_etal_2002_Table1,
Seymour_etal_2015,8,1,0,4,Seymour_etal_2015_TableS1.csv; Seymour_etal_2015_TableS1_references.csv; Seymour_etal_2015_TableS1_snapshot.xlsx; TableS1.xlsx,0,,1,Seymour_etal_2015_TableS1,
Seymour_etal_2017,10,2,0,4,Seymour_etal_2017_TableS1.csv; Seymour_etal_2017_TableS1_snapshot.xlsx; erred/Seymour_etal_2016/rsos160305supp1.docx; rsos170846supp1.docx,0,,1,Seymour_etal_2017_TableS1,
Seymour_etal_2019,7,1,0,2,Seymour_etal_2019_rspb20192208si002_snapshot.xlsx; rspb20192208_si_002.xlsx,1,Seymour_etal_2019_rspb20192208si002.csv,1,Seymour_etal_2019_rspb20192208si002,
Sherwood_etal_2003,6,1,0,1,Sherwood_etal_2003_Table1_snapshot.xlsx,1,Sherwood_etal_2003_Table1.csv,1,Sherwood_etal_2003_Table1,
Sherwood_etal_2004,8,1,0,2,Sherwood_etal_2004_TABLEI_snapshot.xlsx; Sherwood_etal_2004_unpublishedviaDeCasien_snapshot.xlsx,2,Sherwood_etal_2004_TABLEI.csv; Sherwood_etal_2004_unpublishedviaDeCasien.csv,4,Sherwood_etal_2004_I_Table4; Sherwood_etal_2004_I_Table5; Sherwood_etal_2004_TABLEI; Sherwood_etal_2004_unpublishedviaDeCasien,
Sherwood_etal_2004_I,11,1,0,3,Sherwood_etal_2004_I_Table4_snapshot.csv; Sherwood_etal_2004_I_Table5_snapshot.csv; Sherwood_etal_2004_l.xlsx,3,Sherwood_etal_2004_I_Table4.csv; Sherwood_etal_2004_I_Table5.csv; Sherwood_etal_2004_I.txt,4,Sherwood_etal_2004_I_Table4; Sherwood_etal_2004_I_Table5; Sherwood_etal_2004_TABLEI; Sherwood_etal_2004_unpublishedviaDeCasien,
Sherwood_etal_2005,7,1,0,1,Sherwood_etal_2005_Table1_snapshot.csv,1,Sherwood_etal_2005_Table1.csv,1,Sherwood_etal_2005_Table1,
Shultz_Dunbar_2010,1,0,0,0,,0,,1,Shultz_Dunbar_2010_TableS1,https://doi.org/10.1037/a0018894.supp
Smaers_Soligo_2013,6,2,3,3,rspb20130269supp1.pdf; rspb20130269supp2.pdf; rspb20130269supp3.pdf,0,,1,Smaers_Soligo_2013_Supplement,
Smaers_etal_2010,7,1,0,1,Smaers_etal_2010_Table1_snapshot.csv,2,Smaers_etal_2010_Table1.csv; Smaers_etal_2010_Table1_Stephan_specimen_data_via_Frahm.csv,1,Smaers_etal_2010_Table1,
Smaers_etal_2011,13,1,1,6,000323671_sm_suppltables.pdf; 000323671_sm_suppltables.xlsx; Smaers_etal_2011_SupplementaryTable1.csv; Smaers_etal_2011_SupplementaryTable1_snapshot.csv; Smaers_etal_2011_SupplementaryTable2.csv; Smaers_etal_2011_SupplementaryTable2_snapshot.csv,0,,2,Smaers_etal_2011_SupplementaryTable1; Smaers_etal_2011_SupplementaryTable2,
Smaers_etal_2017,31,5,0,13,ScienceDirect_files_18Sep2024_19-25-07.053.zip; Smaers_etal_2017_TableS1_primary_sources.csv; Smaers_etal_2017_TableS1part1.csv; Smaers_etal_2017_TableS1part1_snapshot.xlsx; Smaers_etal_2017_TableS1part2.csv; Smaers_etal_2017_TableS1part2_snapshot.xlsx; Smaers_mmc1.xlsx; __ReadMe_rows_to_add_Smaers2017.csv; _superseded_single_table/Smaers_etal_2017_TableS1.csv; _superseded_single_table/Smaers_etal_2017_TableS1_snapshot.csv; primary_source_checks/check_primaryvisual_vs_deSousa2010.csv; primary_source_checks/frontal_lobe_partition_check.csv; primary_source_checks/species_name_changes_2011_to_2017.csv,2,primary_source_checks/Smaers_etal_2017_attributed_long.csv; _superseded_single_table/Smaers_etal_2017_definitions_SUPERSEDED.txt,2,Smaers_etal_2017_TableS1part1; Smaers_etal_2017_TableS1part2,
Smaers_etal_2018,6,1,0,1,elife-35696-fig2-data1-v2.docx,1,Smaers_etal_2018_Figure2-data1.csv,1,Smaers_etal_2018_Figure2-data1,
Stephan_Pirlot_1970,6,1,0,1,Stephan_Pirlot_1970_Table1_snapshot.xlsx,1,Stephan_Pirlot_1970_Table1.csv,8,Stephan_Pirlot_1970_Table1; Stephan_etal_1970_TABLE1; Stephan_etal_1970_TABLE2; Stephan_etal_1970_TABLE3; Stephan_etal_1970_TABLE4; Stephan_etal_1970_TABLE5; Stephan_etal_1970_TABLE6; Stephan_etal_1970_Tables1-6,https://doi.org/10.1111/j.1439-0469.1970.tb00876.x
Stephan_etal_1970,37,1,0,11,Stephan_etal_1970_Table1_snapshot.csv; Stephan_etal_1970_Table2_snapshot.csv; Stephan_etal_1970_Table3_snapshot.csv; Stephan_etal_1970_Table4_snapshot.csv; Stephan_etal_1970_Table5_snapshot.csv; Stephan_etal_1970_Table6_snapshot.csv; Stephan_etal_1970_Tables1-3_snapshot.csv; Stephan_etal_1970_Tables1-3_snapshot_DRAFT.csv; Stephan_etal_1970_Tables1-6.csv; Stephan_etal_1970_Tables4-6_snapshot.csv; Stephan_etal_1970_Tables4-6_snapshot_DRAFT.csv,9,Stephan_etal_1970_Table1.csv; Stephan_etal_1970_Table2.csv; Stephan_etal_1970_Table3.csv; Stephan_etal_1970_rawtext_DRAFT.txt; Stephan_etal_1970_Table6.csv; Stephan_etal_1970_Table4.csv; Stephan_etal_1970_Table5.csv; stephan_etal_1970.xlsx; Stephan_etal_1970_crosstable_QA.csv,8,Stephan_Pirlot_1970_Table1; Stephan_etal_1970_TABLE1; Stephan_etal_1970_TABLE2; Stephan_etal_1970_TABLE3; Stephan_etal_1970_TABLE4; Stephan_etal_1970_TABLE5; Stephan_etal_1970_TABLE6; Stephan_etal_1970_Tables1-6,https://doi.org/10.1111/j.1439-0469.1970.tb00876.x
Stephan_etal_1981,54,1,0,17,Stephan-1981-New and revised data.xlsx; Stephan_etal_1981_TableIII_snapshot.xlsx; Stephan_etal_1981_TableII_snapshot.xlsx; Stephan_etal_1981_TableIV_snapshot.xlsx; Stephan_etal_1981_TableIX_snapshot.xlsx; Stephan_etal_1981_TableI_snapshot.xlsx; Stephan_etal_1981_TableVIII_snapshot.xlsx; Stephan_etal_1981_TableVII_snapshot.xlsx; Stephan_etal_1981_TableVI_snapshot.xlsx; Stephan_etal_1981_TableV_snapshot.xlsx; Stephan_etal_1981_TableXIII_snapshot.xlsx; Stephan_etal_1981_TableXII_snapshot.xlsx; Stephan_etal_1981_TableXIV_snapshot.xlsx; Stephan_etal_1981_TableXI_snapshot.xlsx; Stephan_etal_1981_TableXVI_snapshot.xlsx; Stephan_etal_1981_TableXV_snapshot.xlsx; Stephan_etal_1981_TableX_snapshot.xlsx,17,Stephan_etal_1981_TableIV.csv; Stephan_etal_1981_TableXVI.csv; Stephan_etal_1981_TableI.csv; Stephan_etal_1981_TableVIII.csv; Stephan_etal_1981_TableXIII.csv; Stephan_etal_1981_crosstable_QA.csv; Stephan_etal_1981_TableX.csv; Stephan_etal_1981_TableXI.csv; Stephan_etal_1981_TableXII.csv; Stephan_etal_1981_TableIII.csv; Stephan_etal_1981_TableVI.csv; Stephan_etal_1981_TableXIV.csv; Stephan_etal_1981_TableXV.csv; Stephan_etal_1981_TableVII.csv; Stephan_etal_1981_TableII.csv; Stephan_etal_1981_TableV.csv; Stephan_etal_1981_TableIX.csv,16,Stephan_etal_1981_TableI; Stephan_etal_1981_TableII; Stephan_etal_1981_TableIII; Stephan_etal_1981_TableIV; Stephan_etal_1981_TableIX; Stephan_etal_1981_TableV; Stephan_etal_1981_TableVI; Stephan_etal_1981_TableVII; Stephan_etal_1981_TableVIII; Stephan_etal_1981_TableX; Stephan_etal_1981_TableXI; Stephan_etal_1981_TableXII; Stephan_etal_1981_TableXIII; Stephan_etal_1981_TableXIV; Stephan_etal_1981_TableXV; Stephan_etal_1981_TableXVI,
Stephan_etal_1982,7,1,0,1,Stephan_etal_1982_Table1_snapshot.xlsx,2,Stephan_etal_1982_Table1.csv; Stephan_etal_1982_exportMSexcel.xlsx,1,Stephan_etal_1982_Table1,
Stephan_etal_1984,6,1,0,1,Stephan_etal_1984_Table1_snapshot.xlsx,1,Stephan_etal_1984_Table1.csv,1,Stephan_etal_1984_Table1,
Stephan_etal_1987,12,1,0,3,Stephan_etal_1987_Table1_snapshot.csv; Stephan_etal_1987_Table1_snapshot.xlsx; Stephan_etal_1987_Table2_snapshot.csv,2,Stephan_etal_1987_Table1.csv; Stephan_etal_1987_Table2.csv,1,Stephan_etal_1987_Table1,
Stephan_etal_1988,7,1,0,1,Stephan_etal_1988_Table1_snapshot.xlsx,2,stephan_etal_1988.xlsx; Stephan_etal_1988_Table1.csv,1,Stephan_etal_1988_TABLE1,
Stephan_etal_1991,3,0,1,3,stephan_etal_1991_Insectivora book tables (1).xlsx; stephan_etal_1991_Insectivora book tables.pdf; stephan_etal_1991_Insectivora book tables.xlsx,0,,25,Stephan_etal_1991_Table10; Stephan_etal_1991_Table13; Stephan_etal_1991_Table16; Stephan_etal_1991_Table19; Stephan_etal_1991_Table2; Stephan_etal_1991_Table22; Stephan_etal_1991_Table25; Stephan_etal_1991_Table28; Stephan_etal_1991_Table31; Stephan_etal_1991_Table34; Stephan_etal_1991_Table37; Stephan_etal_1991_Table40; Stephan_etal_1991_Table43; Stephan_etal_1991_Table46; Stephan_etal_1991_Table49; Stephan_etal_1991_Table5; Stephan_etal_1991_Table52; Stephan_etal_1991_Table55; Stephan_etal_1991_Table58; Stephan_etal_1991_Table61; Stephan_etal_1991_Table64; Stephan_etal_1991_Table65; Stephan_etal_1991_Table68; Stephan_etal_1991_Table71; Stephan_etal_1991_Table8,
Stimpson_etal_2015,9,1,0,6,Stimpson_Table_S1_revision.docx; Stimpson_Table_S2_revision.docx; Stimpson_etal_2015_TableS1.csv; Stimpson_etal_2015_TableS1_snapshot.xlsx; Stimpson_etal_2015_TableS2.csv; Stimpson_etal_2015_TableS2_snapshot.xlsx,0,,2,Stimpson_etal_2015_TableS1; Stimpson_etal_2015_TableS2,
Todorov_etal_2019,10,1,0,3,rspb20191712_si_001.zip; rspb20191712_si_001/dimorph_tree.txt; rspb20191712_si_001/dimorphdata.csv,1,Todorov_etal_2019_rspb20191712si001.csv,1,Todorov_etal_2019_rspb20191712si001,
Turner_etal_2016,8,1,0,1,Turner_etal_2016_Table1_snapshot.xlsx,3,Turner_etal_2016_Table1.csv; Turner_etal_2016.xls; Turner_etal_2016.csv,1,Turner_etal_2016_Table1,
Upham_etal_2019,8,0,0,1,tree-pruner-c6bf9145-c340-4f1b-af34-80a6cca23c8c.zip,1,Upham_etal_2019_DNAonlyMCC.csv,2,Upham_etal_2019_Completed100; Upham_etal_2019_DNAonlyMCC,
VanEssen_Drury_1997,6,1,0,1,VanEssen_Drury_1997_Table1_snapshot.xlsx,1,VanEssen_Drury_1997_Table1.csv,1,VanEssen_Drury_1997_Table1,
Veilleux_Kirk_2014,11,2,0,2,Veilleux_Kirk_2014_SupplementalTable1.csv; Veilleux_Kirk_2014_SupplementalTable1_snapshot.csv,0,,1,Veilleux_Kirk_2014_SupplementalTable1,https://doi.org/10.1159/000357830
Walhovd_etal_2011,8,1,0,1,Walhovd_etal_2011_normative_snapshot.csv,2,Walhovd_etal_2011_analysis.csv; Walhovd_etal_2011_derived.csv,0,,
Weaver__2001,16,1,0,3,Weaver__2001_NotesforTableA-15_snapshot.csv; Weaver__2001_TableA-11_snapshot.csv; Weaver__2001_TableA-15_snapshot.csv,3,Weaver__2001_TableA-15.csv; Weaver__2001_NotesforTableA-15.csv; Weaver__2001_TableA-11.csv,3,Weaver__2001_NotesforTableA-15; Weaver__2001_TableA-11; Weaver__2001_TableA-15,
Weaver__2005,2,1,0,0,,0,,0,,
Weibel_etal_2004,9,1,0,1,Weibel_etal_2004_Tables_snapshot.xlsx,2,Weibel_etal_2004_Table1.csv; Weibel_etal_2004_TableA.1.csv,2,Weibel_etal_2004_Table1; Weibel_etal_2004_TableA.1,
Wilman_etal_2014,8,1,0,3,MamFuncDat.txt; MamFuncDatSources.txt; Wilman_etal_2014_MamFuncDat_snapshot.xlsx,1,Wilman_etal_2014_MamFuncDat.csv,1,Wilman_etal_2014_MamFuncDat,
Wimberly_etal_2021,7,1,0,2,Wimberly_etal_2021_MammalGait_snapshot.xlsx; mammal_gait.txt,1,Wimberly_etal_2021_MammalGait.csv,1,Wimberly_etal_2021_MammalGait,
Winkler_Bryant_2021,6,1,0,1,Winkler_Bryant_2021_Figure1_snapshot.xlsx,1,Winkler_Bryant_2021_Figure1.csv,2,Winkler_Bryant_2021_Figure1,
Young_etal_2013,8,1,0,1,Young_etal_2013_Table1_snapshot.xlsx,3,Young_etal_2013.txt; Young_etal_2013_Table1.csv; Young_etal_2013.xlsx,4,Young_etal_2013_Table1; Young_etal_2013_b_Table1,
Young_etal_2013_b,7,2,0,1,Young_etal_2013_b_Table1_snapshot.xlsx,1,Young_etal_2013_b_Table1.csv,4,Young_etal_2013_Table1; Young_etal_2013_b_Table1,
Zilles_Rehkämper_1988,7,1,0,2,Zilles_Rehkämper_1988_Table12-2.csv; Zilles_Rehkämper_1988_Table12-2_snapshot.xlsx,1,zilles_rehkamper_1988.xlsx,2,Zilles_Rehkämper_1988_Table12-2; Zilles_Rehkämper_1988_Table12-3,
Zilles_etal_2013,6,1,0,1,Zilles_etal_2013_Table1_snapshot.xlsx,1,Zilles_etal_2013_Table1.csv,2,Zilles_etal_2013_Table1,
deJager_etal_2022,7,1,0,0,,3,deJager_etal_2022_calibration_check.csv; deJager_etal_2022_calibration.csv; deJager_etal_2022_Table1.csv,1,deJager_etal_2022_Table1,
deMagalhaes_etal_2024,3,1,0,1,anage_data.txt,0,,1,deMagalhães_etal_2024_anagedata.txt,
deSousa_etal_2009,12,1,0,2,deSousa_etal_2009_Table1_snapshot.xlsx; deSousa_etal_2009_Table2_snapshot.csv,2,deSousa_etal_2009_Table1.csv; deSousa_etal_2009_Table2.csv,2,deSousa_etal_2009_Table1; deSousa_etal_2009_Table2,https://doi.org/10.1093/cercor/bhp158
deSousa_etal_2010,18,1,0,5,1-s2.0-S0047248410000023-mmc1.xls; 1-s2.0-S0047248410000023-mmc2.doc; Sup Table 2 Species Means_corrected.xlsx; deSousa_etal_2010_SupTable2_snapshot.xlsx; deSousa_etal_2010_Table1_snapshot.xlsx,4,deSousa_etal_2010.xlsx; deSousa_etal_2010_SupTable2.csv; deSousa_etal_2010_V1LGN.csv; deSousa_etal_2010_Table1.csv,2,deSousa_etal_2010_SupTable2; deSousa_etal_2010_Table1,https://doi.org/10.1016/j.jhevol.2009.11.011
deSousa_etal_2013,8,1,0,2,deSousa_etal_2013_Table1_snapshot.csv; deSousa_etal_2013_Table1_snapshot.xlsx,1,deSousa_etal_2013_Table1.csv,1,deSousa_etal_2013_Table1,
deSousa_etal_2022,9,1,0,4,1-s2.0-S0149763422000392-mmc1.docx; 1-s2.0-S0149763422000392-mmc3.xlsx; 1-s2.0-S0149763422000392-mmc4.xlsx; acuityblind.csv,1,deSousa_etal_2022_acuityblind.csv.csv,1,deSousa_etal_2022_acuityblind.csv,
handoff,0,0,0,0,,0,,0,,
